22  serialization::archive   3   4   4   4 264   0 267   0   0   0
     2     0  576.40259   0  ....levels and table1float
# =====================================================================
#                               Table 1                                
# =====================================================================
[ nblocks =   5 ]    0
 -62.5218086243   -2.3561747074   32.1915473938     2     2     2    -1    -1     2     1    -1     2     2    -1     3     2    -1    -1     0    -1    short pad:   0
                                                                                                                 -345.6243286133   -1.3009999990 -238.3870544434  220.5750274658   52.5144882202   79.7970199585 
-206.6224517822  141.7444763184 -111.9091033936     2     2     2    -1     2     2    -1    -1     2     2    -1    -1     2    -1    -1     1    -1   14.3487110138   14.2985372543 -118.2487564087   37.1396026611   52.5144882202 -104.0687026978 # Row no.1
-278.6727905273   69.6941452026  -39.8587760925     2     2     2    -1    -1     2    -1    -1     2     2    -1    -1     2    -1    -1     2     0   14.3487110138   14.2985372543 -118.2487564087   37.1396026611   52.5144882202 -104.0687026978 # Row no.2
  81.5788421631 -146.4568176270  176.2921905518     2     2     2    -1    -1     2    -1    -1     2     2    -1    -1     2     4    -1     1    -1 -345.6243286133   -1.3009999990 -238.3870544434  220.5750274658   44.7795028687   79.7970199585 # Row no.3
 153.6291656494  -74.4065017700  104.2418670654     2     2     2    -1    -1     2    -1    -1     2     2    -1    -1     2    -1    -1     2     1 -345.6243286133   -1.3009999990 -238.3870544434  220.5750274658   44.7795028687   79.7970199585 # Row no.4
# =====================================================================
#                               Table 2                                
# =====================================================================
short pad   0 [ nobjects =  33 ]    0
    0     4    -4   111     0    -4    -1     0     0     0     0    -1    -1    -1    -1    -1    -1     0
    1     4    -4   111     0    -4    -1     0     0     0     0    -1    -1    -1    -1    -1    -1     1
    1     4    -4   111     0    -4    -1     0     0     0     0    -1    -1    -1    -1    -1    -1     2
    1     4    -4   111     0    -4    -1     0     0     0     0    -1    -1    -1    -1    -1    -1     3
    1     4    -4   111     0    -4    -1     0     0     0     0    11     0    -1    -1    -1    -1     4
    1     4    -4   111     0    -4    -1     0     0     0     0     0     0     1     0    -1    -1     5
    1     4    -4   111     0    -4    -1     0     0     0     0     2     0    -1    -1    -1    -1     6
    1     4    -4   111     0    -4    -1     0     0     0     0     3     0    -1    -1    -1    -1     7
    1     4    -4   111     0    -4    -1     0     0     0     0     4     0    -1    -1    -1    -1     8
    1     4    -4   111     0    -4    -1     0     0     0     0     5     0    -1    -1    -1    -1     9
    1     4    -4   111     0    -4    -1     0     0     0     0     6     0    -1    -1    -1    -1    10
    1     4    -4   111     0    -4    -1     0     0     0     0     7     0     8     0    -1    -1    11
    1     4    -4   111     0    -4    -1     0     0     0     0     9     0    -1    -1    -1    -1    12
    1     4    -4   111     0    -4    -1     0     0     0     0    10     0    -1    -1    -1    -1    13
    1     4    -4   111     0    -4    -1     0     0     0     0    -1    -1    -1    -1    -1    -1    14
    1     4    -4   111     0    -4    -1     0     0     0     0    -1    -1    -1    -1    -1    -1    15
    1     4    -4   111     0    -4    -1     0     0     0     0    -1    -1    -1    -1    -1    -1    16
    1     4    -4   111     0    -4    -1     0     0     0     0    -1    -1    -1    -1    -1    -1    17
    1     4    -4   111     0    -4    -1     0     0     0     0    -1    -1    -1    -1    -1    -1    18
    1     4    -4   111     0    -4    -1     0     0     0     0    -1    -1    -1    -1    -1    -1    19
    1     4    -4   111     0    -4    -1     0     0     0     0    -1    -1    -1    -1    -1    -1    20
    1     4    -4   111     0    -4    -1     0     0     0     0    -1    -1    -1    -1    -1    -1    21
    1     4    -4   111     0    -4    -1     0     0     0     0    -1    -1    -1    -1    -1    -1    22
    1     4    -4   111     0    -4    -1     0     0     0     0    -1    -1    -1    -1    -1    -1    23
    1     4    -4   111     0    -4    -1     0     0     0     0    -1    -1    -1    -1    -1    -1    24
    1     4    -4   111     0    -4    -1     0     0     0     0    -1    -1    -1    -1    -1    -1    25
    1     4    -4   111     0    -4    -1     0     0     0     0    -1    -1    -1    -1    -1    -1    26
    1     4    -4   111     0    -4    -1     0     0     0     0    -1    -1    -1    -1    -1    -1    27
    1     4    -4   111     0    -4    -1     0     0     0     0    -1    -1    -1    -1    -1    -1    28
    1     4    -4   111     0    -4    -1     0     0     0     0    -1    -1    -1    -1    -1    -1    29
    1     4    -4   111     0    -4    -1     0     0     0     0    -1    -1    -1    -1    -1    -1    30
    1     4    -4   111     0    -4    -1     0     0     0     0    -1    -1    -1    -1    -1    -1    31
    1     4    -4   111     0    -4    -1     0     0     0     0    -1    -1    -1    -1    -1    -1    32
short pad =  0 
There are 2 complexes in this file.
   0    4 
===============================================================
            BEGINNING OF COMPLEXES AND STRUCTURES              
===============================================================


# ==============================================================================
#        Complex: 0, tell: 1261
# ==============================================================================
 1  0 
 16  1  0  [ 1 ]  0  1  0 
# =======================================================================================
#        Processing Structure 0, tell: 1283
# =======================================================================================
 20  1  3  [ 2 ]  0 
 23  1  0  [ 3 ]  0  1  0 
#---------------------------------------------------
 27  1  3  [    4 ]  0  0  0  4360 tris  0  0  0  0  0  0  26  1  0  [    5 ]  27  [    4 ] 
 22  1  0  [ 6 ]  23  [ 3 ] 
 4017  0 
 ( 0 )         reflective plane count...
  0   short pad ....  
  ( 1 )         vertexsets count.... 
 0 short pad at start....  
 35  1  0  [    7 ]     0  0  ( 4017 ) 
min_x = 14.348711
 min_y = 14.298537
 min_z = -118.24876
 max_x = 37.139603
 max_y = 52.51449
 max_z = -104.0687
 
 0 
 34  1  0  [ 8 ]  35  [ 7 ]    tell says: 75786 
#-------------------------------------------------
 0 
 ( 5 ) 
#-------------------------------------------------
 0 short pad at start....  
 40  1  0  [    9 ]     8  0  ( 4017 ) 
 0 
 39  1  0  [ 10 ]  40  [ 9 ]    tell says: 91898 
#-------------------------------------------------
 40  [   11 ]     9  ( 4017 ) 
 0 
 39  [ 12 ]  40  [ 11 ]    tell says: 107996 
#-------------------------------------------------
 40  [   13 ]     3  ( 4017 ) 
 0 
 39  [ 14 ]  40  [ 13 ]    tell says: 124094 
#-------------------------------------------------
 40  [   15 ]    10  ( 4017 ) 
 0 
 39  [ 16 ]  40  [ 15 ]    tell says: 140192 
#-------------------------------------------------
 40  [   17 ]     4  ( 4017 ) 
 0 
 39  [ 18 ]  40  [ 17 ]    tell says: 156290 
#-------------------------------------------------
 0  0 
25.744165420532227  31.187795639038086  -111.15873718261719  21.3289852142334  
 0  0 
 19  1  0  [ 19 ]   20  [ 2 ] 
 0    pad... 
 1    count of textures to follow... 
 0    pad... 
 -- New texture data -- 
 49  1  4  [ 20 ] 
12 buildinglod0
17
36 blockset/textures/building19.texture
38 blockset/textures/building19_n.texture
Expected 15 integer zeroes
 0  0  0  0  0  0  0  0  0  0  0  0  0  0  0 
constant three integers 4, 1 and 3
 4  1  3
variable 4 bytes
101 184 63  0 

 4
255 255 255 255 
255 255 255 255 
255 255 255 255 
255 255 255 255 

 9
 0  0  0  0 
 0  0  0  0 
 0  0  0  0 
 0  0  0  0 
 0  0  0  0 
 0  0  0  0 
 0  0  0  0 
 0  0  0  0 
 0  0  0  0 

 8
  2
   0    short pad .....
   0  0 128 63  0  0  0  0  0  0  0  0  0  0  0  0  0  0  0  0  0  0 128 63  0  0  0  0  0  0  0  0
  2
   0  0 128 63  0  0  0  0  0  0  0  0  0  0  0  0  0  0  0  0  0  0 128 63  0  0  0  0  0  0  0  0
  2
   0  0 128 63  0  0  0  0  0  0  0  0  0  0  0  0  0  0  0  0  0  0 128 63  0  0  0  0  0  0  0  0
  2
   0  0 128 63  0  0  0  0  0  0  0  0  0  0  0  0  0  0  0  0  0  0 128 63  0  0  0  0  0  0  0  0
  2
   0  0 128 63  0  0  0  0  0  0  0  0  0  0  0  0  0  0  0  0  0  0 128 63  0  0  0  0  0  0  0  0
  2
   0  0 128 63  0  0  0  0  0  0  0  0  0  0  0  0  0  0  0  0  0  0 128 63  0  0  0  0  0  0  0  0
  2
   0  0 128 63  0  0  0  0  0  0  0  0  0  0  0  0  0  0  0  0  0  0 128 63  0  0  0  0  0  0  0  0
  2
   0  0 128 63  0  0  0  0  0  0  0  0  0  0  0  0  0  0  0  0  0  0 128 63  0  0  0  0  0  0  0  0
 48  1  0  [ 21 ]  49  [ 20 ] 

complex binding sphere    tell says: 156898
25.74417 31.18780 -111.15874 21.32899 
 15  1  0  [ 22 ]  16  [ 1 ]     0  1     1  0 
1            # Number of structures in complex...
#  About to read integers: tell says 156946

 4360
2            # table 1 line reference...
0               # number of 6th float references to follow...
# ==============================================================================
#        Complex: 1, tell: 156958
# ==============================================================================
 1 
 16  [ 23 ]  4 
# =======================================================================================
#        Processing Structure 0, tell: 156972
# =======================================================================================
 20  [ 24 ] 
 23  [ 25 ]  13 
#---------------------------------------------------
 27  [   26 ]  0  0  8338 tris  0  0  0  0  0  26  [   27 ]  27  [   26 ] 
 27  [   28 ]  0  0  1331 tris  0  0  0  0  0  26  [   29 ]  27  [   28 ] 
 27  [   30 ]  0  0  1336 tris  0  0  0  0  0  26  [   31 ]  27  [   30 ] 
 27  [   32 ]  0  0    95 tris  0  0  0  0  0  26  [   33 ]  27  [   32 ] 
 27  [   34 ]  0  0    93 tris  0  0  0  0  0  26  [   35 ]  27  [   34 ] 
 27  [   36 ]  0  0    94 tris  0  0  0  0  0  26  [   37 ]  27  [   36 ] 
 27  [   38 ]  0  0    99 tris  0  0  0  0  0  26  [   39 ]  27  [   38 ] 
 27  [   40 ]  0  0   102 tris  0  0  0  0  0  26  [   41 ]  27  [   40 ] 
 27  [   42 ]  0  0   105 tris  0  0  0  0  0  26  [   43 ]  27  [   42 ] 
 27  [   44 ]  0  0   108 tris  0  0  0  0  0  26  [   45 ]  27  [   44 ] 
 27  [   46 ]  0  0   104 tris  0  0  0  0  0  26  [   47 ]  27  [   46 ] 
 27  [   48 ]  0  0    92 tris  0  0  0  0  0  26  [   49 ]  27  [   48 ] 
 27  [   50 ]  0  0    94 tris  0  0  0  0  0  26  [   51 ]  27  [   50 ] 
 22  [ 52 ]  23  [ 25 ] 
 23774 
 ( 0 )         reflective plane count...
  ( 1 )         vertexsets count.... 
 35  [   53 ]     0  ( 23774 ) 
min_x = -68.336006
 min_y = 15.186161
 min_z = -134.739
 max_x = 182.1936
 max_y = 44.779503
 max_z = 8.510654
 
 0 
 34  [ 54 ]  35  [ 53 ]    tell says: 514731 
#-------------------------------------------------
 ( 5 ) 
#-------------------------------------------------
 40  [   55 ]     8  ( 23774 ) 
 0 
 39  [ 56 ]  40  [ 55 ]    tell says: 609861 
#-------------------------------------------------
 40  [   57 ]     9  ( 23774 ) 
 0 
 39  [ 58 ]  40  [ 57 ]    tell says: 704987 
#-------------------------------------------------
 40  [   59 ]     3  ( 23774 ) 
 0 
 39  [ 60 ]  40  [ 59 ]    tell says: 800113 
#-------------------------------------------------
 40  [   61 ]    10  ( 23774 ) 
 0 
 39  [ 62 ]  40  [ 61 ]    tell says: 895239 
#-------------------------------------------------
 40  [   63 ]     4  ( 23774 ) 
 0 
 39  [ 64 ]  40  [ 63 ]    tell says: 990365 
#-------------------------------------------------
 0 
56.491371154785156  21.037107467651367  -70.1989517211914  126.01049041748047  
 0 
 19  [ 65 ]   20  [ 24 ] 
# =======================================================================================
#        Processing Structure 1, tell: 990401
# =======================================================================================
 20  [ 66 ] 
 23  [ 67 ]  10 
#---------------------------------------------------
 27  [   68 ]  0  0   466 tris  0  0  0  0  0  26  [   69 ]  27  [   68 ] 
 27  [   70 ]  0  0   726 tris  0  0  0  0  0  26  [   71 ]  27  [   70 ] 
 27  [   72 ]  0  0   726 tris  0  0  0  0  0  26  [   73 ]  27  [   72 ] 
 27  [   74 ]  0  0   466 tris  0  0  0  0  0  26  [   75 ]  27  [   74 ] 
 27  [   76 ]  0  0  2384 tris  0  0  0  0  0  26  [   77 ]  27  [   76 ] 
 27  [   78 ]  0  0  4768 tris  0  0  0  0  0  26  [   79 ]  27  [   78 ] 
 27  [   80 ]  0  0  4768 tris  0  0  0  0  0  26  [   81 ]  27  [   80 ] 
 27  [   82 ]  0  0  4768 tris  0  0  0  0  0  26  [   83 ]  27  [   82 ] 
 27  [   84 ]  0  0  19072 tris  0  0  0  0  0  26  [   85 ]  27  [   84 ] 
 27  [   86 ]  0  0  10200 tris  0  0  0  0  0  26  [   87 ]  27  [   86 ] 
 22  [ 88 ]  23  [ 67 ] 
 38283 
 ( 0 )         reflective plane count...
  ( 1 )         vertexsets count.... 
 35  [   89 ]     0  ( 38283 ) 
min_x = -141.62433
 min_y = 0.45038152
 min_z = -238.38705
 max_x = 220.57503
 max_y = 4.294991
 max_z = 79.79702
 
 0 
 34  [ 90 ]  35  [ 89 ]    tell says: 1740281 
#-------------------------------------------------
 ( 5 ) 
#-------------------------------------------------
 40  [   91 ]     8  ( 38283 ) 
 0 
 39  [ 92 ]  40  [ 91 ]    tell says: 1893447 
#-------------------------------------------------
 40  [   93 ]     9  ( 38283 ) 
 0 
 39  [ 94 ]  40  [ 93 ]    tell says: 2046609 
#-------------------------------------------------
 40  [   95 ]     3  ( 38283 ) 
 0 
 39  [ 96 ]  40  [ 95 ]    tell says: 2199771 
#-------------------------------------------------
 40  [   97 ]    10  ( 38283 ) 
 0 
 39  [ 98 ]  40  [ 97 ]    tell says: 2352933 
#-------------------------------------------------
 40  [   99 ]     4  ( 38283 ) 
 0 
 39  [ 100 ]  40  [ 99 ]    tell says: 2506095 
#-------------------------------------------------
 0 
39.026119232177734  0.7093887329101562  -114.1783218383789  206.52426147460938  
 0 
 19  [ 101 ]   20  [ 66 ] 
# =======================================================================================
#        Processing Structure 2, tell: 2506131
# =======================================================================================
 20  [ 102 ] 
 23  [ 103 ]  1 
#---------------------------------------------------
 27  [  104 ]  0  0     5 tris  0  0  0  0  0  26  [  105 ]  27  [  104 ] 
 22  [ 106 ]  23  [ 103 ] 
 7 
 ( 1 )         reflective plane count...
 # ============================================================
# Detected Non-Normal Structure - should be a reflective plane 
# ============================================================
 0 short pad at start....  
 56  1  0  [  107 ]     4  0  (    7 ) 
 0 Filler integer 0....
 55  1  0  [ 108 ]  56  [ 107 ]    tell says: 2506326 
#-------------------------------------------------
 ( 4 ) 
#-------------------------------------------------
 35  [  109 ]     0  (    7 ) 
min_x = -325.30328
 min_y = -1.301
 min_z = -110.58569
 max_x = -163.0691
 max_y = -1.301
 max_z = 30.326536
 
 0 
 34  [ 110 ]  35  [ 109 ]    tell says: 2506444 
#-------------------------------------------------
 35  [  111 ]     3  (    7 ) 
min_x = -0.0
 min_y =  1.0
 min_z =  0.0
 max_x = -0.0
 max_y =  1.0
 max_z =  0.0
 
 0 
 34  [ 112 ]  35  [ 111 ]    tell says: 2506558 
#-------------------------------------------------
 35  [  113 ]    10  (    7 ) 
min_x = -1.0
 min_y =  0.0
 min_z = -0.10465021
 max_x = -0.9945091
 max_y =  0.0
 max_z = 0.000707436
 
 0 
 34  [ 114 ]  35  [ 113 ]    tell says: 2506672 
#-------------------------------------------------
 35  [  115 ]    11  (    7 ) 
min_x = -0.10465025
 min_y =  0.0
 min_z = 0.99450904
 max_x = 0.0007074767
 max_y =  0.0
 max_z =  1.0
 
 0 
 34  [ 116 ]  35  [ 115 ]    tell says: 2506786 
#-------------------------------------------------
 ( 2 ) 
#-------------------------------------------------
 40  [  117 ]     8  (    7 ) 
 0 
 39  [ 118 ]  40  [ 117 ]    tell says: 2506848 
#-------------------------------------------------
 40  [  119 ]     9  (    7 ) 
 0 
 39  [ 120 ]  40  [ 119 ]    tell says: 2506906 
#-------------------------------------------------
 0 
-237.41793823242188  -1.3009999990463257  -40.193077087402344  102.13787078857422  
 0 
 19  [ 121 ]   20  [ 102 ] 
# =======================================================================================
#        Processing Structure 3, tell: 2506942
# =======================================================================================
 20  [ 122 ] 
 23  [ 123 ]  8 
#---------------------------------------------------
 27  [  124 ]  0  0   466 tris  0  0  0  0  0  26  [  125 ]  27  [  124 ] 
 27  [  126 ]  0  0   726 tris  0  0  0  0  0  26  [  127 ]  27  [  126 ] 
 27  [  128 ]  0  0   726 tris  0  0  0  0  0  26  [  129 ]  27  [  128 ] 
 27  [  130 ]  0  0   466 tris  0  0  0  0  0  26  [  131 ]  27  [  130 ] 
 27  [  132 ]  0  0  2384 tris  0  0  0  0  0  26  [  133 ]  27  [  132 ] 
 27  [  134 ]  0  0  4768 tris  0  0  0  0  0  26  [  135 ]  27  [  134 ] 
 27  [  136 ]  0  0  4768 tris  0  0  0  0  0  26  [  137 ]  27  [  136 ] 
 27  [  138 ]  0  0  13578 tris  0  0  0  0  0  26  [  139 ]  27  [  138 ] 
 22  [ 140 ]  23  [ 123 ] 
 22036 
 ( 0 )         reflective plane count...
  ( 1 )         vertexsets count.... 
 35  [  141 ]     0  ( 22036 ) 
min_x = -345.62433
 min_y = 0.45038152
 min_z = -89.87071
 max_x = -194.42497
 max_y = 4.294991
 max_z = 23.360565
 
 0 
 34  [ 142 ]  35  [ 141 ]    tell says: 2939016 
#-------------------------------------------------
 ( 5 ) 
#-------------------------------------------------
 40  [  143 ]     8  ( 22036 ) 
 0 
 39  [ 144 ]  40  [ 143 ]    tell says: 3027194 
#-------------------------------------------------
 40  [  145 ]     9  ( 22036 ) 
 0 
 39  [ 146 ]  40  [ 145 ]    tell says: 3115368 
#-------------------------------------------------
 40  [  147 ]     3  ( 22036 ) 
 0 
 39  [ 148 ]  40  [ 147 ]    tell says: 3203542 
#-------------------------------------------------
 40  [  149 ]    10  ( 22036 ) 
 0 
 39  [ 150 ]  40  [ 149 ]    tell says: 3291716 
#-------------------------------------------------
 40  [  151 ]     4  ( 22036 ) 
 0 
 39  [ 152 ]  40  [ 151 ]    tell says: 3379890 
#-------------------------------------------------
 0 
-267.6912536621094  0.8803499937057495  -31.83629608154297  80.63542938232422  
 0 
 19  [ 153 ]   20  [ 122 ] 
 4    count of textures to follow... 
 -- New texture data -- 
 49  [ 154 ] 
12 buildinglod0
17
33 BlockSet/india/redcastle2.texture
35 BlockSet/india/redcastle2_n.texture
Expected 15 integer zeroes
 0  0  0  0  0  0  0  0  0  0  0  0  0  0  0 
constant three integers 4, 1 and 3
 4  1  3
variable 4 bytes
101 184 63  0 

 4
255 255 255 255 
255 255 255 255 
255 255 255 255 
255 255 255 255 

 9
 0  0  0  0 
 0  0  0  0 
 0  0  0  0 
 0  0  0  0 
 0  0  0  0 
 0  0  0  0 
 0  0  0  0 
 0  0  0  0 
 0  0  0  0 

 8
  2
   0  0 128 63  0  0  0  0  0  0  0  0  0  0  0  0  0  0  0  0  0  0 128 63  0  0  0  0  0  0  0  0
  2
   0  0 128 63  0  0  0  0  0  0  0  0  0  0  0  0  0  0  0  0  0  0 128 63  0  0  0  0  0  0  0  0
  2
   0  0 128 63  0  0  0  0  0  0  0  0  0  0  0  0  0  0  0  0  0  0 128 63  0  0  0  0  0  0  0  0
  2
   0  0 128 63  0  0  0  0  0  0  0  0  0  0  0  0  0  0  0  0  0  0 128 63  0  0  0  0  0  0  0  0
  2
   0  0 128 63  0  0  0  0  0  0  0  0  0  0  0  0  0  0  0  0  0  0 128 63  0  0  0  0  0  0  0  0
  2
   0  0 128 63  0  0  0  0  0  0  0  0  0  0  0  0  0  0  0  0  0  0 128 63  0  0  0  0  0  0  0  0
  2
   0  0 128 63  0  0  0  0  0  0  0  0  0  0  0  0  0  0  0  0  0  0 128 63  0  0  0  0  0  0  0  0
  2
   0  0 128 63  0  0  0  0  0  0  0  0  0  0  0  0  0  0  0  0  0  0 128 63  0  0  0  0  0  0  0  0
 48  [ 155 ]  49  [ 154 ] 

 -- New texture data -- 
 49  [ 156 ] 
12 buildinglod0
17
29 blockset/textures/mgb.texture
31 blockset/textures/mgb_n.texture
Expected 15 integer zeroes
 0  0  0  0  0  0  0  0  0  0  0  0  0  0  0 
constant three integers 4, 1 and 3
 4  1  3
variable 4 bytes
101 184 63  0 

 4
255 255 255 255 
255 255 255 255 
255 255 255 255 
255 255 255 255 

 9
 0  0  0  0 
 0  0  0  0 
 0  0  0  0 
 0  0  0  0 
 0  0  0  0 
 0  0  0  0 
 0  0  0  0 
 0  0  0  0 
 0  0  0  0 

 8
  2
   0  0 128 63  0  0  0  0  0  0  0  0  0  0  0  0  0  0  0  0  0  0 128 63  0  0  0  0  0  0  0  0
  2
   0  0 128 63  0  0  0  0  0  0  0  0  0  0  0  0  0  0  0  0  0  0 128 63  0  0  0  0  0  0  0  0
  2
   0  0 128 63  0  0  0  0  0  0  0  0  0  0  0  0  0  0  0  0  0  0 128 63  0  0  0  0  0  0  0  0
  2
   0  0 128 63  0  0  0  0  0  0  0  0  0  0  0  0  0  0  0  0  0  0 128 63  0  0  0  0  0  0  0  0
  2
   0  0 128 63  0  0  0  0  0  0  0  0  0  0  0  0  0  0  0  0  0  0 128 63  0  0  0  0  0  0  0  0
  2
   0  0 128 63  0  0  0  0  0  0  0  0  0  0  0  0  0  0  0  0  0  0 128 63  0  0  0  0  0  0  0  0
  2
   0  0 128 63  0  0  0  0  0  0  0  0  0  0  0  0  0  0  0  0  0  0 128 63  0  0  0  0  0  0  0  0
  2
   0  0 128 63  0  0  0  0  0  0  0  0  0  0  0  0  0  0  0  0  0  0 128 63  0  0  0  0  0  0  0  0
 48  [ 157 ]  49  [ 156 ] 

 -- New texture data -- 
 49  [ 158 ] 
 5 water
17
36 Settlements/water/water_bump.texture
36 Settlements/water/water_bump.texture
Expected 15 integer zeroes
 0  0  0  0  0  0  0  0  0  0  0  0  0  0  0 
constant three integers 4, 1 and 3
 4  1  3
variable 4 bytes
101 193  0  0 

 4
119 135 119 255 
255 255 255 255 
255 255 255 255 
255 255 255 255 

 9
 0  0 160 64 
 0  0 160 64 
143 194 117 60 
10 215 163 188 
 0  0  0  0 
 0  0 64 64 
10 215 35 60 
51 51 51 35 
 0  0  0  0 

 8
  2
   0  0 128 63  0  0  0  0  0  0  0  0  0  0  0  0  0  0  0  0  0  0 128 63  0  0  0  0  0  0  0  0
  2
   0  0 128 63  0  0  0  0  0  0  0  0  0  0  0  0  0  0  0  0  0  0 128 63  0  0  0  0  0  0  0  0
  2
   0  0 128 63  0  0  0  0  0  0  0  0  0  0  0  0  0  0  0  0  0  0 128 63  0  0  0  0  0  0  0  0
  2
   0  0 128 63  0  0  0  0  0  0  0  0  0  0  0  0  0  0  0  0  0  0 128 63  0  0  0  0  0  0  0  0
  2
   0  0 128 63  0  0  0  0  0  0  0  0  0  0  0  0  0  0  0  0  0  0 128 63  0  0  0  0  0  0  0  0
  2
   0  0 128 63  0  0  0  0  0  0  0  0  0  0  0  0  0  0  0  0  0  0 128 63  0  0  0  0  0  0  0  0
  2
   0  0 128 63  0  0  0  0  0  0  0  0  0  0  0  0  0  0  0  0  0  0 128 63  0  0  0  0  0  0  0  0
  2
   0  0 128 63  0  0  0  0  0  0  0  0  0  0  0  0  0  0  0  0  0  0 128 63  0  0  0  0  0  0  0  0
 48  [ 159 ]  49  [ 158 ] 

 -- refer back texture reference -- 
 49  { 156 }  48  { 157 } 
complex binding sphere    tell says: 3381557
-64.88733  0.52771 -114.23814 299.12247 
 15  [ 160 ]  16  [ 23 ]     1  33     1 
4            # Number of structures in complex...
#  About to read integers: tell says 3381601

 11991 48344    5 27882
4            # table 1 line reference...
0               # number of 6th float references to follow...
 -64.8873291    0.5277115 -114.2381363  299.1224670
 0   short pad .....
 80 settlements/central_asian/settlements/turkmen_fort_a/turkmen_fort_a.worldTerrain
 84 settlements/central_asian/settlements/turkmen_fort_a/turkmen_fort_a.worldPathfinding
 83 settlements/central_asian/settlements/turkmen_fort_a/turkmen_fort_a.worldVegetation
 0   short pad .....
 61  1  2  [  161 ]  0  [ nblocks =  12]    ...if no complexes this should start 17 instead of 57
 0  2  0  2 
************************************************************
              Building Deployment Paths (Table Blocks)  
============================================================
tell says: 3381922
==========================================
             Table block 0
==========================================
# start of ints and floats, tell says 3381922
#--------------------------------------------------------------
 10  1   0     #.....refno, no of doors, ndoor refs
 147.3838959   29.3929996   -4.1427078    0.0000000    0.0000000    1.0000000    0.0000000 
0   short pad....  

# start of variable table, tell says 3381964
#--------------------------------------------------------------
1  0  2  0  0 
1 0 
1 0 
12 0 
 138.9019928   -4.8847542  140.4093781   -9.0262642    0.9396927    0.3420199    0.3420199   -0.9396927    4.4073024 3 
 140.4093781   -9.0262642  143.7855682  -11.8592339    0.6427889    0.7660434    0.7660434   -0.6427889    4.4073095 3 
 143.7855682  -11.8592339  148.1259613  -12.6245995    0.1736564    0.9848063    0.9848063   -0.1736564    4.4073572 3 
 148.1259613  -12.6245995  152.2675018  -11.1172066   -0.3420192    0.9396930    0.9396930    0.3420192    4.4073339 3 
 152.2675018  -11.1172066  155.1004181   -7.7409630   -0.7660543    0.6427758    0.6427758    0.7660543    4.4073162 3 
 155.1004181   -7.7409630  155.8657990   -3.4006157   -0.9848054    0.1736615    0.1736615    0.9848054    4.4073148 3 
 155.8657990   -3.4006157  154.3583374    0.7408943   -0.9396871   -0.3420352   -0.3420352    0.9396871    4.4073286 3 
 154.3583374    0.7408943  150.9821320    3.5738792   -0.6427892   -0.7660431   -0.7660431    0.6427892    4.4073310 3 
 150.9821320    3.5738792  146.6417999    4.3391838   -0.1736453   -0.9848083   -0.9848083    0.1736453    4.4072862 3 
 146.6417999    4.3391838  142.5002899    2.8318138    0.3420169   -0.9396938   -0.9396938   -0.3420169    4.4072971 3 
 142.5002899    2.8318138  139.6673279   -0.5444145    0.7660478   -0.6427836   -0.6427836   -0.7660478    4.4073339 3 
 139.6673279   -0.5444145  138.9019928   -4.8847542    0.9848071   -0.1736517   -0.1736517   -0.9848071    4.4072990 3 
 140.4393616   -3.2610216 
5    object number or -1 ...
0 
  29.3929996    0.0000000    0.0000000 
1 ...1 std world, 2 std siege, 4 entry to siegetower allows lowering of drawbridge?, 5 exit to docking position
1 
1 
12 
 138.9019928   -4.8847542  140.4093781   -9.0262642    0.9396927    0.3420199    0.3420199   -0.9396927    4.4073024 3 
 140.4093781   -9.0262642  143.7855682  -11.8592339    0.6427889    0.7660434    0.7660434   -0.6427889    4.4073095 3 
 143.7855682  -11.8592339  148.1259613  -12.6245995    0.1736564    0.9848063    0.9848063   -0.1736564    4.4073572 3 
 148.1259613  -12.6245995  152.2675018  -11.1172066   -0.3420192    0.9396930    0.9396930    0.3420192    4.4073339 3 
 152.2675018  -11.1172066  155.1004181   -7.7409630   -0.7660543    0.6427758    0.6427758    0.7660543    4.4073162 3 
 155.1004181   -7.7409630  155.8657990   -3.4006157   -0.9848054    0.1736615    0.1736615    0.9848054    4.4073148 3 
 155.8657990   -3.4006157  154.3583374    0.7408943   -0.9396871   -0.3420352   -0.3420352    0.9396871    4.4073286 3 
 154.3583374    0.7408943  150.9821320    3.5738792   -0.6427892   -0.7660431   -0.7660431    0.6427892    4.4073310 3 
 150.9821320    3.5738792  146.6417999    4.3391838   -0.1736453   -0.9848083   -0.9848083    0.1736453    4.4072862 3 
 146.6417999    4.3391838  142.5002899    2.8318138    0.3420169   -0.9396938   -0.9396938   -0.3420169    4.4072971 3 
 142.5002899    2.8318138  139.6673279   -0.5444145    0.7660478   -0.6427836   -0.6427836   -0.7660478    4.4073339 3 
 139.6673279   -0.5444145  138.9019928   -4.8847542    0.9848071   -0.1736517   -0.1736517   -0.9848071    4.4072990 3 
 140.4393616   -3.2610216 
   0.5000000 
 0  ( 6 )  0 
 ( 48 )  0 
  140.0364685    -4.7855029    -0.9396927    -0.3420199  (  1 ) 
  140.3628998    -5.6823959    -0.9396927    -0.3420199  (  1 ) 
  140.6893463    -6.5792885    -0.9396927    -0.3420199  (  1 ) 
  141.0157928    -7.4761815    -0.9396927    -0.3420199  (  1 ) 
  141.3422394    -8.3730745    -0.6427889    -0.7660434  (  1 ) 
  142.0733795    -8.9865885    -0.6427889    -0.7660434  (  1 ) 
  142.8045349    -9.6001024    -0.6427889    -0.7660434  (  1 ) 
  143.5356903   -10.2136164    -0.6427889    -0.7660434  (  1 ) 
  144.2668457   -10.8271303    -0.1736564    -0.9848063  (  1 ) 
  145.2068176   -10.9928799    -0.1736564    -0.9848063  (  1 ) 
  146.1467896   -11.1586294    -0.1736564    -0.9848063  (  1 ) 
  147.0867462   -11.3243780    -0.1736564    -0.9848063  (  1 ) 
  148.0267181   -11.4901276     0.3420192    -0.9396930  (  1 ) 
  148.9236145   -11.1636848     0.3420192    -0.9396930  (  1 ) 
  149.8205109   -10.8372421     0.3420192    -0.9396930  (  1 ) 
  150.7174072   -10.5107985     0.3420192    -0.9396930  (  1 ) 
  151.6143036   -10.1843557     0.7660543    -0.6427758  (  1 ) 
  152.2277985    -9.4531889     0.7660543    -0.6427758  (  1 ) 
  152.8413086    -8.7220211     0.7660543    -0.6427758  (  1 ) 
  153.4548187    -7.9908538     0.7660543    -0.6427758  (  1 ) 
  154.0683136    -7.2596865     0.9848054    -0.1736615  (  1 ) 
  154.2340698    -6.3197327     0.9848054    -0.1736615  (  1 ) 
  154.3998260    -5.3797789     0.9848054    -0.1736615  (  1 ) 
  154.5655670    -4.4398246     0.9848054    -0.1736615  (  1 ) 
  154.7313232    -3.4998708     0.9396871     0.3420352  (  1 ) 
  154.4048615    -2.6029785     0.9396871     0.3420352  (  1 ) 
  154.0784149    -1.7060862     0.9396871     0.3420352  (  1 ) 
  153.7519531    -0.8091939     0.9396871     0.3420352  (  1 ) 
  153.4254913     0.0876984     0.6427892     0.7660431  (  1 ) 
  152.6943359     0.7012167     0.6427892     0.7660431  (  1 ) 
  151.9631653     1.3147351     0.6427892     0.7660431  (  1 ) 
  151.2320099     1.9282533     0.6427892     0.7660431  (  1 ) 
  150.5008545     2.5417717     0.1736453     0.9848083  (  1 ) 
  149.5608978     2.7075074     0.1736453     0.9848083  (  1 ) 
  148.6209564     2.8732431     0.1736453     0.9848083  (  1 ) 
  147.6809998     3.0389788     0.1736453     0.9848083  (  1 ) 
  146.7410583     3.2047145    -0.3420169     0.9396938  (  1 ) 
  145.8441620     2.8782759    -0.3420169     0.9396938  (  1 ) 
  144.9472656     2.5518372    -0.3420169     0.9396938  (  1 ) 
  144.0503693     2.2253985    -0.3420169     0.9396938  (  1 ) 
  143.1534882     1.8989599    -0.7660478     0.6427836  (  1 ) 
  142.5399628     1.1677967    -0.7660478     0.6427836  (  1 ) 
  141.9264526     0.4366337    -0.7660478     0.6427836  (  1 ) 
  141.3129425    -0.2945293    -0.7660478     0.6427836  (  1 ) 
  140.6994324    -1.0256925    -0.9848071     0.1736517  (  1 ) 
  140.5336914    -1.9656451    -0.9848071     0.1736517  (  1 ) 
  140.3679504    -2.9055977    -0.9848071     0.1736517  (  1 ) 
  140.2022095    -3.8455503    -0.9848071     0.1736517  (  1 ) 
 ( 48 ) 
  141.1709290    -4.6862516    -0.9396927    -0.3420199  (  1 ) 
  141.4469757    -5.4446597    -0.9396927    -0.3420199  (  1 ) 
  141.7230072    -6.2030683    -0.9396927    -0.3420199  (  1 ) 
  141.9990540    -6.9614763    -0.9396927    -0.3420199  (  1 ) 
  142.2750854    -7.7198844    -0.6427889    -0.7660434  (  1 ) 
  142.8933411    -8.2386703    -0.6427889    -0.7660434  (  1 ) 
  143.5116119    -8.7574558    -0.6427889    -0.7660434  (  1 ) 
  144.1298676    -9.2762413    -0.6427889    -0.7660434  (  1 ) 
  144.7481384    -9.7950268    -0.1736564    -0.9848063  (  1 ) 
  145.5429688    -9.9351845    -0.1736564    -0.9848063  (  1 ) 
  146.3377991   -10.0753412    -0.1736564    -0.9848063  (  1 ) 
  147.1326294   -10.2154989    -0.1736564    -0.9848063  (  1 ) 
  147.9274597   -10.3556557     0.3420192    -0.9396930  (  1 ) 
  148.6858673   -10.0796185     0.3420192    -0.9396930  (  1 ) 
  149.4442902    -9.8035803     0.3420192    -0.9396930  (  1 ) 
  150.2026978    -9.5275431     0.3420192    -0.9396930  (  1 ) 
  150.9611053    -9.2515049     0.7660543    -0.6427758  (  1 ) 
  151.4798737    -8.6332312     0.7660543    -0.6427758  (  1 ) 
  151.9986572    -8.0149574     0.7660543    -0.6427758  (  1 ) 
  152.5174408    -7.3966837     0.7660543    -0.6427758  (  1 ) 
  153.0362091    -6.7784100     0.9848054    -0.1736615  (  1 ) 
  153.1763763    -5.9835892     0.9848054    -0.1736615  (  1 ) 
  153.3165283    -5.1887679     0.9848054    -0.1736615  (  1 ) 
  153.4566956    -4.3939471     0.9848054    -0.1736615  (  1 ) 
  153.5968475    -3.5991259     0.9396871     0.3420352  (  1 ) 
  153.3208008    -2.8407187     0.9396871     0.3420352  (  1 ) 
  153.0447540    -2.0823116     0.9396871     0.3420352  (  1 ) 
  152.7686920    -1.3239046     0.9396871     0.3420352  (  1 ) 
  152.4926453    -0.5654975     0.6427892     0.7660431  (  1 ) 
  151.8743744    -0.0467072     0.6427892     0.7660431  (  1 ) 
  151.2561035     0.4720832     0.6427892     0.7660431  (  1 ) 
  150.6378479     0.9908736     0.6427892     0.7660431  (  1 ) 
  150.0195770     1.5096639     0.1736453     0.9848083  (  1 ) 
  149.2247620     1.6498092     0.1736453     0.9848083  (  1 ) 
  148.4299469     1.7899545     0.1736453     0.9848083  (  1 ) 
  147.6351166     1.9300998     0.1736453     0.9848083  (  1 ) 
  146.8403015     2.0702450    -0.3420169     0.9396938  (  1 ) 
  146.0818939     1.7942103    -0.3420169     0.9396938  (  1 ) 
  145.3234863     1.5181755    -0.3420169     0.9396938  (  1 ) 
  144.5650787     1.2421407    -0.3420169     0.9396938  (  1 ) 
  143.8066711     0.9661058    -0.7660478     0.6427836  (  1 ) 
  143.2878876     0.3478368    -0.7660478     0.6427836  (  1 ) 
  142.7691040    -0.2704322    -0.7660478     0.6427836  (  1 ) 
  142.2503204    -0.8887013    -0.7660478     0.6427836  (  1 ) 
  141.7315369    -1.5069703    -0.9848071     0.1736517  (  1 ) 
  141.5913849    -2.3017907    -0.9848071     0.1736517  (  1 ) 
  141.4512329    -3.0966110    -0.9848071     0.1736517  (  1 ) 
  141.3110809    -3.8914316    -0.9848071     0.1736517  (  1 ) 
 ( 36 ) 
  142.3054047    -4.5870008    -0.9396927    -0.3420199  (  1 ) 
  142.6062469    -5.4135652    -0.9396927    -0.3420199  (  1 ) 
  142.9070892    -6.2401295    -0.9396927    -0.3420199  (  1 ) 
  143.2079468    -7.0666943    -0.6427889    -0.7660434  (  1 ) 
  143.8817596    -7.6321039    -0.6427889    -0.7660434  (  1 ) 
  144.5555878    -8.1975136    -0.6427889    -0.7660434  (  1 ) 
  145.2294159    -8.7629232    -0.1736564    -0.9848063  (  1 ) 
  146.0956879    -8.9156771    -0.1736564    -0.9848063  (  1 ) 
  146.9619446    -9.0684299    -0.1736564    -0.9848063  (  1 ) 
  147.8282166    -9.2211838     0.3420192    -0.9396930  (  1 ) 
  148.6547852    -8.9203405     0.3420192    -0.9396930  (  1 ) 
  149.4813385    -8.6194973     0.3420192    -0.9396930  (  1 ) 
  150.3079071    -8.3186541     0.7660543    -0.6427758  (  1 ) 
  150.8733063    -7.6448140     0.7660543    -0.6427758  (  1 ) 
  151.4387054    -6.9709740     0.7660543    -0.6427758  (  1 ) 
  152.0041046    -6.2971334     0.9848054    -0.1736615  (  1 ) 
  152.1568604    -5.4308829     0.9848054    -0.1736615  (  1 ) 
  152.3096161    -4.5646319     0.9848054    -0.1736615  (  1 ) 
  152.4623718    -3.6983809     0.9396871     0.3420352  (  1 ) 
  152.1615143    -2.8718185     0.9396871     0.3420352  (  1 ) 
  151.8606567    -2.0452559     0.9396871     0.3420352  (  1 ) 
  151.5597992    -1.2186935     0.6427892     0.7660431  (  1 ) 
  150.8859558    -0.6532769     0.6427892     0.7660431  (  1 ) 
  150.2121277    -0.0878603     0.6427892     0.7660431  (  1 ) 
  149.5382996     0.4775563     0.1736453     0.9848083  (  1 ) 
  148.6720428     0.6302961     0.1736453     0.9848083  (  1 ) 
  147.8058014     0.7830359     0.1736453     0.9848083  (  1 ) 
  146.9395599     0.9357758    -0.3420169     0.9396938  (  1 ) 
  146.1129913     0.6349344    -0.3420169     0.9396938  (  1 ) 
  145.2864380     0.3340932    -0.3420169     0.9396938  (  1 ) 
  144.4598694     0.0332518    -0.7660478     0.6427836  (  1 ) 
  143.8944550    -0.6405815    -0.7660478     0.6427836  (  1 ) 
  143.3290558    -1.3144149    -0.7660478     0.6427836  (  1 ) 
  142.7636414    -1.9882482    -0.9848071     0.1736517  (  1 ) 
  142.6109009    -2.8544991    -0.9848071     0.1736517  (  1 ) 
  142.4581451    -3.7207499    -0.9848071     0.1736517  (  1 ) 
 ( 24 ) 
  143.4398804    -4.4877496    -0.9396927    -0.3420199  (  1 ) 
  143.7903290    -5.4506269    -0.9396927    -0.3420199  (  1 ) 
  144.1407928    -6.4135041    -0.6427889    -0.7660434  (  1 ) 
  144.9257507    -7.0721622    -0.6427889    -0.7660434  (  1 ) 
  145.7107086    -7.7308202    -0.1736564    -0.9848063  (  1 ) 
  146.7198334    -7.9087663    -0.1736564    -0.9848063  (  1 ) 
  147.7289734    -8.0867119     0.3420192    -0.9396930  (  1 ) 
  148.6918335    -7.7362576     0.3420192    -0.9396930  (  1 ) 
  149.6547089    -7.3858032     0.7660543    -0.6427758  (  1 ) 
  150.3133545    -6.6008301     0.7660543    -0.6427758  (  1 ) 
  150.9720001    -5.8158569     0.9848054    -0.1736615  (  1 ) 
  151.1499481    -4.8067465     0.9848054    -0.1736615  (  1 ) 
  151.3278961    -3.7976360     0.9396871     0.3420352  (  1 ) 
  150.9774323    -2.8347628     0.9396871     0.3420352  (  1 ) 
  150.6269531    -1.8718894     0.6427892     0.7660431  (  1 ) 
  149.8419800    -1.2132204     0.6427892     0.7660431  (  1 ) 
  149.0570221    -0.5545513     0.1736453     0.9848083  (  1 ) 
  148.0479126    -0.3766225     0.1736453     0.9848083  (  1 ) 
  147.0388184    -0.1986936    -0.3420169     0.9396938  (  1 ) 
  146.0759430    -0.5491479    -0.3420169     0.9396938  (  1 ) 
  145.1130676    -0.8996021    -0.7660478     0.6427836  (  1 ) 
  144.4544067    -1.6845641    -0.7660478     0.6427836  (  1 ) 
  143.7957458    -2.4695261    -0.9848071     0.1736517  (  1 ) 
  143.6178131    -3.4786377    -0.9848071     0.1736517  (  1 ) 
 ( 12 ) 
  144.5743408    -4.3884983    -0.9396927    -0.3420199  (  1 ) 
  145.0736542    -5.7603140    -0.6427889    -0.7660434  (  1 ) 
  146.1919861    -6.6987166    -0.1736564    -0.9848063  (  1 ) 
  147.6297150    -6.9522400     0.3420192    -0.9396930  (  1 ) 
  149.0015106    -6.4529524     0.7660543    -0.6427758  (  1 ) 
  149.9398956    -5.3345809     0.9848054    -0.1736615  (  1 ) 
  150.1934204    -3.8968911     0.9396871     0.3420352  (  1 ) 
  149.6941071    -2.5250852     0.6427892     0.7660431  (  1 ) 
  148.5757294    -1.5866590     0.1736453     0.9848083  (  1 ) 
  147.1380615    -1.3331630    -0.3420169     0.9396938  (  1 ) 
  145.7662506    -1.8324561    -0.7660478     0.6427836  (  1 ) 
  144.8278503    -2.9508040    -0.9848071     0.1736517  (  1 ) 
 ( 12 ) 
  145.7088165    -4.2892470    -0.9396927    -0.3420199  (  1 ) 
  146.0065002    -5.1071243    -0.6427889    -0.7660434  (  1 ) 
  146.6732788    -5.6666131    -0.1736564    -0.9848063  (  1 ) 
  147.5304718    -5.8177681     0.3420192    -0.9396930  (  1 ) 
  148.3483124    -5.5201015     0.7660543    -0.6427758  (  1 ) 
  148.9078064    -4.8533044     0.9848054    -0.1736615  (  1 ) 
  149.0589447    -3.9961462     0.9396871     0.3420352  (  1 ) 
  148.7612610    -3.1782813     0.6427892     0.7660431  (  1 ) 
  148.0944519    -2.6187665     0.1736453     0.9848083  (  1 ) 
  147.2373199    -2.4676323    -0.3420169     0.9396938  (  1 ) 
  146.4194489    -2.7653100    -0.7660478     0.6427836  (  1 ) 
  145.8599701    -3.4320819    -0.9848071     0.1736517  (  1 ) 
tell says: 3386102
==========================================
             Table block 1
==========================================
# start of ints and floats, tell says 3386102
#--------------------------------------------------------------
 11  0     #.....refno, no of doors, ndoor refs
 147.3838959   29.3929996   -4.1427078    0.0000000    0.0000000    1.0000000    0.0000000 
# start of variable table, tell says 3386138
#--------------------------------------------------------------
1 
1 
1 
12 
 138.9019928   -4.8847542  140.4093781   -9.0262642    0.9396927    0.3420199    0.3420199   -0.9396927    4.4073024 3 
 140.4093781   -9.0262642  143.7855682  -11.8592339    0.6427889    0.7660434    0.7660434   -0.6427889    4.4073095 3 
 143.7855682  -11.8592339  148.1259613  -12.6245995    0.1736564    0.9848063    0.9848063   -0.1736564    4.4073572 3 
 148.1259613  -12.6245995  152.2675018  -11.1172066   -0.3420192    0.9396930    0.9396930    0.3420192    4.4073339 3 
 152.2675018  -11.1172066  155.1004181   -7.7409630   -0.7660543    0.6427758    0.6427758    0.7660543    4.4073162 3 
 155.1004181   -7.7409630  155.8657990   -3.4006157   -0.9848054    0.1736615    0.1736615    0.9848054    4.4073148 3 
 155.8657990   -3.4006157  154.3583374    0.7408943   -0.9396871   -0.3420352   -0.3420352    0.9396871    4.4073286 3 
 154.3583374    0.7408943  150.9821320    3.5738792   -0.6427892   -0.7660431   -0.7660431    0.6427892    4.4073310 3 
 150.9821320    3.5738792  146.6417999    4.3391838   -0.1736453   -0.9848083   -0.9848083    0.1736453    4.4072862 3 
 146.6417999    4.3391838  142.5002899    2.8318138    0.3420169   -0.9396938   -0.9396938   -0.3420169    4.4072971 3 
 142.5002899    2.8318138  139.6673279   -0.5444145    0.7660478   -0.6427836   -0.6427836   -0.7660478    4.4073339 3 
 139.6673279   -0.5444145  138.9019928   -4.8847542    0.9848071   -0.1736517   -0.1736517   -0.9848071    4.4072990 3 
 140.4393616   -3.2610216 
5    object number or -1 ...
0 
  29.3929996    0.0000000    0.0000000 
1 ...1 std world, 2 std siege, 4 entry to siegetower allows lowering of drawbridge?, 5 exit to docking position
1 
1 
12 
 138.9019928   -4.8847542  140.4093781   -9.0262642    0.9396927    0.3420199    0.3420199   -0.9396927    4.4073024 3 
 140.4093781   -9.0262642  143.7855682  -11.8592339    0.6427889    0.7660434    0.7660434   -0.6427889    4.4073095 3 
 143.7855682  -11.8592339  148.1259613  -12.6245995    0.1736564    0.9848063    0.9848063   -0.1736564    4.4073572 3 
 148.1259613  -12.6245995  152.2675018  -11.1172066   -0.3420192    0.9396930    0.9396930    0.3420192    4.4073339 3 
 152.2675018  -11.1172066  155.1004181   -7.7409630   -0.7660543    0.6427758    0.6427758    0.7660543    4.4073162 3 
 155.1004181   -7.7409630  155.8657990   -3.4006157   -0.9848054    0.1736615    0.1736615    0.9848054    4.4073148 3 
 155.8657990   -3.4006157  154.3583374    0.7408943   -0.9396871   -0.3420352   -0.3420352    0.9396871    4.4073286 3 
 154.3583374    0.7408943  150.9821320    3.5738792   -0.6427892   -0.7660431   -0.7660431    0.6427892    4.4073310 3 
 150.9821320    3.5738792  146.6417999    4.3391838   -0.1736453   -0.9848083   -0.9848083    0.1736453    4.4072862 3 
 146.6417999    4.3391838  142.5002899    2.8318138    0.3420169   -0.9396938   -0.9396938   -0.3420169    4.4072971 3 
 142.5002899    2.8318138  139.6673279   -0.5444145    0.7660478   -0.6427836   -0.6427836   -0.7660478    4.4073339 3 
 139.6673279   -0.5444145  138.9019928   -4.8847542    0.9848071   -0.1736517   -0.1736517   -0.9848071    4.4072990 3 
 140.4393616   -3.2610216 
   0.5000000 
 ( 6 ) 
 ( 48 ) 
  140.0364685    -4.7855029    -0.9396927    -0.3420199  (  1 ) 
  140.3628998    -5.6823959    -0.9396927    -0.3420199  (  1 ) 
  140.6893463    -6.5792885    -0.9396927    -0.3420199  (  1 ) 
  141.0157928    -7.4761815    -0.9396927    -0.3420199  (  1 ) 
  141.3422394    -8.3730745    -0.6427889    -0.7660434  (  1 ) 
  142.0733795    -8.9865885    -0.6427889    -0.7660434  (  1 ) 
  142.8045349    -9.6001024    -0.6427889    -0.7660434  (  1 ) 
  143.5356903   -10.2136164    -0.6427889    -0.7660434  (  1 ) 
  144.2668457   -10.8271303    -0.1736564    -0.9848063  (  1 ) 
  145.2068176   -10.9928799    -0.1736564    -0.9848063  (  1 ) 
  146.1467896   -11.1586294    -0.1736564    -0.9848063  (  1 ) 
  147.0867462   -11.3243780    -0.1736564    -0.9848063  (  1 ) 
  148.0267181   -11.4901276     0.3420192    -0.9396930  (  1 ) 
  148.9236145   -11.1636848     0.3420192    -0.9396930  (  1 ) 
  149.8205109   -10.8372421     0.3420192    -0.9396930  (  1 ) 
  150.7174072   -10.5107985     0.3420192    -0.9396930  (  1 ) 
  151.6143036   -10.1843557     0.7660543    -0.6427758  (  1 ) 
  152.2277985    -9.4531889     0.7660543    -0.6427758  (  1 ) 
  152.8413086    -8.7220211     0.7660543    -0.6427758  (  1 ) 
  153.4548187    -7.9908538     0.7660543    -0.6427758  (  1 ) 
  154.0683136    -7.2596865     0.9848054    -0.1736615  (  1 ) 
  154.2340698    -6.3197327     0.9848054    -0.1736615  (  1 ) 
  154.3998260    -5.3797789     0.9848054    -0.1736615  (  1 ) 
  154.5655670    -4.4398246     0.9848054    -0.1736615  (  1 ) 
  154.7313232    -3.4998708     0.9396871     0.3420352  (  1 ) 
  154.4048615    -2.6029785     0.9396871     0.3420352  (  1 ) 
  154.0784149    -1.7060862     0.9396871     0.3420352  (  1 ) 
  153.7519531    -0.8091939     0.9396871     0.3420352  (  1 ) 
  153.4254913     0.0876984     0.6427892     0.7660431  (  1 ) 
  152.6943359     0.7012167     0.6427892     0.7660431  (  1 ) 
  151.9631653     1.3147351     0.6427892     0.7660431  (  1 ) 
  151.2320099     1.9282533     0.6427892     0.7660431  (  1 ) 
  150.5008545     2.5417717     0.1736453     0.9848083  (  1 ) 
  149.5608978     2.7075074     0.1736453     0.9848083  (  1 ) 
  148.6209564     2.8732431     0.1736453     0.9848083  (  1 ) 
  147.6809998     3.0389788     0.1736453     0.9848083  (  1 ) 
  146.7410583     3.2047145    -0.3420169     0.9396938  (  1 ) 
  145.8441620     2.8782759    -0.3420169     0.9396938  (  1 ) 
  144.9472656     2.5518372    -0.3420169     0.9396938  (  1 ) 
  144.0503693     2.2253985    -0.3420169     0.9396938  (  1 ) 
  143.1534882     1.8989599    -0.7660478     0.6427836  (  1 ) 
  142.5399628     1.1677967    -0.7660478     0.6427836  (  1 ) 
  141.9264526     0.4366337    -0.7660478     0.6427836  (  1 ) 
  141.3129425    -0.2945293    -0.7660478     0.6427836  (  1 ) 
  140.6994324    -1.0256925    -0.9848071     0.1736517  (  1 ) 
  140.5336914    -1.9656451    -0.9848071     0.1736517  (  1 ) 
  140.3679504    -2.9055977    -0.9848071     0.1736517  (  1 ) 
  140.2022095    -3.8455503    -0.9848071     0.1736517  (  1 ) 
 ( 48 ) 
  141.1709290    -4.6862516    -0.9396927    -0.3420199  (  1 ) 
  141.4469757    -5.4446597    -0.9396927    -0.3420199  (  1 ) 
  141.7230072    -6.2030683    -0.9396927    -0.3420199  (  1 ) 
  141.9990540    -6.9614763    -0.9396927    -0.3420199  (  1 ) 
  142.2750854    -7.7198844    -0.6427889    -0.7660434  (  1 ) 
  142.8933411    -8.2386703    -0.6427889    -0.7660434  (  1 ) 
  143.5116119    -8.7574558    -0.6427889    -0.7660434  (  1 ) 
  144.1298676    -9.2762413    -0.6427889    -0.7660434  (  1 ) 
  144.7481384    -9.7950268    -0.1736564    -0.9848063  (  1 ) 
  145.5429688    -9.9351845    -0.1736564    -0.9848063  (  1 ) 
  146.3377991   -10.0753412    -0.1736564    -0.9848063  (  1 ) 
  147.1326294   -10.2154989    -0.1736564    -0.9848063  (  1 ) 
  147.9274597   -10.3556557     0.3420192    -0.9396930  (  1 ) 
  148.6858673   -10.0796185     0.3420192    -0.9396930  (  1 ) 
  149.4442902    -9.8035803     0.3420192    -0.9396930  (  1 ) 
  150.2026978    -9.5275431     0.3420192    -0.9396930  (  1 ) 
  150.9611053    -9.2515049     0.7660543    -0.6427758  (  1 ) 
  151.4798737    -8.6332312     0.7660543    -0.6427758  (  1 ) 
  151.9986572    -8.0149574     0.7660543    -0.6427758  (  1 ) 
  152.5174408    -7.3966837     0.7660543    -0.6427758  (  1 ) 
  153.0362091    -6.7784100     0.9848054    -0.1736615  (  1 ) 
  153.1763763    -5.9835892     0.9848054    -0.1736615  (  1 ) 
  153.3165283    -5.1887679     0.9848054    -0.1736615  (  1 ) 
  153.4566956    -4.3939471     0.9848054    -0.1736615  (  1 ) 
  153.5968475    -3.5991259     0.9396871     0.3420352  (  1 ) 
  153.3208008    -2.8407187     0.9396871     0.3420352  (  1 ) 
  153.0447540    -2.0823116     0.9396871     0.3420352  (  1 ) 
  152.7686920    -1.3239046     0.9396871     0.3420352  (  1 ) 
  152.4926453    -0.5654975     0.6427892     0.7660431  (  1 ) 
  151.8743744    -0.0467072     0.6427892     0.7660431  (  1 ) 
  151.2561035     0.4720832     0.6427892     0.7660431  (  1 ) 
  150.6378479     0.9908736     0.6427892     0.7660431  (  1 ) 
  150.0195770     1.5096639     0.1736453     0.9848083  (  1 ) 
  149.2247620     1.6498092     0.1736453     0.9848083  (  1 ) 
  148.4299469     1.7899545     0.1736453     0.9848083  (  1 ) 
  147.6351166     1.9300998     0.1736453     0.9848083  (  1 ) 
  146.8403015     2.0702450    -0.3420169     0.9396938  (  1 ) 
  146.0818939     1.7942103    -0.3420169     0.9396938  (  1 ) 
  145.3234863     1.5181755    -0.3420169     0.9396938  (  1 ) 
  144.5650787     1.2421407    -0.3420169     0.9396938  (  1 ) 
  143.8066711     0.9661058    -0.7660478     0.6427836  (  1 ) 
  143.2878876     0.3478368    -0.7660478     0.6427836  (  1 ) 
  142.7691040    -0.2704322    -0.7660478     0.6427836  (  1 ) 
  142.2503204    -0.8887013    -0.7660478     0.6427836  (  1 ) 
  141.7315369    -1.5069703    -0.9848071     0.1736517  (  1 ) 
  141.5913849    -2.3017907    -0.9848071     0.1736517  (  1 ) 
  141.4512329    -3.0966110    -0.9848071     0.1736517  (  1 ) 
  141.3110809    -3.8914316    -0.9848071     0.1736517  (  1 ) 
 ( 36 ) 
  142.3054047    -4.5870008    -0.9396927    -0.3420199  (  1 ) 
  142.6062469    -5.4135652    -0.9396927    -0.3420199  (  1 ) 
  142.9070892    -6.2401295    -0.9396927    -0.3420199  (  1 ) 
  143.2079468    -7.0666943    -0.6427889    -0.7660434  (  1 ) 
  143.8817596    -7.6321039    -0.6427889    -0.7660434  (  1 ) 
  144.5555878    -8.1975136    -0.6427889    -0.7660434  (  1 ) 
  145.2294159    -8.7629232    -0.1736564    -0.9848063  (  1 ) 
  146.0956879    -8.9156771    -0.1736564    -0.9848063  (  1 ) 
  146.9619446    -9.0684299    -0.1736564    -0.9848063  (  1 ) 
  147.8282166    -9.2211838     0.3420192    -0.9396930  (  1 ) 
  148.6547852    -8.9203405     0.3420192    -0.9396930  (  1 ) 
  149.4813385    -8.6194973     0.3420192    -0.9396930  (  1 ) 
  150.3079071    -8.3186541     0.7660543    -0.6427758  (  1 ) 
  150.8733063    -7.6448140     0.7660543    -0.6427758  (  1 ) 
  151.4387054    -6.9709740     0.7660543    -0.6427758  (  1 ) 
  152.0041046    -6.2971334     0.9848054    -0.1736615  (  1 ) 
  152.1568604    -5.4308829     0.9848054    -0.1736615  (  1 ) 
  152.3096161    -4.5646319     0.9848054    -0.1736615  (  1 ) 
  152.4623718    -3.6983809     0.9396871     0.3420352  (  1 ) 
  152.1615143    -2.8718185     0.9396871     0.3420352  (  1 ) 
  151.8606567    -2.0452559     0.9396871     0.3420352  (  1 ) 
  151.5597992    -1.2186935     0.6427892     0.7660431  (  1 ) 
  150.8859558    -0.6532769     0.6427892     0.7660431  (  1 ) 
  150.2121277    -0.0878603     0.6427892     0.7660431  (  1 ) 
  149.5382996     0.4775563     0.1736453     0.9848083  (  1 ) 
  148.6720428     0.6302961     0.1736453     0.9848083  (  1 ) 
  147.8058014     0.7830359     0.1736453     0.9848083  (  1 ) 
  146.9395599     0.9357758    -0.3420169     0.9396938  (  1 ) 
  146.1129913     0.6349344    -0.3420169     0.9396938  (  1 ) 
  145.2864380     0.3340932    -0.3420169     0.9396938  (  1 ) 
  144.4598694     0.0332518    -0.7660478     0.6427836  (  1 ) 
  143.8944550    -0.6405815    -0.7660478     0.6427836  (  1 ) 
  143.3290558    -1.3144149    -0.7660478     0.6427836  (  1 ) 
  142.7636414    -1.9882482    -0.9848071     0.1736517  (  1 ) 
  142.6109009    -2.8544991    -0.9848071     0.1736517  (  1 ) 
  142.4581451    -3.7207499    -0.9848071     0.1736517  (  1 ) 
 ( 24 ) 
  143.4398804    -4.4877496    -0.9396927    -0.3420199  (  1 ) 
  143.7903290    -5.4506269    -0.9396927    -0.3420199  (  1 ) 
  144.1407928    -6.4135041    -0.6427889    -0.7660434  (  1 ) 
  144.9257507    -7.0721622    -0.6427889    -0.7660434  (  1 ) 
  145.7107086    -7.7308202    -0.1736564    -0.9848063  (  1 ) 
  146.7198334    -7.9087663    -0.1736564    -0.9848063  (  1 ) 
  147.7289734    -8.0867119     0.3420192    -0.9396930  (  1 ) 
  148.6918335    -7.7362576     0.3420192    -0.9396930  (  1 ) 
  149.6547089    -7.3858032     0.7660543    -0.6427758  (  1 ) 
  150.3133545    -6.6008301     0.7660543    -0.6427758  (  1 ) 
  150.9720001    -5.8158569     0.9848054    -0.1736615  (  1 ) 
  151.1499481    -4.8067465     0.9848054    -0.1736615  (  1 ) 
  151.3278961    -3.7976360     0.9396871     0.3420352  (  1 ) 
  150.9774323    -2.8347628     0.9396871     0.3420352  (  1 ) 
  150.6269531    -1.8718894     0.6427892     0.7660431  (  1 ) 
  149.8419800    -1.2132204     0.6427892     0.7660431  (  1 ) 
  149.0570221    -0.5545513     0.1736453     0.9848083  (  1 ) 
  148.0479126    -0.3766225     0.1736453     0.9848083  (  1 ) 
  147.0388184    -0.1986936    -0.3420169     0.9396938  (  1 ) 
  146.0759430    -0.5491479    -0.3420169     0.9396938  (  1 ) 
  145.1130676    -0.8996021    -0.7660478     0.6427836  (  1 ) 
  144.4544067    -1.6845641    -0.7660478     0.6427836  (  1 ) 
  143.7957458    -2.4695261    -0.9848071     0.1736517  (  1 ) 
  143.6178131    -3.4786377    -0.9848071     0.1736517  (  1 ) 
 ( 12 ) 
  144.5743408    -4.3884983    -0.9396927    -0.3420199  (  1 ) 
  145.0736542    -5.7603140    -0.6427889    -0.7660434  (  1 ) 
  146.1919861    -6.6987166    -0.1736564    -0.9848063  (  1 ) 
  147.6297150    -6.9522400     0.3420192    -0.9396930  (  1 ) 
  149.0015106    -6.4529524     0.7660543    -0.6427758  (  1 ) 
  149.9398956    -5.3345809     0.9848054    -0.1736615  (  1 ) 
  150.1934204    -3.8968911     0.9396871     0.3420352  (  1 ) 
  149.6941071    -2.5250852     0.6427892     0.7660431  (  1 ) 
  148.5757294    -1.5866590     0.1736453     0.9848083  (  1 ) 
  147.1380615    -1.3331630    -0.3420169     0.9396938  (  1 ) 
  145.7662506    -1.8324561    -0.7660478     0.6427836  (  1 ) 
  144.8278503    -2.9508040    -0.9848071     0.1736517  (  1 ) 
 ( 12 ) 
  145.7088165    -4.2892470    -0.9396927    -0.3420199  (  1 ) 
  146.0065002    -5.1071243    -0.6427889    -0.7660434  (  1 ) 
  146.6732788    -5.6666131    -0.1736564    -0.9848063  (  1 ) 
  147.5304718    -5.8177681     0.3420192    -0.9396930  (  1 ) 
  148.3483124    -5.5201015     0.7660543    -0.6427758  (  1 ) 
  148.9078064    -4.8533044     0.9848054    -0.1736615  (  1 ) 
  149.0589447    -3.9961462     0.9396871     0.3420352  (  1 ) 
  148.7612610    -3.1782813     0.6427892     0.7660431  (  1 ) 
  148.0944519    -2.6187665     0.1736453     0.9848083  (  1 ) 
  147.2373199    -2.4676323    -0.3420169     0.9396938  (  1 ) 
  146.4194489    -2.7653100    -0.7660478     0.6427836  (  1 ) 
  145.8599701    -3.4320819    -0.9848071     0.1736517  (  1 ) 
tell says: 3390254
==========================================
             Table block 2
==========================================
# start of ints and floats, tell says 3390254
#--------------------------------------------------------------
 12  1   2     #.....refno, no of doors, ndoor refs
 167.5767212   43.3930016  -53.5840302    0.0000000    0.0000000    1.0000000    0.0000000 
# start of variable table, tell says 3390294
#--------------------------------------------------------------
1 
1 
1 
13 
 159.0676270  -53.8812103  160.3562317  -58.0959625    0.9563031    0.2923770    0.2923770   -0.9563031    4.4073391 3 
 160.3562317  -58.0959625  163.5795593  -61.1016922    0.6819896    0.7313619    0.7313619   -0.6819896    4.4072952 3 
 163.5795593  -61.1016922  167.8739319  -62.0931091    0.2249474    0.9743709    0.9743709   -0.2249474    4.4073281 3 
 167.8739319  -62.0931091  172.0886230  -60.8046188   -0.2923571    0.9563092    0.9563092    0.2923571    4.4072475 3 
 172.0886230  -60.8046188  175.0944366  -57.5812836   -0.7313532    0.6819990    0.6819990    0.7313532    4.4073582 3 
 175.0944366  -57.5812836  176.0858154  -53.2869110   -0.9743728    0.2249392    0.2249392    0.9743728    4.4073195 3 
 176.0858154  -53.2869110  174.7972107  -49.0721893   -0.9563025   -0.2923790   -0.2923790    0.9563025    4.4073100 3 
 174.7972107  -49.0721893  171.5739594  -46.0663910   -0.6820066   -0.7313460   -0.7313460    0.6820066    4.4072862 3 
 171.5739594  -46.0663910  167.2796326  -45.0749512   -0.2249546   -0.9743692   -0.9743692    0.2249546    4.4072890 3 
 167.2796326  -45.0749512  167.5768127  -53.5840912    0.9993907    0.0349035    0.0349035   -0.9993907    8.5143280 3 
 167.5768127  -53.5840912  163.0648804  -46.3635559   -0.8480459   -0.5299227   -0.5299227    0.8480459    8.5143213 3 
 163.0648804  -46.3635559  160.0590820  -49.5868607    0.7313517   -0.6820006   -0.6820006   -0.7313517    4.4073253 3 
 160.0590820  -49.5868607  159.0676270  -53.8812103    0.9743688   -0.2249567   -0.2249567   -0.9743688    4.4073148 3 
 160.6878510  -52.3401527 
6    object number or -1 ...
0 
  43.3930016    0.0000000    0.0000000 
1 ...1 std world, 2 std siege, 4 entry to siegetower allows lowering of drawbridge?, 5 exit to docking position
1 
1 
13 
 159.0676270  -53.8812103  160.3562317  -58.0959625    0.9563031    0.2923770    0.2923770   -0.9563031    4.4073391 3 
 160.3562317  -58.0959625  163.5795593  -61.1016922    0.6819896    0.7313619    0.7313619   -0.6819896    4.4072952 3 
 163.5795593  -61.1016922  167.8739319  -62.0931091    0.2249474    0.9743709    0.9743709   -0.2249474    4.4073281 3 
 167.8739319  -62.0931091  172.0886230  -60.8046188   -0.2923571    0.9563092    0.9563092    0.2923571    4.4072475 3 
 172.0886230  -60.8046188  175.0944366  -57.5812836   -0.7313532    0.6819990    0.6819990    0.7313532    4.4073582 3 
 175.0944366  -57.5812836  176.0858154  -53.2869110   -0.9743728    0.2249392    0.2249392    0.9743728    4.4073195 3 
 176.0858154  -53.2869110  174.7972107  -49.0721893   -0.9563025   -0.2923790   -0.2923790    0.9563025    4.4073100 3 
 174.7972107  -49.0721893  171.5739594  -46.0663910   -0.6820066   -0.7313460   -0.7313460    0.6820066    4.4072862 3 
 171.5739594  -46.0663910  167.2796326  -45.0749512   -0.2249546   -0.9743692   -0.9743692    0.2249546    4.4072890 3 
 167.2796326  -45.0749512  167.5768127  -53.5840912    0.9993907    0.0349035    0.0349035   -0.9993907    8.5143280 3 
 167.5768127  -53.5840912  163.0648804  -46.3635559   -0.8480459   -0.5299227   -0.5299227    0.8480459    8.5143213 3 
 163.0648804  -46.3635559  160.0590820  -49.5868607    0.7313517   -0.6820006   -0.6820006   -0.7313517    4.4073253 3 
 160.0590820  -49.5868607  159.0676270  -53.8812103    0.9743688   -0.2249567   -0.2249567   -0.9743688    4.4073148 3 
 160.6878510  -52.3401527 
   0.5000000 
 ( 3 ) 
 ( 69 ) 
  160.2057343   -53.8414650    -0.9563031    -0.2923770  (  1 ) 
  160.4848022   -54.7542191    -0.9563031    -0.2923770  (  1 ) 
  160.7638702   -55.6669731    -0.9563031    -0.2923770  (  1 ) 
  161.0429230   -56.5797272    -0.9563031    -0.2923770  (  1 ) 
  161.3219910   -57.4924812    -0.6819896    -0.7313619  (  1 ) 
  162.0200348   -58.1434059    -0.6819896    -0.7313619  (  1 ) 
  162.7180939   -58.7943306    -0.6819896    -0.7313619  (  1 ) 
  163.4161377   -59.4452591    -0.6819896    -0.7313619  (  1 ) 
  164.1141815   -60.0961838    -0.2249474    -0.9743709  (  1 ) 
  165.0441895   -60.3108902    -0.2249474    -0.9743709  (  1 ) 
  165.9741974   -60.5255928    -0.2249474    -0.9743709  (  1 ) 
  166.9041901   -60.7402992    -0.2249474    -0.9743709  (  1 ) 
  167.8341980   -60.9550018     0.2923571    -0.9563092  (  1 ) 
  168.7469330   -60.6759644     0.2923571    -0.9563092  (  1 ) 
  169.6596680   -60.3969269     0.2923571    -0.9563092  (  1 ) 
  170.5724182   -60.1178894     0.2923571    -0.9563092  (  1 ) 
  171.4851532   -59.8388519     0.7313532    -0.6819990  (  1 ) 
  172.1360931   -59.1408005     0.7313532    -0.6819990  (  1 ) 
  172.7870483   -58.4427528     0.7313532    -0.6819990  (  1 ) 
  173.4379883   -57.7447014     0.7313532    -0.6819990  (  1 ) 
  174.0889282   -57.0466537     0.9743728    -0.2249392  (  1 ) 
  174.3036194   -56.1166573     0.9743728    -0.2249392  (  1 ) 
  174.5183105   -55.1866608     0.9743728    -0.2249392  (  1 ) 
  174.7330170   -54.2566643     0.9743728    -0.2249392  (  1 ) 
  174.9477081   -53.3266678     0.9563025     0.2923790  (  1 ) 
  174.6686401   -52.4139137     0.9563025     0.2923790  (  1 ) 
  174.3895721   -51.5011635     0.9563025     0.2923790  (  1 ) 
  174.1105194   -50.5884132     0.9563025     0.2923790  (  1 ) 
  173.8314514   -49.6756592     0.6820066     0.7313460  (  1 ) 
  173.1334229   -49.0247192     0.6820066     0.7313460  (  1 ) 
  172.4353790   -48.3737755     0.6820066     0.7313460  (  1 ) 
  171.7373505   -47.7228355     0.6820066     0.7313460  (  1 ) 
  171.0393219   -47.0718918     0.2249546     0.9743692  (  1 ) 
  170.1692047   -46.8710098     0.2249546     0.9743692  (  1 ) 
  169.2991028   -46.6701279     0.2249546     0.9743692  (  1 ) 
  168.4290009   -46.4692421    -0.9993907    -0.0349035  (  1 ) 
  168.4568939   -47.2677574    -0.9993907    -0.0349035  (  1 ) 
  168.4847717   -48.0662727    -0.9993907    -0.0349035  (  1 ) 
  168.5126648   -48.8647881    -0.9993907    -0.0349035  (  1 ) 
  168.5405579   -49.6633034    -0.9993907    -0.0349035  (  1 ) 
  168.5684357   -50.4618187    -0.9993907    -0.0349035  (  1 ) 
  168.5963287   -51.2603340    -0.9993907    -0.0349035  (  1 ) 
  168.6242218   -52.0588455    -0.9993907    -0.0349035  (  1 ) 
  168.6520996   -52.8573608    -0.9993907    -0.0349035  (  1 ) 
  168.6799927   -53.6558762    -0.9993907    -0.0349035  (  1 ) 
  168.7078857   -54.4543915    -0.9993907    -0.0349035  (  1 ) 
  168.7357635   -55.2529068    -0.9993907    -0.0349035  (  1 ) 
  168.7636566   -56.0514221    -0.9993907    -0.0349035  (  1 ) 
  168.7915497   -56.8499374    -0.9993907    -0.0349035  (  1 ) 
  168.8194275   -57.6484528     0.8480459     0.5299227  (  1 ) 
  167.9726105   -56.2932701     0.8480459     0.5299227  (  1 ) 
  167.5491943   -55.6156769     0.8480459     0.5299227  (  1 ) 
  167.1257935   -54.9380875     0.8480459     0.5299227  (  1 ) 
  166.7023773   -54.2604942     0.8480459     0.5299227  (  1 ) 
  166.2789764   -53.5829048     0.8480459     0.5299227  (  1 ) 
  165.8555603   -52.9053154     0.8480459     0.5299227  (  1 ) 
  165.4321594   -52.2277222     0.8480459     0.5299227  (  1 ) 
  165.0087433   -51.5501328     0.8480459     0.5299227  (  1 ) 
  164.5853271   -50.8725395     0.8480459     0.5299227  (  1 ) 
  164.1619263   -50.1949501     0.8480459     0.5299227  (  1 ) 
  163.7385101   -49.5173569     0.8480459     0.5299227  (  1 ) 
  163.3151093   -48.8397675     0.8480459     0.5299227  (  1 ) 
  162.8916931   -48.1621780    -0.7313517     0.6820006  (  1 ) 
  162.2826538   -48.8152847    -0.7313517     0.6820006  (  1 ) 
  161.6736145   -49.4683914    -0.7313517     0.6820006  (  1 ) 
  161.0645905   -50.1215019    -0.9743688     0.2249567  (  1 ) 
  160.8498688   -51.0514908    -0.9743688     0.2249567  (  1 ) 
  160.6351624   -51.9814835    -0.9743688     0.2249567  (  1 ) 
  160.4204559   -52.9114761    -0.9743688     0.2249567  (  1 ) 
 ( 63 ) 
  161.3438568   -53.8017235    -0.9563031    -0.2923770  (  1 ) 
  161.5798187   -54.5735397    -0.9563031    -0.2923770  (  1 ) 
  161.8157959   -55.3453598    -0.9563031    -0.2923770  (  1 ) 
  162.0517731   -56.1171799    -0.9563031    -0.2923770  (  1 ) 
  162.2877502   -56.8889961    -0.6819896    -0.7313619  (  1 ) 
  162.8780060   -57.4394150    -0.6819896    -0.7313619  (  1 ) 
  163.4682770   -57.9898376    -0.6819896    -0.7313619  (  1 ) 
  164.0585480   -58.5402565    -0.6819896    -0.7313619  (  1 ) 
  164.6488190   -59.0906792    -0.2249474    -0.9743709  (  1 ) 
  165.4352264   -59.2722321    -0.2249474    -0.9743709  (  1 ) 
  166.2216339   -59.4537849    -0.2249474    -0.9743709  (  1 ) 
  167.0080414   -59.6353416    -0.2249474    -0.9743709  (  1 ) 
  167.7944641   -59.8168945     0.2923571    -0.9563092  (  1 ) 
  168.5662689   -59.5809402     0.2923571    -0.9563092  (  1 ) 
  169.3380737   -59.3449898     0.2923571    -0.9563092  (  1 ) 
  170.1098785   -59.1090355     0.2923571    -0.9563092  (  1 ) 
  170.8816833   -58.8730850     0.7313532    -0.6819990  (  1 ) 
  171.4321136   -58.2828178     0.7313532    -0.6819990  (  1 ) 
  171.9825592   -57.6925545     0.7313532    -0.6819990  (  1 ) 
  172.5329895   -57.1022873     0.7313532    -0.6819990  (  1 ) 
  173.0834198   -56.5120201     0.9743728    -0.2249392  (  1 ) 
  173.2649689   -55.7256203     0.9743728    -0.2249392  (  1 ) 
  173.4465027   -54.9392204     0.9743728    -0.2249392  (  1 ) 
  173.6280518   -54.1528206     0.9743728    -0.2249392  (  1 ) 
  173.8096008   -53.3664207     0.9563025     0.2923790  (  1 ) 
  173.5736237   -52.5945969     0.9563025     0.2923790  (  1 ) 
  173.3376465   -51.8227768     0.9563025     0.2923790  (  1 ) 
  173.1016693   -51.0509529     0.9563025     0.2923790  (  1 ) 
  172.8656921   -50.2791290     0.6820066     0.7313460  (  1 ) 
  172.2754364   -49.7286949     0.6820066     0.7313460  (  1 ) 
  171.6851807   -49.1782608     0.6820066     0.7313460  (  1 ) 
  171.0949249   -48.6278267     0.6820066     0.7313460  (  1 ) 
  170.5046692   -48.0773926     0.2249546     0.9743692  (  1 ) 
  169.5783691   -47.8635368    -0.9993907    -0.0349035  (  1 ) 
  169.6068115   -48.6781998    -0.9993907    -0.0349035  (  1 ) 
  169.6352692   -49.4928627    -0.9993907    -0.0349035  (  1 ) 
  169.6637268   -50.3075256    -0.9993907    -0.0349035  (  1 ) 
  169.6921692   -51.1221886    -0.9993907    -0.0349035  (  1 ) 
  169.7206268   -51.9368515    -0.9993907    -0.0349035  (  1 ) 
  169.7490692   -52.7515144    -0.9993907    -0.0349035  (  1 ) 
  169.7775269   -53.5661774    -0.9993907    -0.0349035  (  1 ) 
  169.8059845   -54.3808403    -0.9993907    -0.0349035  (  1 ) 
  169.8344269   -55.1955032    -0.9993907    -0.0349035  (  1 ) 
  169.8628845   -56.0101700    -0.9993907    -0.0349035  (  1 ) 
  169.8913422   -56.8248329    -0.9993907    -0.0349035  (  1 ) 
  169.9197845   -57.6394958    -0.9993907    -0.0349035  (  1 ) 
  167.9021759   -58.2563362     0.8480459     0.5299227  (  1 ) 
  167.4702148   -57.5650406     0.8480459     0.5299227  (  1 ) 
  167.0382385   -56.8737450     0.8480459     0.5299227  (  1 ) 
  166.6062622   -56.1824532     0.8480459     0.5299227  (  1 ) 
  166.1742859   -55.4911575     0.8480459     0.5299227  (  1 ) 
  165.7423248   -54.7998619     0.8480459     0.5299227  (  1 ) 
  165.3103485   -54.1085663     0.8480459     0.5299227  (  1 ) 
  164.8783722   -53.4172707     0.8480459     0.5299227  (  1 ) 
  164.4463959   -52.7259750     0.8480459     0.5299227  (  1 ) 
  164.0144196   -52.0346832     0.8480459     0.5299227  (  1 ) 
  163.5824585   -51.3433876     0.8480459     0.5299227  (  1 ) 
  163.1504822   -50.6520920     0.8480459     0.5299227  (  1 ) 
  162.7185059   -49.9607964    -0.7313517     0.6820006  (  1 ) 
  162.0700836   -50.6561394    -0.9743688     0.2249567  (  1 ) 
  161.8885193   -51.4425354    -0.9743688     0.2249567  (  1 ) 
  161.7069702   -52.2289314    -0.9743688     0.2249567  (  1 ) 
  161.5254059   -53.0153275    -0.9743688     0.2249567  (  1 ) 
 ( 35 ) 
  162.4819641   -53.7619781    -0.9563031    -0.2923770  (  1 ) 
  162.7391357   -54.6031570    -0.9563031    -0.2923770  (  1 ) 
  162.9963226   -55.4443359    -0.9563031    -0.2923770  (  1 ) 
  163.2534943   -56.2855148    -0.6819896    -0.7313619  (  1 ) 
  163.8968201   -56.8853989    -0.6819896    -0.7313619  (  1 ) 
  164.5401306   -57.4852867    -0.6819896    -0.7313619  (  1 ) 
  165.1834412   -58.0851707    -0.2249474    -0.9743709  (  1 ) 
  166.0405273   -58.2830429    -0.2249474    -0.9743709  (  1 ) 
  166.8976288   -58.4809151    -0.2249474    -0.9743709  (  1 ) 
  170.8781128   -57.2640076     0.7313532    -0.6819990  (  1 ) 
  171.4780121   -56.6207008     0.7313532    -0.6819990  (  1 ) 
  172.0779114   -55.9773903     0.9743728    -0.2249392  (  1 ) 
  172.2757721   -55.1203194     0.9743728    -0.2249392  (  1 ) 
  172.4736328   -54.2632484     0.9743728    -0.2249392  (  1 ) 
  172.6714935   -53.4061775     0.9563025     0.2923790  (  1 ) 
  172.4143066   -52.5649834     0.9563025     0.2923790  (  1 ) 
  172.1571198   -51.7237930     0.9563025     0.2923790  (  1 ) 
  171.8999329   -50.8826027     0.6820066     0.7313460  (  1 ) 
  171.2566376   -50.2826996     0.6820066     0.7313460  (  1 ) 
  170.6133270   -49.6827965     0.6820066     0.7313460  (  1 ) 
  170.7854309   -50.9097595    -0.9993907    -0.0349035  (  1 ) 
  170.8142700   -51.7357292    -0.9993907    -0.0349035  (  1 ) 
  170.8431244   -52.5616951    -0.9993907    -0.0349035  (  1 ) 
  170.8719635   -53.3876648    -0.9993907    -0.0349035  (  1 ) 
  170.9008179   -54.2136307    -0.9993907    -0.0349035  (  1 ) 
  170.9296570   -55.0395966    -0.9993907    -0.0349035  (  1 ) 
  170.9585114   -55.8655663    -0.9993907    -0.0349035  (  1 ) 
  166.0490570   -57.3665199     0.8480459     0.5299227  (  1 ) 
  165.6110992   -56.6656303     0.8480459     0.5299227  (  1 ) 
  165.1731262   -55.9647446     0.8480459     0.5299227  (  1 ) 
  164.7351532   -55.2638550     0.8480459     0.5299227  (  1 ) 
  164.2971954   -54.5629692     0.8480459     0.5299227  (  1 ) 
  163.8592224   -53.8620796     0.8480459     0.5299227  (  1 ) 
  163.4212494   -53.1611938     0.8480459     0.5299227  (  1 ) 
  162.9832916   -52.4603043     0.8480459     0.5299227  (  1 ) 
tell says: 3394257
==========================================
             Table block 3
==========================================
# start of ints and floats, tell says 3394257
#--------------------------------------------------------------
 13  1   4     #.....refno, no of doors, ndoor refs
 142.1967621   29.3929996 -124.1014099    0.0000000    0.0000000    1.0000000    0.0000000 
# start of variable table, tell says 3394297
#--------------------------------------------------------------
1 
1 
1 
12 
 133.6876221 -124.3984985  134.9763184 -128.6133118    0.9562985    0.2923922    0.2923922   -0.9562985    4.4074244 3 
 134.9763184 -128.6133118  138.1994781 -131.6191101    0.6820170    0.7313364    0.7313364   -0.6820170    4.4072194 3 
 138.1994781 -131.6191101  142.4938354 -132.6105042    0.2249432    0.9743719    0.9743719   -0.2249432    4.4073081 3 
 142.4938354 -132.6105042  146.7086334 -131.3219299   -0.2923678    0.9563060    0.9563060    0.2923678    4.4073739 3 
 146.7086334 -131.3219299  149.7144012 -128.0986481   -0.7313527    0.6819994    0.6819994    0.7313527    4.4072881 3 
 149.7144012 -128.0986481  150.7059021 -123.8042603   -0.9743669    0.2249647    0.2249647    0.9743669    4.4073620 3 
 150.7059021 -123.8042603  149.4172211 -119.5894852   -0.9562987   -0.2923914   -0.2923914    0.9562987    4.4073834 3 
 149.4172211 -119.5894852  146.1939392 -116.5836563   -0.6820068   -0.7313458   -0.7313458    0.6820068    4.4073296 3 
 146.1939392 -116.5836563  141.8996124 -115.5923080   -0.2249349   -0.9743738   -0.9743738    0.2249349    4.4072685 3 
 141.8996124 -115.5923080  137.6848145 -116.8808975    0.2923710   -0.9563050   -0.9563050   -0.2923710    4.4073787 3 
 137.6848145 -116.8808975  134.6791382 -120.1042099    0.7313663   -0.6819848   -0.6819848   -0.7313663    4.4072475 3 
 134.6791382 -120.1042099  133.6876221 -124.3984985    0.9743650   -0.2249729   -0.2249729   -0.9743650    4.4072690 3 
 135.3078308 -122.8574142 
7    object number or -1 ...
0 
  29.3929996    0.0000000    0.0000000 
1 ...1 std world, 2 std siege, 4 entry to siegetower allows lowering of drawbridge?, 5 exit to docking position
1 
1 
12 
 133.6876221 -124.3984985  134.9763184 -128.6133118    0.9562985    0.2923922    0.2923922   -0.9562985    4.4074244 3 
 134.9763184 -128.6133118  138.1994781 -131.6191101    0.6820170    0.7313364    0.7313364   -0.6820170    4.4072194 3 
 138.1994781 -131.6191101  142.4938354 -132.6105042    0.2249432    0.9743719    0.9743719   -0.2249432    4.4073081 3 
 142.4938354 -132.6105042  146.7086334 -131.3219299   -0.2923678    0.9563060    0.9563060    0.2923678    4.4073739 3 
 146.7086334 -131.3219299  149.7144012 -128.0986481   -0.7313527    0.6819994    0.6819994    0.7313527    4.4072881 3 
 149.7144012 -128.0986481  150.7059021 -123.8042603   -0.9743669    0.2249647    0.2249647    0.9743669    4.4073620 3 
 150.7059021 -123.8042603  149.4172211 -119.5894852   -0.9562987   -0.2923914   -0.2923914    0.9562987    4.4073834 3 
 149.4172211 -119.5894852  146.1939392 -116.5836563   -0.6820068   -0.7313458   -0.7313458    0.6820068    4.4073296 3 
 146.1939392 -116.5836563  141.8996124 -115.5923080   -0.2249349   -0.9743738   -0.9743738    0.2249349    4.4072685 3 
 141.8996124 -115.5923080  137.6848145 -116.8808975    0.2923710   -0.9563050   -0.9563050   -0.2923710    4.4073787 3 
 137.6848145 -116.8808975  134.6791382 -120.1042099    0.7313663   -0.6819848   -0.6819848   -0.7313663    4.4072475 3 
 134.6791382 -120.1042099  133.6876221 -124.3984985    0.9743650   -0.2249729   -0.2249729   -0.9743650    4.4072690 3 
 135.3078308 -122.8574142 
   0.5000000 
 ( 6 ) 
 ( 48 ) 
  134.8257446  -124.3587570    -0.9562985    -0.2923922  (  1 ) 
  135.1048279  -125.2715302    -0.9562985    -0.2923922  (  1 ) 
  135.3839111  -126.1842957    -0.9562985    -0.2923922  (  1 ) 
  135.6629944  -127.0970688    -0.9562985    -0.2923922  (  1 ) 
  135.9420776  -128.0098419    -0.6820170    -0.7313364  (  1 ) 
  136.6400909  -128.6607819    -0.6820170    -0.7313364  (  1 ) 
  137.3381042  -129.3117218    -0.6820170    -0.7313364  (  1 ) 
  138.0361176  -129.9626617    -0.6820170    -0.7313364  (  1 ) 
  138.7341309  -130.6136017    -0.2249432    -0.9743719  (  1 ) 
  139.6641235  -130.8283081    -0.2249432    -0.9743719  (  1 ) 
  140.5941010  -131.0429993    -0.2249432    -0.9743719  (  1 ) 
  141.5240936  -131.2577057    -0.2249432    -0.9743719  (  1 ) 
  142.4540863  -131.4723969     0.2923678    -0.9563060  (  1 ) 
  143.3668518  -131.1933441     0.2923678    -0.9563060  (  1 ) 
  144.2796326  -130.9142761     0.2923678    -0.9563060  (  1 ) 
  145.1923981  -130.6352234     0.2923678    -0.9563060  (  1 ) 
  146.1051636  -130.3561707     0.7313527    -0.6819994  (  1 ) 
  146.7561035  -129.6581268     0.7313527    -0.6819994  (  1 ) 
  147.4070282  -128.9600830     0.7313527    -0.6819994  (  1 ) 
  148.0579681  -128.2620392     0.7313527    -0.6819994  (  1 ) 
  148.7089081  -127.5640030     0.9743669    -0.2249647  (  1 ) 
  148.9236298  -126.6340027     0.9743669    -0.2249647  (  1 ) 
  149.1383514  -125.7040100     0.9743669    -0.2249647  (  1 ) 
  149.3530731  -124.7740097     0.9743669    -0.2249647  (  1 ) 
  149.5677795  -123.8440094     0.9562987     0.2923914  (  1 ) 
  149.2887115  -122.9312439     0.9562987     0.2923914  (  1 ) 
  149.0096283  -122.0184860     0.9562987     0.2923914  (  1 ) 
  148.7305450  -121.1057205     0.9562987     0.2923914  (  1 ) 
  148.4514618  -120.1929626     0.6820068     0.7313458  (  1 ) 
  147.7534332  -119.5420151     0.6820068     0.7313458  (  1 ) 
  147.0553894  -118.8910599     0.6820068     0.7313458  (  1 ) 
  146.3573456  -118.2401123     0.6820068     0.7313458  (  1 ) 
  145.6593018  -117.5891647     0.2249349     0.9743738  (  1 ) 
  144.7293243  -117.3744812     0.2249349     0.9743738  (  1 ) 
  143.7993317  -117.1597900     0.2249349     0.9743738  (  1 ) 
  142.8693542  -116.9451065     0.2249349     0.9743738  (  1 ) 
  141.9393616  -116.7304153    -0.2923710     0.9563050  (  1 ) 
  141.0265961  -117.0094757    -0.2923710     0.9563050  (  1 ) 
  140.1138306  -117.2885361    -0.2923710     0.9563050  (  1 ) 
  139.2010651  -117.5675964    -0.2923710     0.9563050  (  1 ) 
  138.2882996  -117.8466568    -0.7313663     0.6819848  (  1 ) 
  137.6373901  -118.5447006    -0.7313663     0.6819848  (  1 ) 
  136.9864655  -119.2427521    -0.7313663     0.6819848  (  1 ) 
  136.3355560  -119.9407959    -0.7313663     0.6819848  (  1 ) 
  135.6846313  -120.6388474    -0.9743650     0.2249729  (  1 ) 
  135.4699097  -121.5688248    -0.9743650     0.2249729  (  1 ) 
  135.2551880  -122.4988022    -0.9743650     0.2249729  (  1 ) 
  135.0404663  -123.4287796    -0.9743650     0.2249729  (  1 ) 
 ( 48 ) 
  135.9638519  -124.3190155    -0.9562985    -0.2923922  (  1 ) 
  136.1998444  -125.0908508    -0.9562985    -0.2923922  (  1 ) 
  136.4358368  -125.8626938    -0.9562985    -0.2923922  (  1 ) 
  136.6718292  -126.6345367    -0.9562985    -0.2923922  (  1 ) 
  136.9078369  -127.4063721    -0.6820170    -0.7313364  (  1 ) 
  137.4980621  -127.9568100    -0.6820170    -0.7313364  (  1 ) 
  138.0883026  -128.5072327    -0.6820170    -0.7313364  (  1 ) 
  138.6785431  -129.0576630    -0.6820170    -0.7313364  (  1 ) 
  139.2687683  -129.6081085    -0.2249432    -0.9743719  (  1 ) 
  140.0551605  -129.7896423    -0.2249432    -0.9743719  (  1 ) 
  140.8415527  -129.9711914    -0.2249432    -0.9743719  (  1 ) 
  141.6279449  -130.1527405    -0.2249432    -0.9743719  (  1 ) 
  142.4143372  -130.3342896     0.2923678    -0.9563060  (  1 ) 
  143.1861877  -130.0983124     0.2923678    -0.9563060  (  1 ) 
  143.9580231  -129.8623505     0.2923678    -0.9563060  (  1 ) 
  144.7298584  -129.6263733     0.2923678    -0.9563060  (  1 ) 
  145.5016937  -129.3904114     0.7313527    -0.6819994  (  1 ) 
  146.0521240  -128.8001404     0.7313527    -0.6819994  (  1 ) 
  146.6025543  -128.2098846     0.7313527    -0.6819994  (  1 ) 
  147.1529694  -127.6196213     0.7313527    -0.6819994  (  1 ) 
  147.7033997  -127.0293655     0.9743669    -0.2249647  (  1 ) 
  147.8849640  -126.2429581     0.9743669    -0.2249647  (  1 ) 
  148.0665436  -125.4565582     0.9743669    -0.2249647  (  1 ) 
  148.2481079  -124.6701584     0.9743669    -0.2249647  (  1 ) 
  148.4296722  -123.8837585     0.9562987     0.2923914  (  1 ) 
  148.1936798  -123.1119232     0.9562987     0.2923914  (  1 ) 
  147.9576874  -122.3400955     0.9562987     0.2923914  (  1 ) 
  147.7217102  -121.5682678     0.9562987     0.2923914  (  1 ) 
  147.4857178  -120.7964401     0.6820068     0.7313458  (  1 ) 
  146.8954468  -120.2459946     0.6820068     0.7313458  (  1 ) 
  146.3051910  -119.6955566     0.6820068     0.7313458  (  1 ) 
  145.7149353  -119.1451187     0.6820068     0.7313458  (  1 ) 
  145.1246643  -118.5946732     0.2249349     0.9743738  (  1 ) 
  144.3382874  -118.4131393     0.2249349     0.9743738  (  1 ) 
  143.5518951  -118.2315979     0.2249349     0.9743738  (  1 ) 
  142.7655029  -118.0500641     0.2249349     0.9743738  (  1 ) 
  141.9791107  -117.8685226    -0.2923710     0.9563050  (  1 ) 
  141.2072906  -118.1044922    -0.2923710     0.9563050  (  1 ) 
  140.4354553  -118.3404694    -0.2923710     0.9563050  (  1 ) 
  139.6636200  -118.5764389    -0.2923710     0.9563050  (  1 ) 
  138.8917847  -118.8124161    -0.7313663     0.6819848  (  1 ) 
  138.3413696  -119.4026794    -0.7313663     0.6819848  (  1 ) 
  137.7909546  -119.9929428    -0.7313663     0.6819848  (  1 ) 
  137.2405396  -120.5832138    -0.7313663     0.6819848  (  1 ) 
  136.6901398  -121.1734772    -0.9743650     0.2249729  (  1 ) 
  136.5085602  -121.9598618    -0.9743650     0.2249729  (  1 ) 
  136.3269958  -122.7462463    -0.9743650     0.2249729  (  1 ) 
  136.1454315  -123.5326309    -0.9743650     0.2249729  (  1 ) 
 ( 36 ) 
  137.1019745  -124.2792664    -0.9562985    -0.2923922  (  1 ) 
  137.3591766  -125.1204834    -0.9562985    -0.2923922  (  1 ) 
  137.6163788  -125.9616928    -0.9562985    -0.2923922  (  1 ) 
  137.8735809  -126.8029099    -0.6820170    -0.7313364  (  1 ) 
  138.5168610  -127.4028015    -0.6820170    -0.7313364  (  1 ) 
  139.1601410  -128.0027008    -0.6820170    -0.7313364  (  1 ) 
  139.8034210  -128.6026001    -0.2249432    -0.9743719  (  1 ) 
  140.6604767  -128.8004608    -0.2249432    -0.9743719  (  1 ) 
  141.5175323  -128.9983215    -0.2249432    -0.9743719  (  1 ) 
  142.3746033  -129.1961823     0.2923678    -0.9563060  (  1 ) 
  143.2158051  -128.9389954     0.2923678    -0.9563060  (  1 ) 
  144.0570068  -128.6818237     0.2923678    -0.9563060  (  1 ) 
  144.8982239  -128.4246368     0.7313527    -0.6819994  (  1 ) 
  145.4981079  -127.7813339     0.7313527    -0.6819994  (  1 ) 
  146.0980072  -127.1380310     0.7313527    -0.6819994  (  1 ) 
  146.6979065  -126.4947205     0.9743669    -0.2249647  (  1 ) 
  146.8957825  -125.6376495     0.9743669    -0.2249647  (  1 ) 
  147.0936737  -124.7805786     0.9743669    -0.2249647  (  1 ) 
  147.2915497  -123.9235001     0.9562987     0.2923914  (  1 ) 
  147.0343628  -123.0823059     0.9562987     0.2923914  (  1 ) 
  146.7771606  -122.2411118     0.9562987     0.2923914  (  1 ) 
  146.5199585  -121.3999100     0.6820068     0.7313458  (  1 ) 
  145.8766479  -120.8000031     0.6820068     0.7313458  (  1 ) 
  145.2333374  -120.2000961     0.6820068     0.7313458  (  1 ) 
  144.5900269  -119.6001816     0.2249349     0.9743738  (  1 ) 
  143.7329712  -119.4023361     0.2249349     0.9743738  (  1 ) 
  142.8759308  -119.2044830     0.2249349     0.9743738  (  1 ) 
  142.0188751  -119.0066299    -0.2923710     0.9563050  (  1 ) 
  141.1776733  -119.2638092    -0.2923710     0.9563050  (  1 ) 
  140.3364716  -119.5209885    -0.2923710     0.9563050  (  1 ) 
  139.4952698  -119.7781677    -0.7313663     0.6819848  (  1 ) 
  138.8953857  -120.4214859    -0.7313663     0.6819848  (  1 ) 
  138.2955170  -121.0647964    -0.7313663     0.6819848  (  1 ) 
  137.6956329  -121.7081146    -0.9743650     0.2249729  (  1 ) 
  137.4977417  -122.5651627    -0.9743650     0.2249729  (  1 ) 
  137.2998657  -123.4222183    -0.9743650     0.2249729  (  1 ) 
 ( 24 ) 
  138.2400818  -124.2395248    -0.9562985    -0.2923922  (  1 ) 
  138.5397186  -125.2194824    -0.9562985    -0.2923922  (  1 ) 
  138.8393402  -126.1994400    -0.6820170    -0.7313364  (  1 ) 
  139.5886993  -126.8982697    -0.6820170    -0.7313364  (  1 ) 
  140.3380737  -127.5970917    -0.2249432    -0.9743719  (  1 ) 
  141.3364563  -127.8275833    -0.2249432    -0.9743719  (  1 ) 
  142.3348541  -128.0580750     0.2923678    -0.9563060  (  1 ) 
  143.3148041  -127.7584763     0.2923678    -0.9563060  (  1 ) 
  144.2947540  -127.4588776     0.7313527    -0.6819994  (  1 ) 
  144.9935760  -126.7094803     0.7313527    -0.6819994  (  1 ) 
  145.6924133  -125.9600754     0.9743669    -0.2249647  (  1 ) 
  145.9229279  -124.9616623     0.9743669    -0.2249647  (  1 ) 
  146.1534424  -123.9632492     0.9562987     0.2923914  (  1 ) 
  145.8538208  -122.9833221     0.9562987     0.2923914  (  1 ) 
  145.5542145  -122.0033875     0.6820068     0.7313458  (  1 ) 
  144.8048096  -121.3045425     0.6820068     0.7313458  (  1 ) 
  144.0554047  -120.6056900     0.2249349     0.9743738  (  1 ) 
  143.0570068  -120.3752136     0.2249349     0.9743738  (  1 ) 
  142.0586243  -120.1447372    -0.2923710     0.9563050  (  1 ) 
  141.0786896  -120.4443283    -0.2923710     0.9563050  (  1 ) 
  140.0987549  -120.7439270    -0.7313663     0.6819848  (  1 ) 
  139.3999329  -121.4933395    -0.7313663     0.6819848  (  1 ) 
  138.7011261  -122.2427521    -0.9743650     0.2249729  (  1 ) 
  138.4706116  -123.2411346    -0.9743650     0.2249729  (  1 ) 
 ( 12 ) 
  139.3782043  -124.1997833    -0.9562985    -0.2923922  (  1 ) 
  139.8050995  -125.5959702    -0.6820170    -0.7313364  (  1 ) 
  140.8727112  -126.5915909    -0.2249432    -0.9743719  (  1 ) 
  142.2951050  -126.9199600     0.2923678    -0.9563060  (  1 ) 
  143.6912689  -126.4931183     0.7313527    -0.6819994  (  1 ) 
  144.6869049  -125.4254303     0.9743669    -0.2249647  (  1 ) 
  145.0153198  -124.0029984     0.9562987     0.2923914  (  1 ) 
  144.5884552  -122.6068649     0.6820068     0.7313458  (  1 ) 
  143.5207672  -121.6112061     0.2249349     0.9743738  (  1 ) 
  142.0983734  -121.2828445    -0.2923710     0.9563050  (  1 ) 
  140.7022400  -121.7096863    -0.7313663     0.6819848  (  1 ) 
  139.7066193  -122.7773819    -0.9743650     0.2249729  (  1 ) 
 ( 12 ) 
  140.5163269  -124.1600418    -0.9562985    -0.2923922  (  1 ) 
  140.7708588  -124.9925003    -0.6820170    -0.7313364  (  1 ) 
  141.4073639  -125.5860901    -0.2249432    -0.9743719  (  1 ) 
  142.2553558  -125.7818527     0.2923678    -0.9563060  (  1 ) 
  143.0877991  -125.5273590     0.7313527    -0.6819994  (  1 ) 
  143.6814117  -124.8907928     0.9743669    -0.2249647  (  1 ) 
  143.8772125  -124.0427475     0.9562987     0.2923914  (  1 ) 
  143.6226959  -123.2103424     0.6820068     0.7313458  (  1 ) 
  142.9861298  -122.6167145     0.2249349     0.9743738  (  1 ) 
  142.1381226  -122.4209518    -0.2923710     0.9563050  (  1 ) 
  141.3057251  -122.6754456    -0.7313663     0.6819848  (  1 ) 
  140.7121277  -123.3120193    -0.9743650     0.2249729  (  1 ) 
tell says: 3398413
==========================================
             Table block 4
==========================================
# start of ints and floats, tell says 3398413
#--------------------------------------------------------------
 14  1   6     #.....refno, no of doors, ndoor refs
  73.3149261   29.3929996 -104.8230362    0.0000000    0.0000000    1.0000000    0.0000000 
# start of variable table, tell says 3398453
#--------------------------------------------------------------
1 
1 
1 
12 
  64.8058701 -105.1201859   66.0943451 -109.3349228    0.9563110    0.2923511    0.2923511   -0.9563110    4.4072866 3 
  66.0943451 -109.3349228   69.3176651 -112.3406830    0.6819942    0.7313576    0.7313576   -0.6819942    4.4073105 3 
  69.3176651 -112.3406830   73.6120453 -113.3321457    0.2249569    0.9743688    0.9743688   -0.2249569    4.4073462 3 
  73.6120453 -113.3321457   77.8267975 -112.0435333   -0.2923786    0.9563026    0.9563026    0.2923786    4.4073415 3 
  77.8267975 -112.0435333   80.8325882 -108.8201904   -0.7313566    0.6819953    0.6819953    0.7313566    4.4073482 3 
  80.8325882 -108.8201904   81.8239899 -104.5258789   -0.9743710    0.2249471    0.2249471    0.9743710    4.4072657 3 
  81.8239899 -104.5258789   80.5354385 -100.3110657   -0.9563077   -0.2923621   -0.2923621    0.9563077    4.4073820 3 
  80.5354385 -100.3110657   77.3121262  -97.3053894   -0.6819848   -0.7313663   -0.7313663    0.6819848    4.4072475 3 
  77.3121262  -97.3053894   73.0177994  -96.3139267   -0.2249595   -0.9743681   -0.9743681    0.2249595    4.4072943 3 
  73.0177994  -96.3139267   68.8030396  -97.6025009    0.2923702   -0.9563052   -0.9563052   -0.2923702    4.4073377 3 
  68.8030396  -97.6025009   65.7972488 -100.8257751    0.7313493   -0.6820031   -0.6820031   -0.7313493    4.4072981 3 
  65.7972488 -100.8257751   64.8058701 -105.1201859    0.9743732   -0.2249373   -0.2249373   -0.9743732    4.4073567 3 
  66.4261398 -103.5791702 
8    object number or -1 ...
0 
  29.3929996    0.0000000    0.0000000 
1 ...1 std world, 2 std siege, 4 entry to siegetower allows lowering of drawbridge?, 5 exit to docking position
1 
1 
12 
  64.8058701 -105.1201859   66.0943451 -109.3349228    0.9563110    0.2923511    0.2923511   -0.9563110    4.4072866 3 
  66.0943451 -109.3349228   69.3176651 -112.3406830    0.6819942    0.7313576    0.7313576   -0.6819942    4.4073105 3 
  69.3176651 -112.3406830   73.6120453 -113.3321457    0.2249569    0.9743688    0.9743688   -0.2249569    4.4073462 3 
  73.6120453 -113.3321457   77.8267975 -112.0435333   -0.2923786    0.9563026    0.9563026    0.2923786    4.4073415 3 
  77.8267975 -112.0435333   80.8325882 -108.8201904   -0.7313566    0.6819953    0.6819953    0.7313566    4.4073482 3 
  80.8325882 -108.8201904   81.8239899 -104.5258789   -0.9743710    0.2249471    0.2249471    0.9743710    4.4072657 3 
  81.8239899 -104.5258789   80.5354385 -100.3110657   -0.9563077   -0.2923621   -0.2923621    0.9563077    4.4073820 3 
  80.5354385 -100.3110657   77.3121262  -97.3053894   -0.6819848   -0.7313663   -0.7313663    0.6819848    4.4072475 3 
  77.3121262  -97.3053894   73.0177994  -96.3139267   -0.2249595   -0.9743681   -0.9743681    0.2249595    4.4072943 3 
  73.0177994  -96.3139267   68.8030396  -97.6025009    0.2923702   -0.9563052   -0.9563052   -0.2923702    4.4073377 3 
  68.8030396  -97.6025009   65.7972488 -100.8257751    0.7313493   -0.6820031   -0.6820031   -0.7313493    4.4072981 3 
  65.7972488 -100.8257751   64.8058701 -105.1201859    0.9743732   -0.2249373   -0.2249373   -0.9743732    4.4073567 3 
  66.4261398 -103.5791702 
   0.5000000 
 ( 6 ) 
 ( 48 ) 
   65.9439774  -105.0804443    -0.9563110    -0.2923511  (  1 ) 
   66.2230072  -105.9932022    -0.9563110    -0.2923511  (  1 ) 
   66.5020447  -106.9059525    -0.9563110    -0.2923511  (  1 ) 
   66.7810822  -107.8187027    -0.9563110    -0.2923511  (  1 ) 
   67.0601120  -108.7314529    -0.6819942    -0.7313576  (  1 ) 
   67.7581635  -109.3823853    -0.6819942    -0.7313576  (  1 ) 
   68.4562073  -110.0333176    -0.6819942    -0.7313576  (  1 ) 
   69.1542511  -110.6842499    -0.6819942    -0.7313576  (  1 ) 
   69.8523026  -111.3351822    -0.2249569    -0.9743688  (  1 ) 
   70.7823029  -111.5498962    -0.2249569    -0.9743688  (  1 ) 
   71.7123032  -111.7646103    -0.2249569    -0.9743688  (  1 ) 
   72.6423035  -111.9793167    -0.2249569    -0.9743688  (  1 ) 
   73.5723038  -112.1940308     0.2923786    -0.9563026  (  1 ) 
   74.4850540  -111.9149704     0.2923786    -0.9563026  (  1 ) 
   75.3978119  -111.6359024     0.2923786    -0.9563026  (  1 ) 
   76.3105621  -111.3568420     0.2923786    -0.9563026  (  1 ) 
   77.2233200  -111.0777740     0.7313566    -0.6819953  (  1 ) 
   77.8742599  -110.3797226     0.7313566    -0.6819953  (  1 ) 
   78.5251999  -109.6816711     0.7313566    -0.6819953  (  1 ) 
   79.1761398  -108.9836121     0.7313566    -0.6819953  (  1 ) 
   79.8270798  -108.2855606     0.9743710    -0.2249471  (  1 ) 
   80.0417786  -107.3555756     0.9743710    -0.2249471  (  1 ) 
   80.2564850  -106.4255905     0.9743710    -0.2249471  (  1 ) 
   80.4711838  -105.4956055     0.9743710    -0.2249471  (  1 ) 
   80.6858826  -104.5656204     0.9563077     0.2923621  (  1 ) 
   80.4068298  -103.6528473     0.9563077     0.2923621  (  1 ) 
   80.1277771  -102.7400818     0.9563077     0.2923621  (  1 ) 
   79.8487320  -101.8273163     0.9563077     0.2923621  (  1 ) 
   79.5696793  -100.9145432     0.6819848     0.7313663  (  1 ) 
   78.8716354  -100.2636337     0.6819848     0.7313663  (  1 ) 
   78.1735840   -99.6127167     0.6819848     0.7313663  (  1 ) 
   77.4755402   -98.9618073     0.6819848     0.7313663  (  1 ) 
   76.7774963   -98.3108902     0.2249595     0.9743681  (  1 ) 
   75.8475037   -98.0961761     0.2249595     0.9743681  (  1 ) 
   74.9175186   -97.8814621     0.2249595     0.9743681  (  1 ) 
   73.9875259   -97.6667480     0.2249595     0.9743681  (  1 ) 
   73.0575409   -97.4520416    -0.2923702     0.9563052  (  1 ) 
   72.1447830   -97.7310944    -0.2923702     0.9563052  (  1 ) 
   71.2320251   -98.0101471    -0.2923702     0.9563052  (  1 ) 
   70.3192673   -98.2892075    -0.2923702     0.9563052  (  1 ) 
   69.4065094   -98.5682602    -0.7313493     0.6820031  (  1 ) 
   68.7555695   -99.2662964    -0.7313493     0.6820031  (  1 ) 
   68.1046371   -99.9643326    -0.7313493     0.6820031  (  1 ) 
   67.4536972  -100.6623688    -0.7313493     0.6820031  (  1 ) 
   66.8027573  -101.3604050    -0.9743732     0.2249373  (  1 ) 
   66.5880585  -102.2904205    -0.9743732     0.2249373  (  1 ) 
   66.3733673  -103.2204285    -0.9743732     0.2249373  (  1 ) 
   66.1586685  -104.1504364    -0.9743732     0.2249373  (  1 ) 
 ( 48 ) 
   67.0820770  -105.0407104    -0.9563110    -0.2923511  (  1 ) 
   67.3180313  -105.8125305    -0.9563110    -0.2923511  (  1 ) 
   67.5539780  -106.5843430    -0.9563110    -0.2923511  (  1 ) 
   67.7899323  -107.3561630    -0.9563110    -0.2923511  (  1 ) 
   68.0258789  -108.1279831    -0.6819942    -0.7313576  (  1 ) 
   68.6161423  -108.6784058    -0.6819942    -0.7313576  (  1 ) 
   69.2064056  -109.2288284    -0.6819942    -0.7313576  (  1 ) 
   69.7966690  -109.7792587    -0.6819942    -0.7313576  (  1 ) 
   70.3869324  -110.3296814    -0.2249569    -0.9743688  (  1 ) 
   71.1733398  -110.5112381    -0.2249569    -0.9743688  (  1 ) 
   71.9597473  -110.6928024    -0.2249569    -0.9743688  (  1 ) 
   72.7461548  -110.8743591    -0.2249569    -0.9743688  (  1 ) 
   73.5325546  -111.0559235     0.2923786    -0.9563026  (  1 ) 
   74.3043747  -110.8199463     0.2923786    -0.9563026  (  1 ) 
   75.0761948  -110.5839691     0.2923786    -0.9563026  (  1 ) 
   75.8480148  -110.3479919     0.2923786    -0.9563026  (  1 ) 
   76.6198425  -110.1120224     0.7313566    -0.6819953  (  1 ) 
   77.1702728  -109.5217438     0.7313566    -0.6819953  (  1 ) 
   77.7207108  -108.9314728     0.7313566    -0.6819953  (  1 ) 
   78.2711411  -108.3412018     0.7313566    -0.6819953  (  1 ) 
   78.8215790  -107.7509232     0.9743710    -0.2249471  (  1 ) 
   79.0031281  -106.9645386     0.9743710    -0.2249471  (  1 ) 
   79.1846771  -106.1781464     0.9743710    -0.2249471  (  1 ) 
   79.3662262  -105.3917542     0.9743710    -0.2249471  (  1 ) 
   79.5477753  -104.6053619     0.9563077     0.2923621  (  1 ) 
   79.3118057  -103.8335266     0.9563077     0.2923621  (  1 ) 
   79.0758438  -103.0616913     0.9563077     0.2923621  (  1 ) 
   78.8398819  -102.2898560     0.9563077     0.2923621  (  1 ) 
   78.6039124  -101.5180283     0.6819848     0.7313663  (  1 ) 
   78.0136566  -100.9676208     0.6819848     0.7313663  (  1 ) 
   77.4233932  -100.4172134     0.6819848     0.7313663  (  1 ) 
   76.8331299   -99.8668060     0.6819848     0.7313663  (  1 ) 
   76.2428665   -99.3163986     0.2249595     0.9743681  (  1 ) 
   75.4564667   -99.1348343     0.2249595     0.9743681  (  1 ) 
   74.6700745   -98.9532700     0.2249595     0.9743681  (  1 ) 
   73.8836746   -98.7717133     0.2249595     0.9743681  (  1 ) 
   73.0972748   -98.5901489    -0.2923702     0.9563052  (  1 ) 
   72.3254547   -98.8261185    -0.2923702     0.9563052  (  1 ) 
   71.5536270   -99.0620880    -0.2923702     0.9563052  (  1 ) 
   70.7818069   -99.2980576    -0.2923702     0.9563052  (  1 ) 
   70.0099792   -99.5340271    -0.7313493     0.6820031  (  1 ) 
   69.4595490  -100.1242828    -0.7313493     0.6820031  (  1 ) 
   68.9091263  -100.7145309    -0.7313493     0.6820031  (  1 ) 
   68.3586960  -101.3047867    -0.7313493     0.6820031  (  1 ) 
   67.8082657  -101.8950424    -0.9743732     0.2249373  (  1 ) 
   67.6267166  -102.6814575    -0.9743732     0.2249373  (  1 ) 
   67.4451752  -103.4678726    -0.9743732     0.2249373  (  1 ) 
   67.2636261  -104.2542877    -0.9743732     0.2249373  (  1 ) 
 ( 36 ) 
   68.2201843  -105.0009689    -0.9563110    -0.2923511  (  1 ) 
   68.4773407  -105.8421478    -0.9563110    -0.2923511  (  1 ) 
   68.7344971  -106.6833344    -0.9563110    -0.2923511  (  1 ) 
   68.9916534  -107.5245132    -0.6819942    -0.7313576  (  1 ) 
   69.6349564  -108.1244049    -0.6819942    -0.7313576  (  1 ) 
   70.2782669  -108.7242889    -0.6819942    -0.7313576  (  1 ) 
   70.9215698  -109.3241730    -0.2249569    -0.9743688  (  1 ) 
   71.7786484  -109.5220566    -0.2249569    -0.9743688  (  1 ) 
   72.6357346  -109.7199326    -0.2249569    -0.9743688  (  1 ) 
   73.4928131  -109.9178085     0.2923786    -0.9563026  (  1 ) 
   74.3339920  -109.6606293     0.2923786    -0.9563026  (  1 ) 
   75.1751785  -109.4034424     0.2923786    -0.9563026  (  1 ) 
   76.0163574  -109.1462631     0.7313566    -0.6819953  (  1 ) 
   76.6162643  -108.5029373     0.7313566    -0.6819953  (  1 ) 
   77.2161636  -107.8596191     0.7313566    -0.6819953  (  1 ) 
   77.8160706  -107.2162933     0.9743710    -0.2249471  (  1 ) 
   78.0139313  -106.3592300     0.9743710    -0.2249471  (  1 ) 
   78.2117996  -105.5021667     0.9743710    -0.2249471  (  1 ) 
   78.4096680  -104.6450958     0.9563077     0.2923621  (  1 ) 
   78.1524963  -103.8039017     0.9563077     0.2923621  (  1 ) 
   77.8953247  -102.9627075     0.9563077     0.2923621  (  1 ) 
   77.6381531  -102.1215057     0.6819848     0.7313663  (  1 ) 
   76.9948502  -101.5216370     0.6819848     0.7313663  (  1 ) 
   76.3515472  -100.9217682     0.6819848     0.7313663  (  1 ) 
   75.7082367  -100.3218994     0.2249595     0.9743681  (  1 ) 
   74.8511658  -100.1240158     0.2249595     0.9743681  (  1 ) 
   73.9940872   -99.9261398     0.2249595     0.9743681  (  1 ) 
   73.1370163   -99.7282639    -0.2923702     0.9563052  (  1 ) 
   72.2958221   -99.9854355    -0.2923702     0.9563052  (  1 ) 
   71.4546356  -100.2426147    -0.2923702     0.9563052  (  1 ) 
   70.6134491  -100.4997864    -0.7313493     0.6820031  (  1 ) 
   70.0135574  -101.1430817    -0.7313493     0.6820031  (  1 ) 
   69.4136658  -101.7863770    -0.7313493     0.6820031  (  1 ) 
   68.8137741  -102.4296722    -0.9743732     0.2249373  (  1 ) 
   68.6159134  -103.2867737    -0.9743732     0.2249373  (  1 ) 
   68.4180450  -104.1438675    -0.9743732     0.2249373  (  1 ) 
 ( 24 ) 
   69.3582916  -104.9612274    -0.9563110    -0.2923511  (  1 ) 
   69.6578522  -105.9411392    -0.9563110    -0.2923511  (  1 ) 
   69.9574203  -106.9210510    -0.6819942    -0.7313576  (  1 ) 
   70.7068100  -107.6198578    -0.6819942    -0.7313576  (  1 ) 
   71.4562073  -108.3186722    -0.2249569    -0.9743688  (  1 ) 
   72.4546356  -108.5491867    -0.2249569    -0.9743688  (  1 ) 
   73.4530640  -108.7797012     0.2923786    -0.9563026  (  1 ) 
   74.4329758  -108.4801025     0.2923786    -0.9563026  (  1 ) 
   75.4128799  -108.1805038     0.7313566    -0.6819953  (  1 ) 
   76.1117249  -107.4310837     0.7313566    -0.6819953  (  1 ) 
   76.8105621  -106.6816635     0.9743710    -0.2249471  (  1 ) 
   77.0410614  -105.6832504     0.9743710    -0.2249471  (  1 ) 
   77.2715607  -104.6848373     0.9563077     0.2923621  (  1 ) 
   76.9719772  -103.7049103     0.9563077     0.2923621  (  1 ) 
   76.6723938  -102.7249908     0.6819848     0.7313663  (  1 ) 
   75.9230042  -102.0261917     0.6819848     0.7313663  (  1 ) 
   75.1736069  -101.3274002     0.2249595     0.9743681  (  1 ) 
   74.1751785  -101.0968857     0.2249595     0.9743681  (  1 ) 
   73.1767502  -100.8663712    -0.2923702     0.9563052  (  1 ) 
   72.1968384  -101.1659622    -0.2923702     0.9563052  (  1 ) 
   71.2169189  -101.4655533    -0.7313493     0.6820031  (  1 ) 
   70.5181046  -102.2149277    -0.7313493     0.6820031  (  1 ) 
   69.8192825  -102.9643097    -0.9743732     0.2249373  (  1 ) 
   69.5887833  -103.9627686    -0.9743732     0.2249373  (  1 ) 
 ( 12 ) 
   70.4963913  -104.9214859    -0.9563110    -0.2923511  (  1 ) 
   70.9231873  -106.3175812    -0.6819942    -0.7313576  (  1 ) 
   71.9908447  -107.3131714    -0.2249569    -0.9743688  (  1 ) 
   73.4133224  -107.6415863     0.2923786    -0.9563026  (  1 ) 
   74.8094025  -107.2147522     0.7313566    -0.6819953  (  1 ) 
   75.8050537  -106.1470337     0.9743710    -0.2249471  (  1 ) 
   76.1334534  -104.7245789     0.9563077     0.2923621  (  1 ) 
   75.7066345  -103.3284683     0.6819848     0.7313663  (  1 ) 
   74.6389771  -102.3329010     0.2249595     0.9743681  (  1 ) 
   73.2164917  -102.0044861    -0.2923702     0.9563052  (  1 ) 
   71.8203888  -102.4313126    -0.7313493     0.6820031  (  1 ) 
   70.8247910  -103.4989395    -0.9743732     0.2249373  (  1 ) 
 ( 12 ) 
   71.6344986  -104.8817520    -0.9563110    -0.2923511  (  1 ) 
   71.8889542  -105.7141113    -0.6819942    -0.7313576  (  1 ) 
   72.5254745  -106.3076706    -0.2249569    -0.9743688  (  1 ) 
   73.3735809  -106.5034714     0.2923786    -0.9563026  (  1 ) 
   74.2059250  -106.2489929     0.7313566    -0.6819953  (  1 ) 
   74.7995529  -105.6123962     0.9743710    -0.2249471  (  1 ) 
   74.9953384  -104.7643204     0.9563077     0.2923621  (  1 ) 
   74.7408676  -103.9319458     0.6819848     0.7313663  (  1 ) 
   74.1043549  -103.3384094     0.2249595     0.9743681  (  1 ) 
   73.2562256  -103.1425934    -0.2923702     0.9563052  (  1 ) 
   72.4238586  -103.3970718    -0.7313493     0.6820031  (  1 ) 
   71.8302994  -104.0335770    -0.9743732     0.2249373  (  1 ) 
tell says: 3402569
==========================================
             Table block 5
==========================================
# start of ints and floats, tell says 3402569
#--------------------------------------------------------------
 15  1   8     #.....refno, no of doors, ndoor refs
  45.6105881   43.3930016  -90.2478714    0.0000000    0.0000000    1.0000000    0.0000000 
# start of variable table, tell says 3402609
#--------------------------------------------------------------
1 
1 
1 
12 
  37.0963135  -90.2478790   38.2370071  -94.5050125    0.9659259    0.2588187    0.2588187   -0.9659259    4.4073086 3 
  38.2370071  -94.5050125   41.3534546  -97.6214600    0.7071068    0.7071068    0.7071068   -0.7071068    4.4073224 3 
  41.3534546  -97.6214600   45.6105843  -98.7621536    0.2588189    0.9659259    0.9659259   -0.2588189    4.4073048 3 
  45.6105843  -98.7621536   49.8677177  -97.6214600   -0.2588187    0.9659259    0.9659259    0.2588187    4.4073086 3 
  49.8677177  -97.6214600   52.9841690  -94.5050125   -0.7071064    0.7071072    0.7071072    0.7071064    4.4073248 3 
  52.9841690  -94.5050125   54.1248665  -90.2478790   -0.9659257    0.2588195    0.2588195    0.9659257    4.4073095 3 
  54.1248665  -90.2478790   52.9841690  -85.9907379   -0.9659258   -0.2588190   -0.2588190    0.9659258    4.4073167 3 
  52.9841690  -85.9907379   49.8677177  -82.8742905   -0.7071064   -0.7071072   -0.7071072    0.7071064    4.4073248 3 
  49.8677177  -82.8742905   45.6105843  -81.7335892   -0.2588203   -0.9659255   -0.9659255    0.2588203    4.4073105 3 
  45.6105843  -81.7335892   41.3534546  -82.8742905    0.2588205   -0.9659255   -0.9659255   -0.2588205    4.4073067 3 
  41.3534546  -82.8742905   38.2370071  -85.9907379    0.7071068   -0.7071068   -0.7071068   -0.7071068    4.4073224 3 
  38.2370071  -85.9907379   37.0963135  -90.2478790    0.9659261   -0.2588182   -0.2588182   -0.9659261    4.4073157 3 
  38.7693481  -88.7643127 
9    object number or -1 ...
0 
  43.3930016    0.0000000    0.0000000 
1 ...1 std world, 2 std siege, 4 entry to siegetower allows lowering of drawbridge?, 5 exit to docking position
1 
1 
12 
  37.0963135  -90.2478790   38.2370071  -94.5050125    0.9659259    0.2588187    0.2588187   -0.9659259    4.4073086 3 
  38.2370071  -94.5050125   41.3534546  -97.6214600    0.7071068    0.7071068    0.7071068   -0.7071068    4.4073224 3 
  41.3534546  -97.6214600   45.6105843  -98.7621536    0.2588189    0.9659259    0.9659259   -0.2588189    4.4073048 3 
  45.6105843  -98.7621536   49.8677177  -97.6214600   -0.2588187    0.9659259    0.9659259    0.2588187    4.4073086 3 
  49.8677177  -97.6214600   52.9841690  -94.5050125   -0.7071064    0.7071072    0.7071072    0.7071064    4.4073248 3 
  52.9841690  -94.5050125   54.1248665  -90.2478790   -0.9659257    0.2588195    0.2588195    0.9659257    4.4073095 3 
  54.1248665  -90.2478790   52.9841690  -85.9907379   -0.9659258   -0.2588190   -0.2588190    0.9659258    4.4073167 3 
  52.9841690  -85.9907379   49.8677177  -82.8742905   -0.7071064   -0.7071072   -0.7071072    0.7071064    4.4073248 3 
  49.8677177  -82.8742905   45.6105843  -81.7335892   -0.2588203   -0.9659255   -0.9659255    0.2588203    4.4073105 3 
  45.6105843  -81.7335892   41.3534546  -82.8742905    0.2588205   -0.9659255   -0.9659255   -0.2588205    4.4073067 3 
  41.3534546  -82.8742905   38.2370071  -85.9907379    0.7071068   -0.7071068   -0.7071068   -0.7071068    4.4073224 3 
  38.2370071  -85.9907379   37.0963135  -90.2478790    0.9659261   -0.2588182   -0.2588182   -0.9659261    4.4073157 3 
  38.7693481  -88.7643127 
   0.5000000 
 ( 6 ) 
 ( 48 ) 
   38.2351189   -90.2478790    -0.9659259    -0.2588187  (  1 ) 
   38.4821472   -91.1698151    -0.9659259    -0.2588187  (  1 ) 
   38.7291794   -92.0917435    -0.9659259    -0.2588187  (  1 ) 
   38.9762077   -93.0136795    -0.9659259    -0.2588187  (  1 ) 
   39.2232399   -93.9356079    -0.7071068    -0.7071068  (  1 ) 
   39.8981438   -94.6105118    -0.7071068    -0.7071068  (  1 ) 
   40.5730476   -95.2854156    -0.7071068    -0.7071068  (  1 ) 
   41.2479515   -95.9603195    -0.7071068    -0.7071068  (  1 ) 
   41.9228554   -96.6352234    -0.2588189    -0.9659259  (  1 ) 
   42.8447876   -96.8822556    -0.2588189    -0.9659259  (  1 ) 
   43.7667198   -97.1292877    -0.2588189    -0.9659259  (  1 ) 
   44.6886520   -97.3763199    -0.2588189    -0.9659259  (  1 ) 
   45.6105843   -97.6233521     0.2588187    -0.9659259  (  1 ) 
   46.5325165   -97.3763199     0.2588187    -0.9659259  (  1 ) 
   47.4544487   -97.1292877     0.2588187    -0.9659259  (  1 ) 
   48.3763847   -96.8822556     0.2588187    -0.9659259  (  1 ) 
   49.2983170   -96.6352234     0.7071064    -0.7071072  (  1 ) 
   49.9732208   -95.9603195     0.7071064    -0.7071072  (  1 ) 
   50.6481247   -95.2854156     0.7071064    -0.7071072  (  1 ) 
   51.3230324   -94.6105118     0.7071064    -0.7071072  (  1 ) 
   51.9979362   -93.9356079     0.9659257    -0.2588195  (  1 ) 
   52.2449684   -93.0136795     0.9659257    -0.2588195  (  1 ) 
   52.4920006   -92.0917435     0.9659257    -0.2588195  (  1 ) 
   52.7390327   -91.1698151     0.9659257    -0.2588195  (  1 ) 
   52.9860611   -90.2478790     0.9659258     0.2588190  (  1 ) 
   52.7390327   -89.3259430     0.9659258     0.2588190  (  1 ) 
   52.4920006   -88.4040070     0.9659258     0.2588190  (  1 ) 
   52.2449684   -87.4820786     0.9659258     0.2588190  (  1 ) 
   51.9979362   -86.5601425     0.7071064     0.7071072  (  1 ) 
   51.3230324   -85.8852386     0.7071064     0.7071072  (  1 ) 
   50.6481247   -85.2103348     0.7071064     0.7071072  (  1 ) 
   49.9732208   -84.5354309     0.7071064     0.7071072  (  1 ) 
   49.2983170   -83.8605194     0.2588203     0.9659255  (  1 ) 
   48.3763847   -83.6134872     0.2588203     0.9659255  (  1 ) 
   47.4544487   -83.3664551     0.2588203     0.9659255  (  1 ) 
   46.5325165   -83.1194229     0.2588203     0.9659255  (  1 ) 
   45.6105843   -82.8723907    -0.2588205     0.9659255  (  1 ) 
   44.6886520   -83.1194229    -0.2588205     0.9659255  (  1 ) 
   43.7667198   -83.3664551    -0.2588205     0.9659255  (  1 ) 
   42.8447876   -83.6134872    -0.2588205     0.9659255  (  1 ) 
   41.9228554   -83.8605194    -0.7071068     0.7071068  (  1 ) 
   41.2479515   -84.5354233    -0.7071068     0.7071068  (  1 ) 
   40.5730476   -85.2103348    -0.7071068     0.7071068  (  1 ) 
   39.8981438   -85.8852386    -0.7071068     0.7071068  (  1 ) 
   39.2232399   -86.5601425    -0.9659261     0.2588182  (  1 ) 
   38.9762115   -87.4820709    -0.9659261     0.2588182  (  1 ) 
   38.7291794   -88.4040070    -0.9659261     0.2588182  (  1 ) 
   38.4821472   -89.3259430    -0.9659261     0.2588182  (  1 ) 
 ( 48 ) 
   39.3739204   -90.2478790    -0.9659259    -0.2588187  (  1 ) 
   39.5828094   -91.0274582    -0.9659259    -0.2588187  (  1 ) 
   39.7916985   -91.8070450    -0.9659259    -0.2588187  (  1 ) 
   40.0005836   -92.5866241    -0.9659259    -0.2588187  (  1 ) 
   40.2094727   -93.3662109    -0.7071068    -0.7071068  (  1 ) 
   40.7801704   -93.9369049    -0.7071068    -0.7071068  (  1 ) 
   41.3508644   -94.5075989    -0.7071068    -0.7071068  (  1 ) 
   41.9215622   -95.0783005    -0.7071068    -0.7071068  (  1 ) 
   42.4922600   -95.6489944    -0.2588189    -0.9659259  (  1 ) 
   43.2718391   -95.8578796    -0.2588189    -0.9659259  (  1 ) 
   44.0514221   -96.0667725    -0.2588189    -0.9659259  (  1 ) 
   44.8310013   -96.2756577    -0.2588189    -0.9659259  (  1 ) 
   45.6105843   -96.4845428     0.2588187    -0.9659259  (  1 ) 
   46.3901672   -96.2756577     0.2588187    -0.9659259  (  1 ) 
   47.1697502   -96.0667725     0.2588187    -0.9659259  (  1 ) 
   47.9493332   -95.8578796     0.2588187    -0.9659259  (  1 ) 
   48.7289162   -95.6489944     0.7071064    -0.7071072  (  1 ) 
   49.2996140   -95.0783005     0.7071064    -0.7071072  (  1 ) 
   49.8703079   -94.5075989     0.7071064    -0.7071072  (  1 ) 
   50.4410057   -93.9369049     0.7071064    -0.7071072  (  1 ) 
   51.0117035   -93.3662109     0.9659257    -0.2588195  (  1 ) 
   51.2205925   -92.5866241     0.9659257    -0.2588195  (  1 ) 
   51.4294815   -91.8070450     0.9659257    -0.2588195  (  1 ) 
   51.6383705   -91.0274582     0.9659257    -0.2588195  (  1 ) 
   51.8472595   -90.2478790     0.9659258     0.2588190  (  1 ) 
   51.6383705   -89.4682922     0.9659258     0.2588190  (  1 ) 
   51.4294815   -88.6887131     0.9659258     0.2588190  (  1 ) 
   51.2205925   -87.9091263     0.9659258     0.2588190  (  1 ) 
   51.0117035   -87.1295395     0.7071064     0.7071072  (  1 ) 
   50.4410057   -86.5588455     0.7071064     0.7071072  (  1 ) 
   49.8703079   -85.9881516     0.7071064     0.7071072  (  1 ) 
   49.2996101   -85.4174500     0.7071064     0.7071072  (  1 ) 
   48.7289124   -84.8467560     0.2588203     0.9659255  (  1 ) 
   47.9493332   -84.6378632     0.2588203     0.9659255  (  1 ) 
   47.1697502   -84.4289780     0.2588203     0.9659255  (  1 ) 
   46.3901672   -84.2200851     0.2588203     0.9659255  (  1 ) 
   45.6105843   -84.0112000    -0.2588205     0.9659255  (  1 ) 
   44.8310051   -84.2200851    -0.2588205     0.9659255  (  1 ) 
   44.0514221   -84.4289780    -0.2588205     0.9659255  (  1 ) 
   43.2718391   -84.6378632    -0.2588205     0.9659255  (  1 ) 
   42.4922600   -84.8467560    -0.7071068     0.7071068  (  1 ) 
   41.9215622   -85.4174500    -0.7071068     0.7071068  (  1 ) 
   41.3508682   -85.9881516    -0.7071068     0.7071068  (  1 ) 
   40.7801704   -86.5588455    -0.7071068     0.7071068  (  1 ) 
   40.2094727   -87.1295395    -0.9659261     0.2588182  (  1 ) 
   40.0005875   -87.9091263    -0.9659261     0.2588182  (  1 ) 
   39.7916985   -88.6887131    -0.9659261     0.2588182  (  1 ) 
   39.5828094   -89.4682922    -0.9659261     0.2588182  (  1 ) 
 ( 36 ) 
   40.5127258   -90.2478790    -0.9659259    -0.2588187  (  1 ) 
   40.7403870   -91.0975189    -0.9659259    -0.2588187  (  1 ) 
   40.9680443   -91.9471664    -0.9659259    -0.2588187  (  1 ) 
   41.1957054   -92.7968063    -0.7071068    -0.7071068  (  1 ) 
   41.8176918   -93.4187927    -0.7071068    -0.7071068  (  1 ) 
   42.4396744   -94.0407791    -0.7071068    -0.7071068  (  1 ) 
   43.0616608   -94.6627579    -0.2588189    -0.9659259  (  1 ) 
   43.9113007   -94.8904190    -0.2588189    -0.9659259  (  1 ) 
   44.7609444   -95.1180801    -0.2588189    -0.9659259  (  1 ) 
   45.6105843   -95.3457413     0.2588187    -0.9659259  (  1 ) 
   46.4602280   -95.1180801     0.2588187    -0.9659259  (  1 ) 
   47.3098717   -94.8904190     0.2588187    -0.9659259  (  1 ) 
   48.1595154   -94.6627579     0.7071064    -0.7071072  (  1 ) 
   48.7814980   -94.0407715     0.7071064    -0.7071072  (  1 ) 
   49.4034843   -93.4187927     0.7071064    -0.7071072  (  1 ) 
   50.0254707   -92.7968063     0.9659257    -0.2588195  (  1 ) 
   50.2531319   -91.9471664     0.9659257    -0.2588195  (  1 ) 
   50.4807930   -91.0975189     0.9659257    -0.2588195  (  1 ) 
   50.7084541   -90.2478790     0.9659258     0.2588190  (  1 ) 
   50.4807930   -89.3982315     0.9659258     0.2588190  (  1 ) 
   50.2531319   -88.5485916     0.9659258     0.2588190  (  1 ) 
   50.0254707   -87.6989441     0.7071064     0.7071072  (  1 ) 
   49.4034843   -87.0769577     0.7071064     0.7071072  (  1 ) 
   48.7814980   -86.4549713     0.7071064     0.7071072  (  1 ) 
   48.1595116   -85.8329849     0.2588203     0.9659255  (  1 ) 
   47.3098679   -85.6053238     0.2588203     0.9659255  (  1 ) 
   46.4602280   -85.3776627     0.2588203     0.9659255  (  1 ) 
   45.6105843   -85.1500015    -0.2588205     0.9659255  (  1 ) 
   44.7609444   -85.3776627    -0.2588205     0.9659255  (  1 ) 
   43.9113045   -85.6053238    -0.2588205     0.9659255  (  1 ) 
   43.0616608   -85.8329849    -0.7071068     0.7071068  (  1 ) 
   42.4396782   -86.4549713    -0.7071068     0.7071068  (  1 ) 
   41.8176918   -87.0769577    -0.7071068     0.7071068  (  1 ) 
   41.1957054   -87.6989441    -0.9659261     0.2588182  (  1 ) 
   40.9680481   -88.5485840    -0.9659261     0.2588182  (  1 ) 
   40.7403870   -89.3982315    -0.9659261     0.2588182  (  1 ) 
 ( 24 ) 
   41.6515274   -90.2478790    -0.9659259    -0.2588187  (  1 ) 
   41.9167328   -91.2376404    -0.9659259    -0.2588187  (  1 ) 
   42.1819382   -92.2274094    -0.7071068    -0.7071068  (  1 ) 
   42.9065018   -92.9519653    -0.7071068    -0.7071068  (  1 ) 
   43.6310616   -93.6765289    -0.2588189    -0.9659259  (  1 ) 
   44.6208229   -93.9417343    -0.2588189    -0.9659259  (  1 ) 
   45.6105843   -94.2069397     0.2588187    -0.9659259  (  1 ) 
   46.6003494   -93.9417343     0.2588187    -0.9659259  (  1 ) 
   47.5901108   -93.6765289     0.7071064    -0.7071072  (  1 ) 
   48.3146744   -92.9519653     0.7071064    -0.7071072  (  1 ) 
   49.0392380   -92.2274017     0.9659257    -0.2588195  (  1 ) 
   49.3044434   -91.2376404     0.9659257    -0.2588195  (  1 ) 
   49.5696526   -90.2478790     0.9659258     0.2588190  (  1 ) 
   49.3044434   -89.2581100     0.9659258     0.2588190  (  1 ) 
   49.0392380   -88.2683487     0.7071064     0.7071072  (  1 ) 
   48.3146744   -87.5437851     0.7071064     0.7071072  (  1 ) 
   47.5901108   -86.8192215     0.2588203     0.9659255  (  1 ) 
   46.6003456   -86.5540161     0.2588203     0.9659255  (  1 ) 
   45.6105843   -86.2888031    -0.2588205     0.9659255  (  1 ) 
   44.6208229   -86.5540161    -0.2588205     0.9659255  (  1 ) 
   43.6310654   -86.8192215    -0.7071068     0.7071068  (  1 ) 
   42.9065018   -87.5437851    -0.7071068     0.7071068  (  1 ) 
   42.1819420   -88.2683411    -0.9659261     0.2588182  (  1 ) 
   41.9167328   -89.2581100    -0.9659261     0.2588182  (  1 ) 
 ( 12 ) 
   42.7903328   -90.2478790    -0.9659259    -0.2588187  (  1 ) 
   43.1681747   -91.6580048    -0.7071068    -0.7071068  (  1 ) 
   44.2004623   -92.6902924    -0.2588189    -0.9659259  (  1 ) 
   45.6105843   -93.0681381     0.2588187    -0.9659259  (  1 ) 
   47.0207100   -92.6902924     0.7071064    -0.7071072  (  1 ) 
   48.0530052   -91.6579971     0.9659257    -0.2588195  (  1 ) 
   48.4308472   -90.2478790     0.9659258     0.2588190  (  1 ) 
   48.0530052   -88.8377457     0.7071064     0.7071072  (  1 ) 
   47.0207062   -87.8054504     0.2588203     0.9659255  (  1 ) 
   45.6105843   -87.4276123    -0.2588205     0.9659255  (  1 ) 
   44.2004662   -87.8054504    -0.7071068     0.7071068  (  1 ) 
   43.1681747   -88.8377457    -0.9659261     0.2588182  (  1 ) 
 ( 12 ) 
   43.9291344   -90.2478790    -0.9659259    -0.2588187  (  1 ) 
   44.1544075   -91.0886002    -0.7071068    -0.7071068  (  1 ) 
   44.7698669   -91.7040634    -0.2588189    -0.9659259  (  1 ) 
   45.6105843   -91.9293289     0.2588187    -0.9659259  (  1 ) 
   46.4513092   -91.7040634     0.7071064    -0.7071072  (  1 ) 
   47.0667725   -91.0886002     0.9659257    -0.2588195  (  1 ) 
   47.2920418   -90.2478790     0.9659258     0.2588190  (  1 ) 
   47.0667725   -89.4071503     0.7071064     0.7071072  (  1 ) 
   46.4513054   -88.7916870     0.2588203     0.9659255  (  1 ) 
   45.6105843   -88.5664139    -0.2588205     0.9659255  (  1 ) 
   44.7698708   -88.7916870    -0.7071068     0.7071068  (  1 ) 
   44.1544075   -89.4071503    -0.9659261     0.2588182  (  1 ) 
tell says: 3406725
==========================================
             Table block 6
==========================================
# start of ints and floats, tell says 3406725
#--------------------------------------------------------------
 16  1  10     #.....refno, no of doors, ndoor refs
  -0.6449661   39.2260017 -102.6256561    0.0000000    0.0000000    1.0000000    0.0000000 
# start of variable table, tell says 3406765
#--------------------------------------------------------------
1 
1 
1 
12 
  -9.1592484 -102.6256485   -8.0185471 -106.8827896    0.9659256    0.2588198    0.2588198   -0.9659256    4.4073176 3 
  -8.0185471 -106.8827896   -4.9021034 -109.9992371    0.7071072    0.7071064    0.7071064   -0.7071072    4.4073195 3 
  -4.9021034 -109.9992371   -0.6449661 -111.1399307    0.2588184    0.9659260    0.9659260   -0.2588184    4.4073119 3 
  -0.6449661 -111.1399307    3.6121712 -109.9992371   -0.2588184    0.9659260    0.9659260    0.2588184    4.4073119 3 
   3.6121712 -109.9992371    6.7286186 -106.8827896   -0.7071068    0.7071068    0.7071068    0.7071068    4.4073224 3 
   6.7286186 -106.8827896    7.8693161 -102.6256485   -0.9659258    0.2588190    0.2588190    0.9659258    4.4073167 3 
   7.8693161 -102.6256485    6.7286186  -98.3685074   -0.9659258   -0.2588190   -0.2588190    0.9659258    4.4073167 3 
   6.7286186  -98.3685074    3.6121712  -95.2520676   -0.7071059   -0.7071077   -0.7071077    0.7071059    4.4073167 3 
   3.6121712  -95.2520676   -0.6449661  -94.1113739   -0.2588184   -0.9659260   -0.9659260    0.2588184    4.4073119 3 
  -0.6449661  -94.1113739   -4.9021034  -95.2520676    0.2588184   -0.9659260   -0.9659260   -0.2588184    4.4073119 3 
  -4.9021034  -95.2520676   -8.0185471  -98.3685074    0.7071064   -0.7071072   -0.7071072   -0.7071064    4.4073143 3 
  -8.0185471  -98.3685074   -9.1592484 -102.6256485    0.9659256   -0.2588198   -0.2588198   -0.9659256    4.4073176 3 
  -7.4862170 -101.1420822 
10    object number or -1 ...
0 
  39.2260017    0.0000000    0.0000000 
1 ...1 std world, 2 std siege, 4 entry to siegetower allows lowering of drawbridge?, 5 exit to docking position
1 
1 
12 
  -9.1592484 -102.6256485   -8.0185471 -106.8827896    0.9659256    0.2588198    0.2588198   -0.9659256    4.4073176 3 
  -8.0185471 -106.8827896   -4.9021034 -109.9992371    0.7071072    0.7071064    0.7071064   -0.7071072    4.4073195 3 
  -4.9021034 -109.9992371   -0.6449661 -111.1399307    0.2588184    0.9659260    0.9659260   -0.2588184    4.4073119 3 
  -0.6449661 -111.1399307    3.6121712 -109.9992371   -0.2588184    0.9659260    0.9659260    0.2588184    4.4073119 3 
   3.6121712 -109.9992371    6.7286186 -106.8827896   -0.7071068    0.7071068    0.7071068    0.7071068    4.4073224 3 
   6.7286186 -106.8827896    7.8693161 -102.6256485   -0.9659258    0.2588190    0.2588190    0.9659258    4.4073167 3 
   7.8693161 -102.6256485    6.7286186  -98.3685074   -0.9659258   -0.2588190   -0.2588190    0.9659258    4.4073167 3 
   6.7286186  -98.3685074    3.6121712  -95.2520676   -0.7071059   -0.7071077   -0.7071077    0.7071059    4.4073167 3 
   3.6121712  -95.2520676   -0.6449661  -94.1113739   -0.2588184   -0.9659260   -0.9659260    0.2588184    4.4073119 3 
  -0.6449661  -94.1113739   -4.9021034  -95.2520676    0.2588184   -0.9659260   -0.9659260   -0.2588184    4.4073119 3 
  -4.9021034  -95.2520676   -8.0185471  -98.3685074    0.7071064   -0.7071072   -0.7071072   -0.7071064    4.4073143 3 
  -8.0185471  -98.3685074   -9.1592484 -102.6256485    0.9659256   -0.2588198   -0.2588198   -0.9659256    4.4073176 3 
  -7.4862170 -101.1420822 
   0.5000000 
 ( 6 ) 
 ( 48 ) 
   -8.0204439  -102.6256485    -0.9659256    -0.2588198  (  1 ) 
   -7.7734118  -103.5475845    -0.9659256    -0.2588198  (  1 ) 
   -7.5263791  -104.4695206    -0.9659256    -0.2588198  (  1 ) 
   -7.2793469  -105.3914566    -0.9659256    -0.2588198  (  1 ) 
   -7.0323143  -106.3133850    -0.7071072    -0.7071064  (  1 ) 
   -6.3574109  -106.9882889    -0.7071072    -0.7071064  (  1 ) 
   -5.6825080  -107.6631927    -0.7071072    -0.7071064  (  1 ) 
   -5.0076046  -108.3380966    -0.7071072    -0.7071064  (  1 ) 
   -4.3327012  -109.0130005    -0.2588184    -0.9659260  (  1 ) 
   -3.4107676  -109.2600327    -0.2588184    -0.9659260  (  1 ) 
   -2.4888337  -109.5070648    -0.2588184    -0.9659260  (  1 ) 
   -1.5668999  -109.7540970    -0.2588184    -0.9659260  (  1 ) 
   -0.6449661  -110.0011292     0.2588184    -0.9659260  (  1 ) 
    0.2769678  -109.7540970     0.2588184    -0.9659260  (  1 ) 
    1.1989017  -109.5070648     0.2588184    -0.9659260  (  1 ) 
    2.1208355  -109.2600327     0.2588184    -0.9659260  (  1 ) 
    3.0427694  -109.0130005     0.7071068    -0.7071068  (  1 ) 
    3.7176735  -108.3380966     0.7071068    -0.7071068  (  1 ) 
    4.3925776  -107.6631927     0.7071068    -0.7071068  (  1 ) 
    5.0674815  -106.9882889     0.7071068    -0.7071068  (  1 ) 
    5.7423854  -106.3133850     0.9659258    -0.2588190  (  1 ) 
    5.9894171  -105.3914566     0.9659258    -0.2588190  (  1 ) 
    6.2364488  -104.4695206     0.9659258    -0.2588190  (  1 ) 
    6.4834805  -103.5475845     0.9659258    -0.2588190  (  1 ) 
    6.7305121  -102.6256485     0.9659258     0.2588190  (  1 ) 
    6.4834805  -101.7037125     0.9659258     0.2588190  (  1 ) 
    6.2364492  -100.7817764     0.9659258     0.2588190  (  1 ) 
    5.9894176   -99.8598480     0.9659258     0.2588190  (  1 ) 
    5.7423859   -98.9379120     0.7071059     0.7071077  (  1 ) 
    5.0674820   -98.2630081     0.7071059     0.7071077  (  1 ) 
    4.3925781   -97.5881042     0.7071059     0.7071077  (  1 ) 
    3.7176740   -96.9132004     0.7071059     0.7071077  (  1 ) 
    3.0427701   -96.2383041     0.2588184     0.9659260  (  1 ) 
    2.1208363   -95.9912720     0.2588184     0.9659260  (  1 ) 
    1.1989020   -95.7442398     0.2588184     0.9659260  (  1 ) 
    0.2769680   -95.4972076     0.2588184     0.9659260  (  1 ) 
   -0.6449661   -95.2501755    -0.2588184     0.9659260  (  1 ) 
   -1.5669001   -95.4972076    -0.2588184     0.9659260  (  1 ) 
   -2.4888341   -95.7442398    -0.2588184     0.9659260  (  1 ) 
   -3.4107680   -95.9912720    -0.2588184     0.9659260  (  1 ) 
   -4.3327022   -96.2383041    -0.7071064     0.7071072  (  1 ) 
   -5.0076051   -96.9132004    -0.7071064     0.7071072  (  1 ) 
   -5.6825085   -97.5881042    -0.7071064     0.7071072  (  1 ) 
   -6.3574114   -98.2630081    -0.7071064     0.7071072  (  1 ) 
   -7.0323143   -98.9379120    -0.9659256     0.2588198  (  1 ) 
   -7.2793469   -99.8598480    -0.9659256     0.2588198  (  1 ) 
   -7.5263796  -100.7817764    -0.9659256     0.2588198  (  1 ) 
   -7.7734118  -101.7037125    -0.9659256     0.2588198  (  1 ) 
 ( 48 ) 
   -6.8816404  -102.6256485    -0.9659256    -0.2588198  (  1 ) 
   -6.6727505  -103.4052353    -0.9659256    -0.2588198  (  1 ) 
   -6.4638610  -104.1848145    -0.9659256    -0.2588198  (  1 ) 
   -6.2549710  -104.9644012    -0.9659256    -0.2588198  (  1 ) 
   -6.0460815  -105.7439880    -0.7071072    -0.7071064  (  1 ) 
   -5.4753861  -106.3146820    -0.7071072    -0.7071064  (  1 ) 
   -4.9046903  -106.8853760    -0.7071072    -0.7071064  (  1 ) 
   -4.3339949  -107.4560776    -0.7071072    -0.7071064  (  1 ) 
   -3.7632995  -108.0267715    -0.2588184    -0.9659260  (  1 ) 
   -2.9837160  -108.2356567    -0.2588184    -0.9659260  (  1 ) 
   -2.2041328  -108.4445496    -0.2588184    -0.9659260  (  1 ) 
   -1.4245495  -108.6534348    -0.2588184    -0.9659260  (  1 ) 
   -0.6449661  -108.8623199     0.2588184    -0.9659260  (  1 ) 
    0.1346174  -108.6534348     0.2588184    -0.9659260  (  1 ) 
    0.9142009  -108.4445496     0.2588184    -0.9659260  (  1 ) 
    1.6937844  -108.2356567     0.2588184    -0.9659260  (  1 ) 
    2.4733679  -108.0267715     0.7071068    -0.7071068  (  1 ) 
    3.0440640  -107.4560776     0.7071068    -0.7071068  (  1 ) 
    3.6147602  -106.8853760     0.7071068    -0.7071068  (  1 ) 
    4.1854563  -106.3146820     0.7071068    -0.7071068  (  1 ) 
    4.7561526  -105.7439880     0.9659258    -0.2588190  (  1 ) 
    4.9650416  -104.9644012     0.9659258    -0.2588190  (  1 ) 
    5.1739306  -104.1848145     0.9659258    -0.2588190  (  1 ) 
    5.3828197  -103.4052353     0.9659258    -0.2588190  (  1 ) 
    5.5917087  -102.6256485     0.9659258     0.2588190  (  1 ) 
    5.3828197  -101.8460617     0.9659258     0.2588190  (  1 ) 
    5.1739306  -101.0664825     0.9659258     0.2588190  (  1 ) 
    4.9650416  -100.2868958     0.9659258     0.2588190  (  1 ) 
    4.7561531   -99.5073090     0.7071059     0.7071077  (  1 ) 
    4.1854572   -98.9366150     0.7071059     0.7071077  (  1 ) 
    3.6147611   -98.3659210     0.7071059     0.7071077  (  1 ) 
    3.0440652   -97.7952271     0.7071059     0.7071077  (  1 ) 
    2.4733694   -97.2245331     0.2588184     0.9659260  (  1 ) 
    1.6937854   -97.0156479     0.2588184     0.9659260  (  1 ) 
    0.9142016   -96.8067551     0.2588184     0.9659260  (  1 ) 
    0.1346177   -96.5978699     0.2588184     0.9659260  (  1 ) 
   -0.6449661   -96.3889847    -0.2588184     0.9659260  (  1 ) 
   -1.4245498   -96.5978699    -0.2588184     0.9659260  (  1 ) 
   -2.2041335   -96.8067551    -0.2588184     0.9659260  (  1 ) 
   -2.9837172   -97.0156479    -0.2588184     0.9659260  (  1 ) 
   -3.7633009   -97.2245331    -0.7071064     0.7071072  (  1 ) 
   -4.3339963   -97.7952271    -0.7071064     0.7071072  (  1 ) 
   -4.9046912   -98.3659210    -0.7071064     0.7071072  (  1 ) 
   -5.4753866   -98.9366150    -0.7071064     0.7071072  (  1 ) 
   -6.0460820   -99.5073090    -0.9659256     0.2588198  (  1 ) 
   -6.2549715  -100.2868958    -0.9659256     0.2588198  (  1 ) 
   -6.4638610  -101.0664825    -0.9659256     0.2588198  (  1 ) 
   -6.6727505  -101.8460617    -0.9659256     0.2588198  (  1 ) 
 ( 36 ) 
   -5.7428360  -102.6256485    -0.9659256    -0.2588198  (  1 ) 
   -5.5151739  -103.4752960    -0.9659256    -0.2588198  (  1 ) 
   -5.2875113  -104.3249359    -0.9659256    -0.2588198  (  1 ) 
   -5.0598488  -105.1745834    -0.7071072    -0.7071064  (  1 ) 
   -4.4378648  -105.7965698    -0.7071072    -0.7071064  (  1 ) 
   -3.8158813  -106.4185562    -0.7071072    -0.7071064  (  1 ) 
   -3.1938975  -107.0405350    -0.2588184    -0.9659260  (  1 ) 
   -2.3442538  -107.2681961    -0.2588184    -0.9659260  (  1 ) 
   -1.4946100  -107.4958572    -0.2588184    -0.9659260  (  1 ) 
   -0.6449661  -107.7235184     0.2588184    -0.9659260  (  1 ) 
    0.2046780  -107.4958572     0.2588184    -0.9659260  (  1 ) 
    1.0543221  -107.2681961     0.2588184    -0.9659260  (  1 ) 
    1.9039663  -107.0405350     0.7071068    -0.7071068  (  1 ) 
    2.5259507  -106.4185562     0.7071068    -0.7071068  (  1 ) 
    3.1479352  -105.7965698     0.7071068    -0.7071068  (  1 ) 
    3.7699196  -105.1745834     0.9659258    -0.2588190  (  1 ) 
    3.9975812  -104.3249359     0.9659258    -0.2588190  (  1 ) 
    4.2252431  -103.4752960     0.9659258    -0.2588190  (  1 ) 
    4.4529047  -102.6256485     0.9659258     0.2588190  (  1 ) 
    4.2252431  -101.7760010     0.9659258     0.2588190  (  1 ) 
    3.9975817  -100.9263611     0.9659258     0.2588190  (  1 ) 
    3.7699201  -100.0767136     0.7071059     0.7071077  (  1 ) 
    3.1479361   -99.4547348     0.7071059     0.7071077  (  1 ) 
    2.5259523   -98.8327484     0.7071059     0.7071077  (  1 ) 
    1.9039683   -98.2107697     0.2588184     0.9659260  (  1 ) 
    1.0543236   -97.9831085     0.2588184     0.9659260  (  1 ) 
    0.2046787   -97.7554474     0.2588184     0.9659260  (  1 ) 
   -0.6449661   -97.5277863    -0.2588184     0.9659260  (  1 ) 
   -1.4946105   -97.7554474    -0.2588184     0.9659260  (  1 ) 
   -2.3442550   -97.9831085    -0.2588184     0.9659260  (  1 ) 
   -3.1938996   -98.2107697    -0.7071064     0.7071072  (  1 ) 
   -3.8158829   -98.8327484    -0.7071064     0.7071072  (  1 ) 
   -4.4378662   -99.4547348    -0.7071064     0.7071072  (  1 ) 
   -5.0598493  -100.0767136    -0.9659256     0.2588198  (  1 ) 
   -5.2875118  -100.9263611    -0.9659256     0.2588198  (  1 ) 
   -5.5151739  -101.7760010    -0.9659256     0.2588198  (  1 ) 
 ( 24 ) 
   -4.6040320  -102.6256485    -0.9659256    -0.2588198  (  1 ) 
   -4.3388243  -103.6154175    -0.9659256    -0.2588198  (  1 ) 
   -4.0736160  -104.6051788    -0.7071072    -0.7071064  (  1 ) 
   -3.3490558  -105.3297424    -0.7071072    -0.7071064  (  1 ) 
   -2.6244955  -106.0543060    -0.2588184    -0.9659260  (  1 ) 
   -1.6347308  -106.3195114    -0.2588184    -0.9659260  (  1 ) 
   -0.6449661  -106.5847168     0.2588184    -0.9659260  (  1 ) 
    0.3447993  -106.3195114     0.2588184    -0.9659260  (  1 ) 
    1.3345646  -106.0543060     0.7071068    -0.7071068  (  1 ) 
    2.0591257  -105.3297424     0.7071068    -0.7071068  (  1 ) 
    2.7836866  -104.6051788     0.9659258    -0.2588190  (  1 ) 
    3.0488937  -103.6154175     0.9659258    -0.2588190  (  1 ) 
    3.3141010  -102.6256485     0.9659258     0.2588190  (  1 ) 
    3.0488942  -101.6358795     0.9659258     0.2588190  (  1 ) 
    2.7836874  -100.6461182     0.7071059     0.7071077  (  1 ) 
    2.0591273   -99.9215622     0.7071059     0.7071077  (  1 ) 
    1.3345674   -99.1969986     0.2588184     0.9659260  (  1 ) 
    0.3448007   -98.9317932     0.2588184     0.9659260  (  1 ) 
   -0.6449661   -98.6665878    -0.2588184     0.9659260  (  1 ) 
   -1.6347322   -98.9317932    -0.2588184     0.9659260  (  1 ) 
   -2.6244984   -99.1969986    -0.7071064     0.7071072  (  1 ) 
   -3.3490574   -99.9215622    -0.7071064     0.7071072  (  1 ) 
   -4.0736165  -100.6461182    -0.9659256     0.2588198  (  1 ) 
   -4.3388243  -101.6358795    -0.9659256     0.2588198  (  1 ) 
 ( 12 ) 
   -3.4652281  -102.6256485    -0.9659256    -0.2588198  (  1 ) 
   -3.0873833  -104.0357819    -0.7071072    -0.7071064  (  1 ) 
   -2.0550935  -105.0680695    -0.2588184    -0.9659260  (  1 ) 
   -0.6449661  -105.4459152     0.2588184    -0.9659260  (  1 ) 
    0.7651629  -105.0680695     0.7071068    -0.7071068  (  1 ) 
    1.7974535  -104.0357819     0.9659258    -0.2588190  (  1 ) 
    2.1752970  -102.6256485     0.9659258     0.2588190  (  1 ) 
    1.7974545  -101.2155228     0.7071059     0.7071077  (  1 ) 
    0.7651665  -100.1832352     0.2588184     0.9659260  (  1 ) 
   -0.6449661   -99.8053894    -0.2588184     0.9659260  (  1 ) 
   -2.0550969  -100.1832352    -0.7071064     0.7071072  (  1 ) 
   -3.0873842  -101.2155228    -0.9659256     0.2588198  (  1 ) 
 ( 12 ) 
   -2.3264241  -102.6256485    -0.9659256    -0.2588198  (  1 ) 
   -2.1011505  -103.4663773    -0.7071072    -0.7071064  (  1 ) 
   -1.4856915  -104.0818405    -0.2588184    -0.9659260  (  1 ) 
   -0.6449661  -104.3071060     0.2588184    -0.9659260  (  1 ) 
    0.1957613  -104.0818405     0.7071068    -0.7071068  (  1 ) 
    0.8112205  -103.4663773     0.9659258    -0.2588190  (  1 ) 
    1.0364933  -102.6256485     0.9659258     0.2588190  (  1 ) 
    0.8112216  -101.7849197     0.7071059     0.7071077  (  1 ) 
    0.1957655  -101.1694717     0.2588184     0.9659260  (  1 ) 
   -0.6449661  -100.9441986    -0.2588184     0.9659260  (  1 ) 
   -1.4856957  -101.1694641    -0.7071064     0.7071072  (  1 ) 
   -2.1011515  -101.7849197    -0.9659256     0.2588198  (  1 ) 
tell says: 3410881
==========================================
             Table block 7
==========================================
# start of ints and floats, tell says 3410881
#--------------------------------------------------------------
 17  0     #.....refno, no of doors, ndoor refs
 -45.3385963   39.2260017 -117.4171219    0.0000000    0.0000000    1.0000000    0.0000000 
# start of variable table, tell says 3410917
#--------------------------------------------------------------
1 
1 
1 
12 
 -53.8204651 -116.6750793  -53.0551834 -121.0154266    0.9848093    0.1736397    0.1736397   -0.9848093    4.4072976 3 
 -53.0551834 -121.0154266  -50.2222366 -124.3915710    0.7660416    0.6427910    0.6427910   -0.7660416    4.4072599 3 
 -50.2222366 -124.3915710  -46.0807037 -125.8990021    0.3420274    0.9396900    0.9396900   -0.3420274    4.4073396 3 
 -46.0807037 -125.8990021  -41.7403564 -125.1336975   -0.1736447    0.9848084    0.9848084    0.1736447    4.4073014 3 
 -41.7403564 -125.1336975  -38.3640671 -122.3007965   -0.6427687    0.7660604    0.7660604    0.6427687    4.4073415 3 
 -38.3640671 -122.3007965  -36.8567276 -118.1592255   -0.9396977    0.3420063    0.3420063    0.9396977    4.4073443 3 
 -36.8567276 -118.1592255  -37.6220932 -113.8188019   -0.9848065   -0.1736552   -0.1736552    0.9848065    4.4073873 3 
 -37.6220932 -113.8188019  -40.4550171 -110.4425964   -0.7660499   -0.6427811   -0.6427811    0.7660499    4.4072919 3 
 -40.4550171 -110.4425964  -44.5965881 -108.9352417   -0.3420094   -0.9396966   -0.9396966    0.3420094    4.4073496 3 
 -44.5965881 -108.9352417  -48.9368973 -109.7005234    0.1736411   -0.9848090   -0.9848090   -0.1736411    4.4072599 3 
 -48.9368973 -109.7005234  -52.3131256 -112.5335541    0.6427928   -0.7660401   -0.7660401   -0.6427928    4.4073782 3 
 -52.3131256 -112.5335541  -53.8204651 -116.6750793    0.9396964   -0.3420096   -0.3420096   -0.9396964    4.4073014 3 
 -52.0244865 -115.3429871 
11    object number or -1 ...
0 
  39.2260017    0.0000000    0.0000000 
1 ...1 std world, 2 std siege, 4 entry to siegetower allows lowering of drawbridge?, 5 exit to docking position
1 
1 
12 
 -53.8204651 -116.6750793  -53.0551834 -121.0154266    0.9848093    0.1736397    0.1736397   -0.9848093    4.4072976 3 
 -53.0551834 -121.0154266  -50.2222366 -124.3915710    0.7660416    0.6427910    0.6427910   -0.7660416    4.4072599 3 
 -50.2222366 -124.3915710  -46.0807037 -125.8990021    0.3420274    0.9396900    0.9396900   -0.3420274    4.4073396 3 
 -46.0807037 -125.8990021  -41.7403564 -125.1336975   -0.1736447    0.9848084    0.9848084    0.1736447    4.4073014 3 
 -41.7403564 -125.1336975  -38.3640671 -122.3007965   -0.6427687    0.7660604    0.7660604    0.6427687    4.4073415 3 
 -38.3640671 -122.3007965  -36.8567276 -118.1592255   -0.9396977    0.3420063    0.3420063    0.9396977    4.4073443 3 
 -36.8567276 -118.1592255  -37.6220932 -113.8188019   -0.9848065   -0.1736552   -0.1736552    0.9848065    4.4073873 3 
 -37.6220932 -113.8188019  -40.4550171 -110.4425964   -0.7660499   -0.6427811   -0.6427811    0.7660499    4.4072919 3 
 -40.4550171 -110.4425964  -44.5965881 -108.9352417   -0.3420094   -0.9396966   -0.9396966    0.3420094    4.4073496 3 
 -44.5965881 -108.9352417  -48.9368973 -109.7005234    0.1736411   -0.9848090   -0.9848090   -0.1736411    4.4072599 3 
 -48.9368973 -109.7005234  -52.3131256 -112.5335541    0.6427928   -0.7660401   -0.7660401   -0.6427928    4.4073782 3 
 -52.3131256 -112.5335541  -53.8204651 -116.6750793    0.9396964   -0.3420096   -0.3420096   -0.9396964    4.4073014 3 
 -52.0244865 -115.3429871 
   0.5000000 
 ( 6 ) 
 ( 48 ) 
  -52.6859970  -116.7743301    -0.9848093    -0.1736397  (  1 ) 
  -52.5202675  -117.7142868    -0.9848093    -0.1736397  (  1 ) 
  -52.3545341  -118.6542435    -0.9848093    -0.1736397  (  1 ) 
  -52.1888046  -119.5941925    -0.9848093    -0.1736397  (  1 ) 
  -52.0230751  -120.5341492    -0.7660416    -0.6427910  (  1 ) 
  -51.4095650  -121.2652893    -0.7660416    -0.6427910  (  1 ) 
  -50.7960587  -121.9964371    -0.7660416    -0.6427910  (  1 ) 
  -50.1825523  -122.7275772    -0.7660416    -0.6427910  (  1 ) 
  -49.5690460  -123.4587173    -0.3420274    -0.9396900  (  1 ) 
  -48.6721458  -123.7851715    -0.3420274    -0.9396900  (  1 ) 
  -47.7752457  -124.1116257    -0.3420274    -0.9396900  (  1 ) 
  -46.8783455  -124.4380798    -0.3420274    -0.9396900  (  1 ) 
  -45.9814453  -124.7645340     0.1736447    -0.9848084  (  1 ) 
  -45.0414886  -124.5987930     0.1736447    -0.9848084  (  1 ) 
  -44.1015320  -124.4330597     0.1736447    -0.9848084  (  1 ) 
  -43.1615753  -124.2673264     0.1736447    -0.9848084  (  1 ) 
  -42.2216187  -124.1015854     0.6427687    -0.7660604  (  1 ) 
  -41.4904442  -123.4880905     0.6427687    -0.7660604  (  1 ) 
  -40.7592697  -122.8745956     0.6427687    -0.7660604  (  1 ) 
  -40.0280952  -122.2610931     0.6427687    -0.7660604  (  1 ) 
  -39.2969208  -121.6475983     0.9396977    -0.3420063  (  1 ) 
  -38.9704895  -120.7506943     0.9396977    -0.3420063  (  1 ) 
  -38.6440582  -119.8537903     0.9396977    -0.3420063  (  1 ) 
  -38.3176308  -118.9568863     0.9396977    -0.3420063  (  1 ) 
  -37.9911995  -118.0599823     0.9848065     0.1736552  (  1 ) 
  -38.1569481  -117.1200104     0.9848065     0.1736552  (  1 ) 
  -38.3226967  -116.1800308     0.9848065     0.1736552  (  1 ) 
  -38.4884491  -115.2400589     0.9848065     0.1736552  (  1 ) 
  -38.6541977  -114.3000793     0.7660499     0.6427811  (  1 ) 
  -39.2677002  -113.5689240     0.7660499     0.6427811  (  1 ) 
  -39.8812027  -112.8377686     0.7660499     0.6427811  (  1 ) 
  -40.4947052  -112.1066132     0.7660499     0.6427811  (  1 ) 
  -41.1082077  -111.3754501     0.3420094     0.9396966  (  1 ) 
  -42.0051155  -111.0490189     0.3420094     0.9396966  (  1 ) 
  -42.9020233  -110.7225800     0.3420094     0.9396966  (  1 ) 
  -43.7989311  -110.3961487     0.3420094     0.9396966  (  1 ) 
  -44.6958389  -110.0697098    -0.1736411     0.9848090  (  1 ) 
  -45.6357841  -110.2354431    -0.1736411     0.9848090  (  1 ) 
  -46.5757294  -110.4011688    -0.1736411     0.9848090  (  1 ) 
  -47.5156708  -110.5669022    -0.1736411     0.9848090  (  1 ) 
  -48.4556160  -110.7326355    -0.6427928     0.7660401  (  1 ) 
  -49.1867790  -111.3461609    -0.6427928     0.7660401  (  1 ) 
  -49.9179420  -111.9596863    -0.6427928     0.7660401  (  1 ) 
  -50.6491051  -112.5732117    -0.6427928     0.7660401  (  1 ) 
  -51.3802643  -113.1867371    -0.9396964     0.3420096  (  1 ) 
  -51.7066994  -114.0836334    -0.9396964     0.3420096  (  1 ) 
  -52.0331306  -114.9805374    -0.9396964     0.3420096  (  1 ) 
  -52.3595657  -115.8774338    -0.9396964     0.3420096  (  1 ) 
 ( 48 ) 
  -51.5515289  -116.8735809    -0.9848093    -0.1736397  (  1 ) 
  -51.4113884  -117.6684036    -0.9848093    -0.1736397  (  1 ) 
  -51.2712479  -118.4632263    -0.9848093    -0.1736397  (  1 ) 
  -51.1311073  -119.2580490    -0.9848093    -0.1736397  (  1 ) 
  -50.9909630  -120.0528717    -0.7660416    -0.6427910  (  1 ) 
  -50.4721870  -120.6711197    -0.7660416    -0.6427910  (  1 ) 
  -49.9534073  -121.2893677    -0.7660416    -0.6427910  (  1 ) 
  -49.4346313  -121.9076233    -0.7660416    -0.6427910  (  1 ) 
  -48.9158554  -122.5258713    -0.3420274    -0.9396900  (  1 ) 
  -48.1574364  -122.8019180    -0.3420274    -0.9396900  (  1 ) 
  -47.3990173  -123.0779648    -0.3420274    -0.9396900  (  1 ) 
  -46.6406021  -123.3540115    -0.3420274    -0.9396900  (  1 ) 
  -45.8821831  -123.6300583     0.1736447    -0.9848084  (  1 ) 
  -45.0873604  -123.4899139     0.1736447    -0.9848084  (  1 ) 
  -44.2925339  -123.3497696     0.1736447    -0.9848084  (  1 ) 
  -43.4977074  -123.2096252     0.1736447    -0.9848084  (  1 ) 
  -42.7028847  -123.0694733     0.6427687    -0.7660604  (  1 ) 
  -42.0846062  -122.5507050     0.6427687    -0.7660604  (  1 ) 
  -41.4663315  -122.0319366     0.6427687    -0.7660604  (  1 ) 
  -40.8480530  -121.5131683     0.6427687    -0.7660604  (  1 ) 
  -40.2297783  -120.9944000     0.9396977    -0.3420063  (  1 ) 
  -39.9537506  -120.2359848     0.9396977    -0.3420063  (  1 ) 
  -39.6777229  -119.4775696     0.9396977    -0.3420063  (  1 ) 
  -39.4016953  -118.7191544     0.9396977    -0.3420063  (  1 ) 
  -39.1256676  -117.9607468     0.9848065     0.1736552  (  1 ) 
  -39.2658272  -117.1658936     0.9848065     0.1736552  (  1 ) 
  -39.4059868  -116.3710480     0.9848065     0.1736552  (  1 ) 
  -39.5461426  -115.5762024     0.9848065     0.1736552  (  1 ) 
  -39.6863022  -114.7813568     0.7660499     0.6427811  (  1 ) 
  -40.2050781  -114.1630936     0.7660499     0.6427811  (  1 ) 
  -40.7238503  -113.5448303     0.7660499     0.6427811  (  1 ) 
  -41.2426262  -112.9265747     0.7660499     0.6427811  (  1 ) 
  -41.7613983  -112.3083115     0.3420094     0.9396966  (  1 ) 
  -42.5198212  -112.0322800     0.3420094     0.9396966  (  1 ) 
  -43.2782440  -111.7562408     0.3420094     0.9396966  (  1 ) 
  -44.0366669  -111.4802094     0.3420094     0.9396966  (  1 ) 
  -44.7950897  -111.2041779    -0.1736411     0.9848090  (  1 ) 
  -45.5899010  -111.3443146    -0.1736411     0.9848090  (  1 ) 
  -46.3847122  -111.4844589    -0.1736411     0.9848090  (  1 ) 
  -47.1795235  -111.6246033    -0.1736411     0.9848090  (  1 ) 
  -47.9743385  -111.7647400    -0.6427928     0.7660401  (  1 ) 
  -48.5926056  -112.2835388    -0.6427928     0.7660401  (  1 ) 
  -49.2108727  -112.8023300    -0.6427928     0.7660401  (  1 ) 
  -49.8291397  -113.3211288    -0.6427928     0.7660401  (  1 ) 
  -50.4474068  -113.8399200    -0.9396964     0.3420096  (  1 ) 
  -50.7234383  -114.5983353    -0.9396964     0.3420096  (  1 ) 
  -50.9994698  -115.3567505    -0.9396964     0.3420096  (  1 ) 
  -51.2754974  -116.1151657    -0.9396964     0.3420096  (  1 ) 
 ( 36 ) 
  -50.4170647  -116.9728317    -0.9848093    -0.1736397  (  1 ) 
  -50.2643280  -117.8390884    -0.9848093    -0.1736397  (  1 ) 
  -50.1115913  -118.7053375    -0.9848093    -0.1736397  (  1 ) 
  -49.9588547  -119.5715942    -0.7660416    -0.6427910  (  1 ) 
  -49.3934555  -120.2453995    -0.7660416    -0.6427910  (  1 ) 
  -48.8280602  -120.9192123    -0.7660416    -0.6427910  (  1 ) 
  -48.2626610  -121.5930176    -0.3420274    -0.9396900  (  1 ) 
  -47.4360847  -121.8938751    -0.3420274    -0.9396900  (  1 ) 
  -46.6095047  -122.1947327    -0.3420274    -0.9396900  (  1 ) 
  -45.7829247  -122.4955902     0.1736447    -0.9848084  (  1 ) 
  -44.9166641  -122.3428497     0.1736447    -0.9848084  (  1 ) 
  -44.0504074  -122.1901093     0.1736447    -0.9848084  (  1 ) 
  -43.1841469  -122.0373688     0.6427687    -0.7660604  (  1 ) 
  -42.5103073  -121.4719772     0.6427687    -0.7660604  (  1 ) 
  -41.8364716  -120.9065857     0.6427687    -0.7660604  (  1 ) 
  -41.1626320  -120.3412018     0.9396977    -0.3420063  (  1 ) 
  -40.8618011  -119.5146332     0.9396977    -0.3420063  (  1 ) 
  -40.5609703  -118.6880722     0.9396977    -0.3420063  (  1 ) 
  -40.2601395  -117.8615036     0.9848065     0.1736552  (  1 ) 
  -40.4128952  -116.9952164     0.9848065     0.1736552  (  1 ) 
  -40.5656509  -116.1289215     0.9848065     0.1736552  (  1 ) 
  -40.7184067  -115.2626343     0.7660499     0.6427811  (  1 ) 
  -41.2838020  -114.5888138     0.7660499     0.6427811  (  1 ) 
  -41.8491974  -113.9149933     0.7660499     0.6427811  (  1 ) 
  -42.4145927  -113.2411652     0.3420094     0.9396966  (  1 ) 
  -43.2411728  -112.9403229     0.3420094     0.9396966  (  1 ) 
  -44.0677567  -112.6394882     0.3420094     0.9396966  (  1 ) 
  -44.8943405  -112.3386459    -0.1736411     0.9848090  (  1 ) 
  -45.7605782  -112.4913788    -0.1736411     0.9848090  (  1 ) 
  -46.6268196  -112.6441116    -0.1736411     0.9848090  (  1 ) 
  -47.4930573  -112.7968521    -0.6427928     0.7660401  (  1 ) 
  -48.1668854  -113.3622665    -0.6427928     0.7660401  (  1 ) 
  -48.8407173  -113.9276886    -0.6427928     0.7660401  (  1 ) 
  -49.5145454  -114.4931030    -0.9396964     0.3420096  (  1 ) 
  -49.8153839  -115.3196793    -0.9396964     0.3420096  (  1 ) 
  -50.1162224  -116.1462555    -0.9396964     0.3420096  (  1 ) 
 ( 24 ) 
  -49.2825966  -117.0720825    -0.9848093    -0.1736397  (  1 ) 
  -49.1046715  -118.0811996    -0.9848093    -0.1736397  (  1 ) 
  -48.9267464  -119.0903168    -0.7660416    -0.6427910  (  1 ) 
  -48.2681084  -119.8752441    -0.7660416    -0.6427910  (  1 ) 
  -47.6094704  -120.6601639    -0.3420274    -0.9396900  (  1 ) 
  -46.6465683  -121.0106430    -0.3420274    -0.9396900  (  1 ) 
  -45.6836662  -121.3611221     0.1736447    -0.9848084  (  1 ) 
  -44.6745377  -121.1831894     0.1736447    -0.9848084  (  1 ) 
  -43.6654091  -121.0052567     0.6427687    -0.7660604  (  1 ) 
  -42.8804474  -120.3466263     0.6427687    -0.7660604  (  1 ) 
  -42.0954895  -119.6880035     0.9396977    -0.3420063  (  1 ) 
  -41.7450485  -118.7251282     0.9396977    -0.3420063  (  1 ) 
  -41.3946075  -117.7622604     0.9848065     0.1736552  (  1 ) 
  -41.5725594  -116.7530899     0.9848065     0.1736552  (  1 ) 
  -41.7505112  -115.7439117     0.7660499     0.6427811  (  1 ) 
  -42.4091492  -114.9589691     0.7660499     0.6427811  (  1 ) 
  -43.0677834  -114.1740265     0.3420094     0.9396966  (  1 ) 
  -44.0306854  -113.8235703     0.3420094     0.9396966  (  1 ) 
  -44.9935913  -113.4731140    -0.1736411     0.9848090  (  1 ) 
  -46.0026855  -113.6510391    -0.1736411     0.9848090  (  1 ) 
  -47.0117760  -113.8289566    -0.6427928     0.7660401  (  1 ) 
  -47.7967300  -114.4876251    -0.6427928     0.7660401  (  1 ) 
  -48.5816879  -115.1462860    -0.9396964     0.3420096  (  1 ) 
  -48.9321404  -116.1091843    -0.9396964     0.3420096  (  1 ) 
 ( 12 ) 
  -48.1481285  -117.1713409    -0.9848093    -0.1736397  (  1 ) 
  -47.8946342  -118.6090393    -0.7660416    -0.6427910  (  1 ) 
  -46.9562798  -119.7273178    -0.3420274    -0.9396900  (  1 ) 
  -45.5844040  -120.2266464     0.1736447    -0.9848084  (  1 ) 
  -44.1466713  -119.9731445     0.6427687    -0.7660604  (  1 ) 
  -43.0283432  -119.0347977     0.9396977    -0.3420063  (  1 ) 
  -42.5290794  -117.6630249     0.9848065     0.1736552  (  1 ) 
  -42.7826195  -116.2251892     0.7660499     0.6427811  (  1 ) 
  -43.7209740  -115.1068802     0.3420094     0.9396966  (  1 ) 
  -45.0928421  -114.6075821    -0.1736411     0.9848090  (  1 ) 
  -46.5304985  -114.8610687    -0.6427928     0.7660401  (  1 ) 
  -47.6488266  -115.7994690    -0.9396964     0.3420096  (  1 ) 
 ( 12 ) 
  -47.0136604  -117.2705917    -0.9848093    -0.1736397  (  1 ) 
  -46.8625259  -118.1277618    -0.7660416    -0.6427910  (  1 ) 
  -46.3030891  -118.7944641    -0.3420274    -0.9396900  (  1 ) 
  -45.4851456  -119.0921783     0.1736447    -0.9848084  (  1 ) 
  -44.6279373  -118.9410324     0.6427687    -0.7660604  (  1 ) 
  -43.9611969  -118.3815994     0.9396977    -0.3420063  (  1 ) 
  -43.6635475  -117.5637817     0.9848065     0.1736552  (  1 ) 
  -43.8147240  -116.7064667     0.7660499     0.6427811  (  1 ) 
  -44.3741646  -116.0397415     0.3420094     0.9396966  (  1 ) 
  -45.1920929  -115.7420502    -0.1736411     0.9848090  (  1 ) 
  -46.0492172  -115.8931732    -0.6427928     0.7660401  (  1 ) 
  -46.7159653  -116.4526520    -0.9396964     0.3420096  (  1 ) 
tell says: 3415033
==========================================
             Table block 8
==========================================
# start of ints and floats, tell says 3415033
#--------------------------------------------------------------
 18  1  12     #.....refno, no of doors, ndoor refs
 -45.3385963   39.2260017 -117.4171219    0.0000000    0.0000000    1.0000000    0.0000000 
# start of variable table, tell says 3415073
#--------------------------------------------------------------
1 
1 
1 
12 
 -53.8204651 -116.6750793  -53.0551834 -121.0154266    0.9848093    0.1736397    0.1736397   -0.9848093    4.4072976 3 
 -53.0551834 -121.0154266  -50.2222366 -124.3915710    0.7660416    0.6427910    0.6427910   -0.7660416    4.4072599 3 
 -50.2222366 -124.3915710  -46.0807037 -125.8990021    0.3420274    0.9396900    0.9396900   -0.3420274    4.4073396 3 
 -46.0807037 -125.8990021  -41.7403564 -125.1336975   -0.1736447    0.9848084    0.9848084    0.1736447    4.4073014 3 
 -41.7403564 -125.1336975  -38.3640671 -122.3007965   -0.6427687    0.7660604    0.7660604    0.6427687    4.4073415 3 
 -38.3640671 -122.3007965  -36.8567276 -118.1592255   -0.9396977    0.3420063    0.3420063    0.9396977    4.4073443 3 
 -36.8567276 -118.1592255  -37.6220932 -113.8188019   -0.9848065   -0.1736552   -0.1736552    0.9848065    4.4073873 3 
 -37.6220932 -113.8188019  -40.4550171 -110.4425964   -0.7660499   -0.6427811   -0.6427811    0.7660499    4.4072919 3 
 -40.4550171 -110.4425964  -44.5965881 -108.9352417   -0.3420094   -0.9396966   -0.9396966    0.3420094    4.4073496 3 
 -44.5965881 -108.9352417  -48.9368973 -109.7005234    0.1736411   -0.9848090   -0.9848090   -0.1736411    4.4072599 3 
 -48.9368973 -109.7005234  -52.3131256 -112.5335541    0.6427928   -0.7660401   -0.7660401   -0.6427928    4.4073782 3 
 -52.3131256 -112.5335541  -53.8204651 -116.6750793    0.9396964   -0.3420096   -0.3420096   -0.9396964    4.4073014 3 
 -52.0244865 -115.3429871 
11    object number or -1 ...
0 
  39.2260017    0.0000000    0.0000000 
1 ...1 std world, 2 std siege, 4 entry to siegetower allows lowering of drawbridge?, 5 exit to docking position
1 
1 
12 
 -53.8204651 -116.6750793  -53.0551834 -121.0154266    0.9848093    0.1736397    0.1736397   -0.9848093    4.4072976 3 
 -53.0551834 -121.0154266  -50.2222366 -124.3915710    0.7660416    0.6427910    0.6427910   -0.7660416    4.4072599 3 
 -50.2222366 -124.3915710  -46.0807037 -125.8990021    0.3420274    0.9396900    0.9396900   -0.3420274    4.4073396 3 
 -46.0807037 -125.8990021  -41.7403564 -125.1336975   -0.1736447    0.9848084    0.9848084    0.1736447    4.4073014 3 
 -41.7403564 -125.1336975  -38.3640671 -122.3007965   -0.6427687    0.7660604    0.7660604    0.6427687    4.4073415 3 
 -38.3640671 -122.3007965  -36.8567276 -118.1592255   -0.9396977    0.3420063    0.3420063    0.9396977    4.4073443 3 
 -36.8567276 -118.1592255  -37.6220932 -113.8188019   -0.9848065   -0.1736552   -0.1736552    0.9848065    4.4073873 3 
 -37.6220932 -113.8188019  -40.4550171 -110.4425964   -0.7660499   -0.6427811   -0.6427811    0.7660499    4.4072919 3 
 -40.4550171 -110.4425964  -44.5965881 -108.9352417   -0.3420094   -0.9396966   -0.9396966    0.3420094    4.4073496 3 
 -44.5965881 -108.9352417  -48.9368973 -109.7005234    0.1736411   -0.9848090   -0.9848090   -0.1736411    4.4072599 3 
 -48.9368973 -109.7005234  -52.3131256 -112.5335541    0.6427928   -0.7660401   -0.7660401   -0.6427928    4.4073782 3 
 -52.3131256 -112.5335541  -53.8204651 -116.6750793    0.9396964   -0.3420096   -0.3420096   -0.9396964    4.4073014 3 
 -52.0244865 -115.3429871 
   0.5000000 
 ( 6 ) 
 ( 48 ) 
  -52.6859970  -116.7743301    -0.9848093    -0.1736397  (  1 ) 
  -52.5202675  -117.7142868    -0.9848093    -0.1736397  (  1 ) 
  -52.3545341  -118.6542435    -0.9848093    -0.1736397  (  1 ) 
  -52.1888046  -119.5941925    -0.9848093    -0.1736397  (  1 ) 
  -52.0230751  -120.5341492    -0.7660416    -0.6427910  (  1 ) 
  -51.4095650  -121.2652893    -0.7660416    -0.6427910  (  1 ) 
  -50.7960587  -121.9964371    -0.7660416    -0.6427910  (  1 ) 
  -50.1825523  -122.7275772    -0.7660416    -0.6427910  (  1 ) 
  -49.5690460  -123.4587173    -0.3420274    -0.9396900  (  1 ) 
  -48.6721458  -123.7851715    -0.3420274    -0.9396900  (  1 ) 
  -47.7752457  -124.1116257    -0.3420274    -0.9396900  (  1 ) 
  -46.8783455  -124.4380798    -0.3420274    -0.9396900  (  1 ) 
  -45.9814453  -124.7645340     0.1736447    -0.9848084  (  1 ) 
  -45.0414886  -124.5987930     0.1736447    -0.9848084  (  1 ) 
  -44.1015320  -124.4330597     0.1736447    -0.9848084  (  1 ) 
  -43.1615753  -124.2673264     0.1736447    -0.9848084  (  1 ) 
  -42.2216187  -124.1015854     0.6427687    -0.7660604  (  1 ) 
  -41.4904442  -123.4880905     0.6427687    -0.7660604  (  1 ) 
  -40.7592697  -122.8745956     0.6427687    -0.7660604  (  1 ) 
  -40.0280952  -122.2610931     0.6427687    -0.7660604  (  1 ) 
  -39.2969208  -121.6475983     0.9396977    -0.3420063  (  1 ) 
  -38.9704895  -120.7506943     0.9396977    -0.3420063  (  1 ) 
  -38.6440582  -119.8537903     0.9396977    -0.3420063  (  1 ) 
  -38.3176308  -118.9568863     0.9396977    -0.3420063  (  1 ) 
  -37.9911995  -118.0599823     0.9848065     0.1736552  (  1 ) 
  -38.1569481  -117.1200104     0.9848065     0.1736552  (  1 ) 
  -38.3226967  -116.1800308     0.9848065     0.1736552  (  1 ) 
  -38.4884491  -115.2400589     0.9848065     0.1736552  (  1 ) 
  -38.6541977  -114.3000793     0.7660499     0.6427811  (  1 ) 
  -39.2677002  -113.5689240     0.7660499     0.6427811  (  1 ) 
  -39.8812027  -112.8377686     0.7660499     0.6427811  (  1 ) 
  -40.4947052  -112.1066132     0.7660499     0.6427811  (  1 ) 
  -41.1082077  -111.3754501     0.3420094     0.9396966  (  1 ) 
  -42.0051155  -111.0490189     0.3420094     0.9396966  (  1 ) 
  -42.9020233  -110.7225800     0.3420094     0.9396966  (  1 ) 
  -43.7989311  -110.3961487     0.3420094     0.9396966  (  1 ) 
  -44.6958389  -110.0697098    -0.1736411     0.9848090  (  1 ) 
  -45.6357841  -110.2354431    -0.1736411     0.9848090  (  1 ) 
  -46.5757294  -110.4011688    -0.1736411     0.9848090  (  1 ) 
  -47.5156708  -110.5669022    -0.1736411     0.9848090  (  1 ) 
  -48.4556160  -110.7326355    -0.6427928     0.7660401  (  1 ) 
  -49.1867790  -111.3461609    -0.6427928     0.7660401  (  1 ) 
  -49.9179420  -111.9596863    -0.6427928     0.7660401  (  1 ) 
  -50.6491051  -112.5732117    -0.6427928     0.7660401  (  1 ) 
  -51.3802643  -113.1867371    -0.9396964     0.3420096  (  1 ) 
  -51.7066994  -114.0836334    -0.9396964     0.3420096  (  1 ) 
  -52.0331306  -114.9805374    -0.9396964     0.3420096  (  1 ) 
  -52.3595657  -115.8774338    -0.9396964     0.3420096  (  1 ) 
 ( 48 ) 
  -51.5515289  -116.8735809    -0.9848093    -0.1736397  (  1 ) 
  -51.4113884  -117.6684036    -0.9848093    -0.1736397  (  1 ) 
  -51.2712479  -118.4632263    -0.9848093    -0.1736397  (  1 ) 
  -51.1311073  -119.2580490    -0.9848093    -0.1736397  (  1 ) 
  -50.9909630  -120.0528717    -0.7660416    -0.6427910  (  1 ) 
  -50.4721870  -120.6711197    -0.7660416    -0.6427910  (  1 ) 
  -49.9534073  -121.2893677    -0.7660416    -0.6427910  (  1 ) 
  -49.4346313  -121.9076233    -0.7660416    -0.6427910  (  1 ) 
  -48.9158554  -122.5258713    -0.3420274    -0.9396900  (  1 ) 
  -48.1574364  -122.8019180    -0.3420274    -0.9396900  (  1 ) 
  -47.3990173  -123.0779648    -0.3420274    -0.9396900  (  1 ) 
  -46.6406021  -123.3540115    -0.3420274    -0.9396900  (  1 ) 
  -45.8821831  -123.6300583     0.1736447    -0.9848084  (  1 ) 
  -45.0873604  -123.4899139     0.1736447    -0.9848084  (  1 ) 
  -44.2925339  -123.3497696     0.1736447    -0.9848084  (  1 ) 
  -43.4977074  -123.2096252     0.1736447    -0.9848084  (  1 ) 
  -42.7028847  -123.0694733     0.6427687    -0.7660604  (  1 ) 
  -42.0846062  -122.5507050     0.6427687    -0.7660604  (  1 ) 
  -41.4663315  -122.0319366     0.6427687    -0.7660604  (  1 ) 
  -40.8480530  -121.5131683     0.6427687    -0.7660604  (  1 ) 
  -40.2297783  -120.9944000     0.9396977    -0.3420063  (  1 ) 
  -39.9537506  -120.2359848     0.9396977    -0.3420063  (  1 ) 
  -39.6777229  -119.4775696     0.9396977    -0.3420063  (  1 ) 
  -39.4016953  -118.7191544     0.9396977    -0.3420063  (  1 ) 
  -39.1256676  -117.9607468     0.9848065     0.1736552  (  1 ) 
  -39.2658272  -117.1658936     0.9848065     0.1736552  (  1 ) 
  -39.4059868  -116.3710480     0.9848065     0.1736552  (  1 ) 
  -39.5461426  -115.5762024     0.9848065     0.1736552  (  1 ) 
  -39.6863022  -114.7813568     0.7660499     0.6427811  (  1 ) 
  -40.2050781  -114.1630936     0.7660499     0.6427811  (  1 ) 
  -40.7238503  -113.5448303     0.7660499     0.6427811  (  1 ) 
  -41.2426262  -112.9265747     0.7660499     0.6427811  (  1 ) 
  -41.7613983  -112.3083115     0.3420094     0.9396966  (  1 ) 
  -42.5198212  -112.0322800     0.3420094     0.9396966  (  1 ) 
  -43.2782440  -111.7562408     0.3420094     0.9396966  (  1 ) 
  -44.0366669  -111.4802094     0.3420094     0.9396966  (  1 ) 
  -44.7950897  -111.2041779    -0.1736411     0.9848090  (  1 ) 
  -45.5899010  -111.3443146    -0.1736411     0.9848090  (  1 ) 
  -46.3847122  -111.4844589    -0.1736411     0.9848090  (  1 ) 
  -47.1795235  -111.6246033    -0.1736411     0.9848090  (  1 ) 
  -47.9743385  -111.7647400    -0.6427928     0.7660401  (  1 ) 
  -48.5926056  -112.2835388    -0.6427928     0.7660401  (  1 ) 
  -49.2108727  -112.8023300    -0.6427928     0.7660401  (  1 ) 
  -49.8291397  -113.3211288    -0.6427928     0.7660401  (  1 ) 
  -50.4474068  -113.8399200    -0.9396964     0.3420096  (  1 ) 
  -50.7234383  -114.5983353    -0.9396964     0.3420096  (  1 ) 
  -50.9994698  -115.3567505    -0.9396964     0.3420096  (  1 ) 
  -51.2754974  -116.1151657    -0.9396964     0.3420096  (  1 ) 
 ( 36 ) 
  -50.4170647  -116.9728317    -0.9848093    -0.1736397  (  1 ) 
  -50.2643280  -117.8390884    -0.9848093    -0.1736397  (  1 ) 
  -50.1115913  -118.7053375    -0.9848093    -0.1736397  (  1 ) 
  -49.9588547  -119.5715942    -0.7660416    -0.6427910  (  1 ) 
  -49.3934555  -120.2453995    -0.7660416    -0.6427910  (  1 ) 
  -48.8280602  -120.9192123    -0.7660416    -0.6427910  (  1 ) 
  -48.2626610  -121.5930176    -0.3420274    -0.9396900  (  1 ) 
  -47.4360847  -121.8938751    -0.3420274    -0.9396900  (  1 ) 
  -46.6095047  -122.1947327    -0.3420274    -0.9396900  (  1 ) 
  -45.7829247  -122.4955902     0.1736447    -0.9848084  (  1 ) 
  -44.9166641  -122.3428497     0.1736447    -0.9848084  (  1 ) 
  -44.0504074  -122.1901093     0.1736447    -0.9848084  (  1 ) 
  -43.1841469  -122.0373688     0.6427687    -0.7660604  (  1 ) 
  -42.5103073  -121.4719772     0.6427687    -0.7660604  (  1 ) 
  -41.8364716  -120.9065857     0.6427687    -0.7660604  (  1 ) 
  -41.1626320  -120.3412018     0.9396977    -0.3420063  (  1 ) 
  -40.8618011  -119.5146332     0.9396977    -0.3420063  (  1 ) 
  -40.5609703  -118.6880722     0.9396977    -0.3420063  (  1 ) 
  -40.2601395  -117.8615036     0.9848065     0.1736552  (  1 ) 
  -40.4128952  -116.9952164     0.9848065     0.1736552  (  1 ) 
  -40.5656509  -116.1289215     0.9848065     0.1736552  (  1 ) 
  -40.7184067  -115.2626343     0.7660499     0.6427811  (  1 ) 
  -41.2838020  -114.5888138     0.7660499     0.6427811  (  1 ) 
  -41.8491974  -113.9149933     0.7660499     0.6427811  (  1 ) 
  -42.4145927  -113.2411652     0.3420094     0.9396966  (  1 ) 
  -43.2411728  -112.9403229     0.3420094     0.9396966  (  1 ) 
  -44.0677567  -112.6394882     0.3420094     0.9396966  (  1 ) 
  -44.8943405  -112.3386459    -0.1736411     0.9848090  (  1 ) 
  -45.7605782  -112.4913788    -0.1736411     0.9848090  (  1 ) 
  -46.6268196  -112.6441116    -0.1736411     0.9848090  (  1 ) 
  -47.4930573  -112.7968521    -0.6427928     0.7660401  (  1 ) 
  -48.1668854  -113.3622665    -0.6427928     0.7660401  (  1 ) 
  -48.8407173  -113.9276886    -0.6427928     0.7660401  (  1 ) 
  -49.5145454  -114.4931030    -0.9396964     0.3420096  (  1 ) 
  -49.8153839  -115.3196793    -0.9396964     0.3420096  (  1 ) 
  -50.1162224  -116.1462555    -0.9396964     0.3420096  (  1 ) 
 ( 24 ) 
  -49.2825966  -117.0720825    -0.9848093    -0.1736397  (  1 ) 
  -49.1046715  -118.0811996    -0.9848093    -0.1736397  (  1 ) 
  -48.9267464  -119.0903168    -0.7660416    -0.6427910  (  1 ) 
  -48.2681084  -119.8752441    -0.7660416    -0.6427910  (  1 ) 
  -47.6094704  -120.6601639    -0.3420274    -0.9396900  (  1 ) 
  -46.6465683  -121.0106430    -0.3420274    -0.9396900  (  1 ) 
  -45.6836662  -121.3611221     0.1736447    -0.9848084  (  1 ) 
  -44.6745377  -121.1831894     0.1736447    -0.9848084  (  1 ) 
  -43.6654091  -121.0052567     0.6427687    -0.7660604  (  1 ) 
  -42.8804474  -120.3466263     0.6427687    -0.7660604  (  1 ) 
  -42.0954895  -119.6880035     0.9396977    -0.3420063  (  1 ) 
  -41.7450485  -118.7251282     0.9396977    -0.3420063  (  1 ) 
  -41.3946075  -117.7622604     0.9848065     0.1736552  (  1 ) 
  -41.5725594  -116.7530899     0.9848065     0.1736552  (  1 ) 
  -41.7505112  -115.7439117     0.7660499     0.6427811  (  1 ) 
  -42.4091492  -114.9589691     0.7660499     0.6427811  (  1 ) 
  -43.0677834  -114.1740265     0.3420094     0.9396966  (  1 ) 
  -44.0306854  -113.8235703     0.3420094     0.9396966  (  1 ) 
  -44.9935913  -113.4731140    -0.1736411     0.9848090  (  1 ) 
  -46.0026855  -113.6510391    -0.1736411     0.9848090  (  1 ) 
  -47.0117760  -113.8289566    -0.6427928     0.7660401  (  1 ) 
  -47.7967300  -114.4876251    -0.6427928     0.7660401  (  1 ) 
  -48.5816879  -115.1462860    -0.9396964     0.3420096  (  1 ) 
  -48.9321404  -116.1091843    -0.9396964     0.3420096  (  1 ) 
 ( 12 ) 
  -48.1481285  -117.1713409    -0.9848093    -0.1736397  (  1 ) 
  -47.8946342  -118.6090393    -0.7660416    -0.6427910  (  1 ) 
  -46.9562798  -119.7273178    -0.3420274    -0.9396900  (  1 ) 
  -45.5844040  -120.2266464     0.1736447    -0.9848084  (  1 ) 
  -44.1466713  -119.9731445     0.6427687    -0.7660604  (  1 ) 
  -43.0283432  -119.0347977     0.9396977    -0.3420063  (  1 ) 
  -42.5290794  -117.6630249     0.9848065     0.1736552  (  1 ) 
  -42.7826195  -116.2251892     0.7660499     0.6427811  (  1 ) 
  -43.7209740  -115.1068802     0.3420094     0.9396966  (  1 ) 
  -45.0928421  -114.6075821    -0.1736411     0.9848090  (  1 ) 
  -46.5304985  -114.8610687    -0.6427928     0.7660401  (  1 ) 
  -47.6488266  -115.7994690    -0.9396964     0.3420096  (  1 ) 
 ( 12 ) 
  -47.0136604  -117.2705917    -0.9848093    -0.1736397  (  1 ) 
  -46.8625259  -118.1277618    -0.7660416    -0.6427910  (  1 ) 
  -46.3030891  -118.7944641    -0.3420274    -0.9396900  (  1 ) 
  -45.4851456  -119.0921783     0.1736447    -0.9848084  (  1 ) 
  -44.6279373  -118.9410324     0.6427687    -0.7660604  (  1 ) 
  -43.9611969  -118.3815994     0.9396977    -0.3420063  (  1 ) 
  -43.6635475  -117.5637817     0.9848065     0.1736552  (  1 ) 
  -43.8147240  -116.7064667     0.7660499     0.6427811  (  1 ) 
  -44.3741646  -116.0397415     0.3420094     0.9396966  (  1 ) 
  -45.1920929  -115.7420502    -0.1736411     0.9848090  (  1 ) 
  -46.0492172  -115.8931732    -0.6427928     0.7660401  (  1 ) 
  -46.7159653  -116.4526520    -0.9396964     0.3420096  (  1 ) 
tell says: 3419189
==========================================
             Table block 9
==========================================
# start of ints and floats, tell says 3419189
#--------------------------------------------------------------
 19  1  14     #.....refno, no of doors, ndoor refs
 -57.7077026   43.3930016  -54.5300827    0.0000000    0.0000000    1.0000000    0.0000000 
# start of variable table, tell says 3419229
#--------------------------------------------------------------
1 
1 
1 
13 
 -66.2103348  -54.0844879  -65.2940216  -58.3954926    0.9781485    0.2079075    0.2079075   -0.9781485    4.4073110 3 
 -65.2940216  -58.3954926  -62.3449440  -61.6707611    0.7431434    0.6691322    0.6691322   -0.7431434    4.4073172 3 
 -62.3449440  -61.6707611  -57.7077370  -54.5300751   -0.8386710    0.5446383    0.5446383    0.8386710    8.5142870 3 
 -57.7077370  -54.5300751  -58.1532516  -63.0326920    0.9986301   -0.0523256   -0.0523256   -0.9986301    8.5142803 3 
 -58.1532516  -63.0326920  -53.8422966  -62.1163483   -0.2079165    0.9781466    0.9781466    0.2079165    4.4072690 3 
 -53.8422966  -62.1163483  -50.5670128  -59.1673279   -0.6691233    0.7431514    0.7431514    0.6691233    4.4072900 3 
 -50.5670128  -59.1673279  -49.2050705  -54.9756470   -0.9510577    0.3090134    0.3090134    0.9510577    4.4073887 3 
 -49.2050705  -54.9756470  -50.1214142  -50.6646347   -0.9781471   -0.2079138   -0.2079138    0.9781471    4.4073248 3 
 -50.1214142  -50.6646347  -53.0704956  -47.3893967   -0.7431399   -0.6691361   -0.6691361    0.7431399    4.4072967 3 
 -53.0704956  -47.3893967  -57.2621002  -46.0274734   -0.3090146   -0.9510573   -0.9510573    0.3090146    4.4073105 3 
 -57.2621002  -46.0274734  -61.5730820  -46.9437866    0.2079086   -0.9781483   -0.9781483   -0.2079086    4.4072886 3 
 -61.5730820  -46.9437866  -64.8483505  -49.8928757    0.6691336   -0.7431421   -0.7431421   -0.6691336    4.4073248 3 
 -64.8483505  -49.8928757  -66.2103348  -54.0844879    0.9510534   -0.3090266   -0.3090266   -0.9510534    4.4073362 3 
 -64.4619446  -52.6905251 
12    object number or -1 ...
0 
  43.3930016    0.0000000    0.0000000 
1 ...1 std world, 2 std siege, 4 entry to siegetower allows lowering of drawbridge?, 5 exit to docking position
1 
1 
13 
 -66.2103348  -54.0844879  -65.2940216  -58.3954926    0.9781485    0.2079075    0.2079075   -0.9781485    4.4073110 3 
 -65.2940216  -58.3954926  -62.3449440  -61.6707611    0.7431434    0.6691322    0.6691322   -0.7431434    4.4073172 3 
 -62.3449440  -61.6707611  -57.7077370  -54.5300751   -0.8386710    0.5446383    0.5446383    0.8386710    8.5142870 3 
 -57.7077370  -54.5300751  -58.1532516  -63.0326920    0.9986301   -0.0523256   -0.0523256   -0.9986301    8.5142803 3 
 -58.1532516  -63.0326920  -53.8422966  -62.1163483   -0.2079165    0.9781466    0.9781466    0.2079165    4.4072690 3 
 -53.8422966  -62.1163483  -50.5670128  -59.1673279   -0.6691233    0.7431514    0.7431514    0.6691233    4.4072900 3 
 -50.5670128  -59.1673279  -49.2050705  -54.9756470   -0.9510577    0.3090134    0.3090134    0.9510577    4.4073887 3 
 -49.2050705  -54.9756470  -50.1214142  -50.6646347   -0.9781471   -0.2079138   -0.2079138    0.9781471    4.4073248 3 
 -50.1214142  -50.6646347  -53.0704956  -47.3893967   -0.7431399   -0.6691361   -0.6691361    0.7431399    4.4072967 3 
 -53.0704956  -47.3893967  -57.2621002  -46.0274734   -0.3090146   -0.9510573   -0.9510573    0.3090146    4.4073105 3 
 -57.2621002  -46.0274734  -61.5730820  -46.9437866    0.2079086   -0.9781483   -0.9781483   -0.2079086    4.4072886 3 
 -61.5730820  -46.9437866  -64.8483505  -49.8928757    0.6691336   -0.7431421   -0.7431421   -0.6691336    4.4073248 3 
 -64.8483505  -49.8928757  -66.2103348  -54.0844879    0.9510534   -0.3090266   -0.3090266   -0.9510534    4.4073362 3 
 -64.4619446  -52.6905251 
   0.5000000 
 ( 3 ) 
 ( 69 ) 
  -65.0730896   -54.1440964    -0.9781485    -0.2079075  (  1 ) 
  -64.8746567   -55.0776939    -0.9781485    -0.2079075  (  1 ) 
  -64.6762161   -56.0112915    -0.9781485    -0.2079075  (  1 ) 
  -64.4777756   -56.9448891    -0.9781485    -0.2079075  (  1 ) 
  -64.2793350   -57.8784866    -0.7431434    -0.6691322  (  1 ) 
  -63.6817970   -58.5421181    -0.7431434    -0.6691322  (  1 ) 
  -63.0842590   -59.2057533    -0.7431434    -0.6691322  (  1 ) 
  -62.4867172   -59.8693848     0.8386710    -0.5446383  (  1 ) 
  -62.0515556   -59.1992912     0.8386710    -0.5446383  (  1 ) 
  -61.6163940   -58.5291977     0.8386710    -0.5446383  (  1 ) 
  -61.1812286   -57.8591042     0.8386710    -0.5446383  (  1 ) 
  -60.7460670   -57.1890106     0.8386710    -0.5446383  (  1 ) 
  -60.3109055   -56.5189171     0.8386710    -0.5446383  (  1 ) 
  -59.8757401   -55.8488274     0.8386710    -0.5446383  (  1 ) 
  -59.4405785   -55.1787338     0.8386710    -0.5446383  (  1 ) 
  -59.0054169   -54.5086403     0.8386710    -0.5446383  (  1 ) 
  -58.5702515   -53.8385468     0.8386710    -0.5446383  (  1 ) 
  -58.1350899   -53.1684532     0.8386710    -0.5446383  (  1 ) 
  -57.6999283   -52.4983597     0.8386710    -0.5446383  (  1 ) 
  -57.2647629   -51.8282661     0.8386710    -0.5446383  (  1 ) 
  -56.8296013   -51.1581726     0.8386710    -0.5446383  (  1 ) 
  -56.3944397   -50.4880791    -0.9986301     0.0523256  (  1 ) 
  -56.4780540   -52.0838776    -0.9986301     0.0523256  (  1 ) 
  -56.5198631   -52.8817787    -0.9986301     0.0523256  (  1 ) 
  -56.5616684   -53.6796761    -0.9986301     0.0523256  (  1 ) 
  -56.6034775   -54.4775772    -0.9986301     0.0523256  (  1 ) 
  -56.6452866   -55.2754784    -0.9986301     0.0523256  (  1 ) 
  -56.6870918   -56.0733757    -0.9986301     0.0523256  (  1 ) 
  -56.7289009   -56.8712769    -0.9986301     0.0523256  (  1 ) 
  -56.7707100   -57.6691742    -0.9986301     0.0523256  (  1 ) 
  -56.8125153   -58.4670753    -0.9986301     0.0523256  (  1 ) 
  -56.8543243   -59.2649765    -0.9986301     0.0523256  (  1 ) 
  -56.8961334   -60.0628738    -0.9986301     0.0523256  (  1 ) 
  -56.9379387   -60.8607750    -0.9986301     0.0523256  (  1 ) 
  -56.9797478   -61.6586723     0.2079165    -0.9781466  (  1 ) 
  -56.1062660   -61.4730034     0.2079165    -0.9781466  (  1 ) 
  -55.2327805   -61.2873344     0.2079165    -0.9781466  (  1 ) 
  -54.3592987   -61.1016655     0.6691233    -0.7431514  (  1 ) 
  -53.6499977   -60.4630203     0.6691233    -0.7431514  (  1 ) 
  -52.9406967   -59.8243790     0.6691233    -0.7431514  (  1 ) 
  -52.2313957   -59.1857338     0.6691233    -0.7431514  (  1 ) 
  -51.5220947   -58.5470886     0.9510577    -0.3090134  (  1 ) 
  -51.2271500   -57.6393280     0.9510577    -0.3090134  (  1 ) 
  -50.9322052   -56.7315674     0.9510577    -0.3090134  (  1 ) 
  -50.6372604   -55.8238106     0.9510577    -0.3090134  (  1 ) 
  -50.3423119   -54.9160500     0.9781471     0.2079138  (  1 ) 
  -50.5407600   -53.9824486     0.9781471     0.2079138  (  1 ) 
  -50.7392044   -53.0488472     0.9781471     0.2079138  (  1 ) 
  -50.9376488   -52.1152458     0.9781471     0.2079138  (  1 ) 
  -51.1360931   -51.1816444     0.7431399     0.6691361  (  1 ) 
  -51.7747536   -50.4723549     0.7431399     0.6691361  (  1 ) 
  -52.4134102   -49.7630615     0.7431399     0.6691361  (  1 ) 
  -53.0520706   -49.0537720     0.7431399     0.6691361  (  1 ) 
  -53.6907272   -48.3444786     0.3090146     0.9510573  (  1 ) 
  -54.5984726   -48.0495377     0.3090146     0.9510573  (  1 ) 
  -55.5062141   -47.7545967     0.3090146     0.9510573  (  1 ) 
  -56.4139557   -47.4596558     0.3090146     0.9510573  (  1 ) 
  -57.3217010   -47.1647148    -0.2079086     0.9781483  (  1 ) 
  -58.2552948   -47.3631554    -0.2079086     0.9781483  (  1 ) 
  -59.1888885   -47.5615921    -0.2079086     0.9781483  (  1 ) 
  -60.1224823   -47.7600288    -0.2079086     0.9781483  (  1 ) 
  -61.0560760   -47.9584694    -0.6691336     0.7431421  (  1 ) 
  -61.7653732   -48.5971298    -0.6691336     0.7431421  (  1 ) 
  -62.4746742   -49.2357903    -0.6691336     0.7431421  (  1 ) 
  -63.1839752   -49.8744545    -0.6691336     0.7431421  (  1 ) 
  -63.8932724   -50.5131149    -0.9510534     0.3090266  (  1 ) 
  -64.1882248   -51.4208603    -0.9510534     0.3090266  (  1 ) 
  -64.4831848   -52.3286057    -0.9510534     0.3090266  (  1 ) 
  -64.7781372   -53.2363510    -0.9510534     0.3090266  (  1 ) 
 ( 64 ) 
  -63.9358482   -54.2037048    -0.9781485    -0.2079075  (  1 ) 
  -63.7680511   -54.9931488    -0.9781485    -0.2079075  (  1 ) 
  -63.6002502   -55.7825928    -0.9781485    -0.2079075  (  1 ) 
  -63.4324532   -56.5720367    -0.9781485    -0.2079075  (  1 ) 
  -63.2646561   -57.3614807    -0.7431434    -0.6691322  (  1 ) 
  -62.6284904   -58.0680084     0.8386710    -0.5446383  (  1 ) 
  -62.1845284   -57.3843689     0.8386710    -0.5446383  (  1 ) 
  -61.7405701   -56.7007256     0.8386710    -0.5446383  (  1 ) 
  -61.2966080   -56.0170822     0.8386710    -0.5446383  (  1 ) 
  -60.8526459   -55.3334389     0.8386710    -0.5446383  (  1 ) 
  -60.4086838   -54.6497955     0.8386710    -0.5446383  (  1 ) 
  -59.9647217   -53.9661522     0.8386710    -0.5446383  (  1 ) 
  -59.5207596   -53.2825127     0.8386710    -0.5446383  (  1 ) 
  -59.0767975   -52.5988693     0.8386710    -0.5446383  (  1 ) 
  -58.6328354   -51.9152260     0.8386710    -0.5446383  (  1 ) 
  -58.1888733   -51.2315826     0.8386710    -0.5446383  (  1 ) 
  -57.7449112   -50.5479393     0.8386710    -0.5446383  (  1 ) 
  -57.3009491   -49.8642960     0.8386710    -0.5446383  (  1 ) 
  -56.8569870   -49.1806526     0.8386710    -0.5446383  (  1 ) 
  -56.4130249   -48.4970131     0.8386710    -0.5446383  (  1 ) 
  -55.2090988   -48.8881836    -0.9986301     0.0523256  (  1 ) 
  -55.2517509   -49.7022171    -0.9986301     0.0523256  (  1 ) 
  -55.2944069   -50.5162506    -0.9986301     0.0523256  (  1 ) 
  -55.3370590   -51.3302841    -0.9986301     0.0523256  (  1 ) 
  -55.3797112   -52.1443214    -0.9986301     0.0523256  (  1 ) 
  -55.4223633   -52.9583549    -0.9986301     0.0523256  (  1 ) 
  -55.4650192   -53.7723885    -0.9986301     0.0523256  (  1 ) 
  -55.5076714   -54.5864220    -0.9986301     0.0523256  (  1 ) 
  -55.5503235   -55.4004555    -0.9986301     0.0523256  (  1 ) 
  -55.5929794   -56.2144890    -0.9986301     0.0523256  (  1 ) 
  -55.6356316   -57.0285225    -0.9986301     0.0523256  (  1 ) 
  -55.6782837   -57.8425560    -0.9986301     0.0523256  (  1 ) 
  -55.7209358   -58.6565895    -0.9986301     0.0523256  (  1 ) 
  -55.7635918   -59.4706230    -0.9986301     0.0523256  (  1 ) 
  -55.8062439   -60.2846565     0.2079165    -0.9781466  (  1 ) 
  -54.8763008   -60.0869865     0.6691233    -0.7431514  (  1 ) 
  -54.2765198   -59.5469513     0.6691233    -0.7431514  (  1 ) 
  -53.6767387   -59.0069160     0.6691233    -0.7431514  (  1 ) 
  -53.0769577   -58.4668808     0.6691233    -0.7431514  (  1 ) 
  -52.4771767   -57.9268456     0.9510577    -0.3090134  (  1 ) 
  -52.2277718   -57.1592484     0.9510577    -0.3090134  (  1 ) 
  -51.9783669   -56.3916512     0.9510577    -0.3090134  (  1 ) 
  -51.7289619   -55.6240501     0.9510577    -0.3090134  (  1 ) 
  -51.4795570   -54.8564529     0.9781471     0.2079138  (  1 ) 
  -51.6473618   -54.0670052     0.9781471     0.2079138  (  1 ) 
  -51.8151665   -53.2775536     0.9781471     0.2079138  (  1 ) 
  -51.9829712   -52.4881058     0.9781471     0.2079138  (  1 ) 
  -52.1507721   -51.6986580     0.7431399     0.6691361  (  1 ) 
  -52.6908188   -51.0988846     0.7431399     0.6691361  (  1 ) 
  -53.2308655   -50.4991112     0.7431399     0.6691361  (  1 ) 
  -53.7709122   -49.8993378     0.7431399     0.6691361  (  1 ) 
  -54.3109589   -49.2995644     0.3090146     0.9510573  (  1 ) 
  -57.3813019   -48.3019562    -0.2079086     0.9781483  (  1 ) 
  -58.1707420   -48.4697571    -0.2079086     0.9781483  (  1 ) 
  -58.9601860   -48.6375542    -0.2079086     0.9781483  (  1 ) 
  -59.7496262   -48.8053513    -0.2079086     0.9781483  (  1 ) 
  -60.5390663   -48.9731522    -0.6691336     0.7431421  (  1 ) 
  -61.1388512   -49.5132027    -0.6691336     0.7431421  (  1 ) 
  -61.7386322   -50.0532532    -0.6691336     0.7431421  (  1 ) 
  -62.3384132   -50.5933037    -0.6691336     0.7431421  (  1 ) 
  -62.9381943   -51.1333542    -0.9510534     0.3090266  (  1 ) 
  -63.1876068   -51.9009399    -0.9510534     0.3090266  (  1 ) 
  -63.4370232   -52.6685295    -0.9510534     0.3090266  (  1 ) 
  -63.6864357   -53.4361153    -0.9510534     0.3090266  (  1 ) 
 ( 35 ) 
  -62.7986031   -54.2633133    -0.9781485    -0.2079075  (  1 ) 
  -62.6157265   -55.1237030    -0.9781485    -0.2079075  (  1 ) 
  -62.4328499   -55.9840889    -0.9781485    -0.2079075  (  1 ) 
  -61.8700218   -54.8803787     0.8386710    -0.5446383  (  1 ) 
  -61.4199028   -54.1872520     0.8386710    -0.5446383  (  1 ) 
  -60.9697800   -53.4941254     0.8386710    -0.5446383  (  1 ) 
  -60.5196609   -52.8009987     0.8386710    -0.5446383  (  1 ) 
  -60.0695381   -52.1078720     0.8386710    -0.5446383  (  1 ) 
  -59.6194153   -51.4147415     0.8386710    -0.5446383  (  1 ) 
  -59.1692963   -50.7216148     0.8386710    -0.5446383  (  1 ) 
  -58.7191734   -50.0284882     0.8386710    -0.5446383  (  1 ) 
  -58.2690544   -49.3353615     0.8386710    -0.5446383  (  1 ) 
  -54.2002907   -50.6573639    -0.9986301     0.0523256  (  1 ) 
  -54.2435341   -51.4826927    -0.9986301     0.0523256  (  1 ) 
  -54.2867813   -52.3080177    -0.9986301     0.0523256  (  1 ) 
  -54.3300247   -53.1333466    -0.9986301     0.0523256  (  1 ) 
  -54.3732719   -53.9586754    -0.9986301     0.0523256  (  1 ) 
  -54.4165154   -54.7840004    -0.9986301     0.0523256  (  1 ) 
  -54.4597588   -55.6093292    -0.9986301     0.0523256  (  1 ) 
  -54.5030060   -56.4346581    -0.9986301     0.0523256  (  1 ) 
  -54.5462494   -57.2599831    -0.9986301     0.0523256  (  1 ) 
  -54.5894966   -58.0853119    -0.9986301     0.0523256  (  1 ) 
  -53.4322548   -57.3066063     0.9510577    -0.3090134  (  1 ) 
  -53.1604385   -56.4700203     0.9510577    -0.3090134  (  1 ) 
  -52.8886185   -55.6334381     0.9510577    -0.3090134  (  1 ) 
  -52.6167984   -54.7968559     0.9781471     0.2079138  (  1 ) 
  -52.7996826   -53.9364586     0.9781471     0.2079138  (  1 ) 
  -52.9825706   -53.0760651     0.9781471     0.2079138  (  1 ) 
  -53.1654549   -52.2156677     0.7431399     0.6691361  (  1 ) 
  -60.0220604   -49.9878349    -0.6691336     0.7431421  (  1 ) 
  -60.6757469   -50.5764198    -0.6691336     0.7431421  (  1 ) 
  -61.3294334   -51.1650047    -0.6691336     0.7431421  (  1 ) 
  -61.9831161   -51.7535934    -0.9510534     0.3090266  (  1 ) 
  -62.2549477   -52.5901642    -0.9510534     0.3090266  (  1 ) 
  -62.5267754   -53.4267387    -0.9510534     0.3090266  (  1 ) 
tell says: 3423209
==========================================
             Table block 10
==========================================
# start of ints and floats, tell says 3423209
#--------------------------------------------------------------
 20  1  16     #.....refno, no of doors, ndoor refs
   0.1663494   43.3930016  -12.3578405    0.0000000    0.0000000    1.0000000    0.0000000 
# start of variable table, tell says 3423249
#--------------------------------------------------------------
1 
1 
1 
12 
  -8.3466187  -12.5064240   -7.1318245  -16.7430229    0.9612635    0.2756309    0.2756309   -0.9612635    4.4073229 3 
  -7.1318245  -16.7430229   -3.9614716  -19.8045883    0.6946573    0.7193408    0.7193408   -0.6946573    4.4073029 3 
  -3.9614716  -19.8045883    0.3149452  -20.8708344    0.2419252    0.9702949    0.9702949   -0.2419252    4.4073372 3 
   0.3149452  -20.8708344    4.5515175  -19.6559944   -0.2756420    0.9612604    0.9612604    0.2756420    4.4073100 3 
   4.5515175  -19.6559944    7.6131248  -16.4856358   -0.7193367    0.6946616    0.6946616    0.7193367    4.4073362 3 
   7.6131248  -16.4856358    8.6793175  -12.2092457   -0.9702974    0.2419152    0.2419152    0.9702974    4.4072986 3 
   8.6793175  -12.2092457    7.4645081   -7.9726419   -0.9612627   -0.2756338   -0.2756338    0.9612627    4.4073319 3 
   7.4645081   -7.9726419    4.2941360   -4.9110804   -0.6946547   -0.7193433   -0.7193433    0.6946547    4.4073143 3 
   4.2941360   -4.9110804    0.0177345   -3.8448467   -0.2419234   -0.9702954   -0.9702954    0.2419234    4.4073195 3 
   0.0177345   -3.8448467   -4.2188416   -5.0596695    0.2756382   -0.9612615   -0.9612615   -0.2756382    4.4073091 3 
  -4.2188416   -5.0596695   -7.2804108   -8.2300291    0.7193411   -0.6946570   -0.6946570   -0.7193411    4.4073105 3 
  -7.2804108   -8.2300291   -8.3466187  -12.5064240    0.9702966   -0.2419182   -0.2419182   -0.9702966    4.4073067 3 
  -6.6997223  -10.9938984 
13    object number or -1 ...
0 
  43.3930016    0.0000000    0.0000000 
1 ...1 std world, 2 std siege, 4 entry to siegetower allows lowering of drawbridge?, 5 exit to docking position
1 
1 
12 
  -8.3466187  -12.5064240   -7.1318245  -16.7430229    0.9612635    0.2756309    0.2756309   -0.9612635    4.4073229 3 
  -7.1318245  -16.7430229   -3.9614716  -19.8045883    0.6946573    0.7193408    0.7193408   -0.6946573    4.4073029 3 
  -3.9614716  -19.8045883    0.3149452  -20.8708344    0.2419252    0.9702949    0.9702949   -0.2419252    4.4073372 3 
   0.3149452  -20.8708344    4.5515175  -19.6559944   -0.2756420    0.9612604    0.9612604    0.2756420    4.4073100 3 
   4.5515175  -19.6559944    7.6131248  -16.4856358   -0.7193367    0.6946616    0.6946616    0.7193367    4.4073362 3 
   7.6131248  -16.4856358    8.6793175  -12.2092457   -0.9702974    0.2419152    0.2419152    0.9702974    4.4072986 3 
   8.6793175  -12.2092457    7.4645081   -7.9726419   -0.9612627   -0.2756338   -0.2756338    0.9612627    4.4073319 3 
   7.4645081   -7.9726419    4.2941360   -4.9110804   -0.6946547   -0.7193433   -0.7193433    0.6946547    4.4073143 3 
   4.2941360   -4.9110804    0.0177345   -3.8448467   -0.2419234   -0.9702954   -0.9702954    0.2419234    4.4073195 3 
   0.0177345   -3.8448467   -4.2188416   -5.0596695    0.2756382   -0.9612615   -0.9612615   -0.2756382    4.4073091 3 
  -4.2188416   -5.0596695   -7.2804108   -8.2300291    0.7193411   -0.6946570   -0.6946570   -0.7193411    4.4073105 3 
  -7.2804108   -8.2300291   -8.3466187  -12.5064240    0.9702966   -0.2419182   -0.2419182   -0.9702966    4.4073067 3 
  -6.6997223  -10.9938984 
   0.5000000 
 ( 6 ) 
 ( 48 ) 
   -7.2079897   -12.4865513    -0.9612635    -0.2756309  (  1 ) 
   -6.9449115   -13.4040375    -0.9612635    -0.2756309  (  1 ) 
   -6.6818333   -14.3215246    -0.9612635    -0.2756309  (  1 ) 
   -6.4187551   -15.2390108    -0.9612635    -0.2756309  (  1 ) 
   -6.1556764   -16.1564980    -0.6946573    -0.7193408  (  1 ) 
   -5.4690995   -16.8195152    -0.6946573    -0.7193408  (  1 ) 
   -4.7825222   -17.4825325    -0.6946573    -0.7193408  (  1 ) 
   -4.0959449   -18.1455517    -0.6946573    -0.7193408  (  1 ) 
   -3.4093678   -18.8085690    -0.2419252    -0.9702949  (  1 ) 
   -2.4832585   -19.0394783    -0.2419252    -0.9702949  (  1 ) 
   -1.5571492   -19.2703857    -0.2419252    -0.9702949  (  1 ) 
   -0.6310399   -19.5012951    -0.2419252    -0.9702949  (  1 ) 
    0.2950695   -19.7322025     0.2756420    -0.9612604  (  1 ) 
    1.2125498   -19.4691143     0.2756420    -0.9612604  (  1 ) 
    2.1300302   -19.2060261     0.2756420    -0.9612604  (  1 ) 
    3.0475104   -18.9429379     0.2756420    -0.9612604  (  1 ) 
    3.9649906   -18.6798496     0.7193367    -0.6946616  (  1 ) 
    4.6280189   -17.9932709     0.7193367    -0.6946616  (  1 ) 
    5.2910466   -17.3066921     0.7193367    -0.6946616  (  1 ) 
    5.9540744   -16.6201115     0.7193367    -0.6946616  (  1 ) 
    6.6171026   -15.9335327     0.9702974    -0.2419152  (  1 ) 
    6.8479991   -15.0074301     0.9702974    -0.2419152  (  1 ) 
    7.0788956   -14.0813274     0.9702974    -0.2419152  (  1 ) 
    7.3097920   -13.1552248     0.9702974    -0.2419152  (  1 ) 
    7.5406890   -12.2291222     0.9612627     0.2756338  (  1 ) 
    7.2776070   -11.3116341     0.9612627     0.2756338  (  1 ) 
    7.0145254   -10.3941469     0.9612627     0.2756338  (  1 ) 
    6.7514439    -9.4766588     0.9612627     0.2756338  (  1 ) 
    6.4883618    -8.5591707     0.6946547     0.7193433  (  1 ) 
    5.8017802    -7.8961530     0.6946547     0.7193433  (  1 ) 
    5.1151986    -7.2331357     0.6946547     0.7193433  (  1 ) 
    4.4286170    -6.5701180     0.6946547     0.7193433  (  1 ) 
    3.7420352    -5.9071007     0.2419234     0.9702954  (  1 ) 
    2.8159287    -5.6761947     0.2419234     0.9702954  (  1 ) 
    1.8898221    -5.4452891     0.2419234     0.9702954  (  1 ) 
    0.9637156    -5.2143831     0.2419234     0.9702954  (  1 ) 
    0.0376090    -4.9834776    -0.2756382     0.9612615  (  1 ) 
   -0.8798714    -5.2465615    -0.2756382     0.9612615  (  1 ) 
   -1.7973518    -5.5096459    -0.2756382     0.9612615  (  1 ) 
   -2.7148323    -5.7727299    -0.2756382     0.9612615  (  1 ) 
   -3.6323128    -6.0358143    -0.7193411     0.6946570  (  1 ) 
   -4.2953320    -6.7223930    -0.7193411     0.6946570  (  1 ) 
   -4.9583507    -7.4089718    -0.7193411     0.6946570  (  1 ) 
   -5.6213698    -8.0955505    -0.7193411     0.6946570  (  1 ) 
   -6.2843885    -8.7821293    -0.9702966     0.2419182  (  1 ) 
   -6.5152888    -9.7082348    -0.9702966     0.2419182  (  1 ) 
   -6.7461891   -10.6343403    -0.9702966     0.2419182  (  1 ) 
   -6.9770894   -11.5604458    -0.9702966     0.2419182  (  1 ) 
 ( 48 ) 
   -6.0693612   -12.4666777    -0.9612635    -0.2756309  (  1 ) 
   -5.8469028   -13.2425013    -0.9612635    -0.2756309  (  1 ) 
   -5.6244450   -14.0183249    -0.9612635    -0.2756309  (  1 ) 
   -5.4019866   -14.7941484    -0.9612635    -0.2756309  (  1 ) 
   -5.1795282   -15.5699720    -0.6946573    -0.7193408  (  1 ) 
   -4.5989623   -16.1306171    -0.6946573    -0.7193408  (  1 ) 
   -4.0183964   -16.6912613    -0.6946573    -0.7193408  (  1 ) 
   -3.4378302   -17.2519054    -0.6946573    -0.7193408  (  1 ) 
   -2.8572643   -17.8125496    -0.2419252    -0.9702949  (  1 ) 
   -2.0741496   -18.0078049    -0.2419252    -0.9702949  (  1 ) 
   -1.2910352   -18.2030602    -0.2419252    -0.9702949  (  1 ) 
   -0.5079207   -18.3983154    -0.2419252    -0.9702949  (  1 ) 
    0.2751938   -18.5935707     0.2756420    -0.9612604  (  1 ) 
    1.0510113   -18.3711052     0.2756420    -0.9612604  (  1 ) 
    1.8268288   -18.1486397     0.2756420    -0.9612604  (  1 ) 
    2.6026464   -17.9261723     0.2756420    -0.9612604  (  1 ) 
    3.3784640   -17.7037067     0.7193367    -0.6946616  (  1 ) 
    3.9391179   -17.1231365     0.7193367    -0.6946616  (  1 ) 
    4.4997721   -16.5425682     0.7193367    -0.6946616  (  1 ) 
    5.0604262   -15.9619989     0.7193367    -0.6946616  (  1 ) 
    5.6210799   -15.3814306     0.9702974    -0.2419152  (  1 ) 
    5.8163252   -14.5983229     0.9702974    -0.2419152  (  1 ) 
    6.0115700   -13.8152142     0.9702974    -0.2419152  (  1 ) 
    6.2068152   -13.0321064     0.9702974    -0.2419152  (  1 ) 
    6.4020600   -12.2489986     0.9612627     0.2756338  (  1 ) 
    6.1795988   -11.4731741     0.9612627     0.2756338  (  1 ) 
    5.9571381   -10.6973495     0.9612627     0.2756338  (  1 ) 
    5.7346768    -9.9215240     0.9612627     0.2756338  (  1 ) 
    5.5122156    -9.1456995     0.6946547     0.7193433  (  1 ) 
    4.9316454    -8.5850544     0.6946547     0.7193433  (  1 ) 
    4.3510752    -8.0244102     0.6946547     0.7193433  (  1 ) 
    3.7705047    -7.4637656     0.6946547     0.7193433  (  1 ) 
    3.1899345    -6.9031210     0.2419234     0.9702954  (  1 ) 
    2.4068217    -6.7078676     0.2419234     0.9702954  (  1 ) 
    1.6237090    -6.5126147     0.2419234     0.9702954  (  1 ) 
    0.8405963    -6.3173614     0.2419234     0.9702954  (  1 ) 
    0.0574835    -6.1221080    -0.2756382     0.9612615  (  1 ) 
   -0.7183334    -6.3445706    -0.2756382     0.9612615  (  1 ) 
   -1.4941503    -6.5670338    -0.2756382     0.9612615  (  1 ) 
   -2.2699671    -6.7894964    -0.2756382     0.9612615  (  1 ) 
   -3.0457840    -7.0119591    -0.7193411     0.6946570  (  1 ) 
   -3.6064298    -7.5925264    -0.7193411     0.6946570  (  1 ) 
   -4.1670752    -8.1730947    -0.7193411     0.6946570  (  1 ) 
   -4.7277212    -8.7536621    -0.7193411     0.6946570  (  1 ) 
   -5.2883668    -9.3342295    -0.9702966     0.2419182  (  1 ) 
   -5.4836154   -10.1173420    -0.9702966     0.2419182  (  1 ) 
   -5.6788640   -10.9004536    -0.9702966     0.2419182  (  1 ) 
   -5.8741126   -11.6835661    -0.9702966     0.2419182  (  1 ) 
 ( 36 ) 
   -4.9307323   -12.4468050    -0.9612635    -0.2756309  (  1 ) 
   -4.6882815   -13.2923517    -0.9612635    -0.2756309  (  1 ) 
   -4.4458313   -14.1378994    -0.9612635    -0.2756309  (  1 ) 
   -4.2033806   -14.9834471    -0.6946573    -0.7193408  (  1 ) 
   -3.5706406   -15.5944748    -0.6946573    -0.7193408  (  1 ) 
   -2.9379005   -16.2055035    -0.6946573    -0.7193408  (  1 ) 
   -2.3051605   -16.8165302    -0.2419252    -0.9702949  (  1 ) 
   -1.4516677   -17.0293331    -0.2419252    -0.9702949  (  1 ) 
   -0.5981748   -17.2421360    -0.2419252    -0.9702949  (  1 ) 
    0.2553181   -17.4549389     0.2756420    -0.9612604  (  1 ) 
    1.1008577   -17.2124805     0.2756420    -0.9612604  (  1 ) 
    1.9463975   -16.9700222     0.2756420    -0.9612604  (  1 ) 
    2.7919371   -16.7275620     0.7193367    -0.6946616  (  1 ) 
    3.4029772   -16.0948181     0.7193367    -0.6946616  (  1 ) 
    4.0140176   -15.4620724     0.7193367    -0.6946616  (  1 ) 
    4.6250577   -14.8293276     0.9702974    -0.2419152  (  1 ) 
    4.8378487   -13.9758434     0.9702974    -0.2419152  (  1 ) 
    5.0506401   -13.1223593     0.9702974    -0.2419152  (  1 ) 
    5.2634315   -12.2688751     0.9612627     0.2756338  (  1 ) 
    5.0209775   -11.4233265     0.9612627     0.2756338  (  1 ) 
    4.7785234   -10.5777769     0.9612627     0.2756338  (  1 ) 
    4.5360699    -9.7322283     0.6946547     0.7193433  (  1 ) 
    3.9033244    -9.1211987     0.6946547     0.7193433  (  1 ) 
    3.2705791    -8.5101700     0.6946547     0.7193433  (  1 ) 
    2.6378336    -7.8991413     0.2419234     0.9702954  (  1 ) 
    1.7843418    -7.6863403     0.2419234     0.9702954  (  1 ) 
    0.9308499    -7.4735398     0.2419234     0.9702954  (  1 ) 
    0.0773581    -7.2607388    -0.2756382     0.9612615  (  1 ) 
   -0.7681797    -7.5031939    -0.2756382     0.9612615  (  1 ) 
   -1.6137176    -7.7456489    -0.2756382     0.9612615  (  1 ) 
   -2.4592552    -7.9881034    -0.7193411     0.6946570  (  1 ) 
   -3.0702851    -8.6208458    -0.7193411     0.6946570  (  1 ) 
   -3.6813149    -9.2535877    -0.7193411     0.6946570  (  1 ) 
   -4.2923446    -9.8863306    -0.9702966     0.2419182  (  1 ) 
   -4.5051403   -10.7398214    -0.9702966     0.2419182  (  1 ) 
   -4.7179365   -11.5933132    -0.9702966     0.2419182  (  1 ) 
 ( 24 ) 
   -3.7921035   -12.4269314    -0.9612635    -0.2756309  (  1 ) 
   -3.5096679   -13.4119263    -0.9612635    -0.2756309  (  1 ) 
   -3.2272325   -14.3969212    -0.6946573    -0.7193408  (  1 ) 
   -2.4901447   -15.1087170    -0.6946573    -0.7193408  (  1 ) 
   -1.7530569   -15.8205118    -0.2419252    -0.9702949  (  1 ) 
   -0.7588072   -16.0684109    -0.2419252    -0.9702949  (  1 ) 
    0.2354424   -16.3163071     0.2756420    -0.9612604  (  1 ) 
    1.2204264   -16.0338631     0.2756420    -0.9612604  (  1 ) 
    2.2054105   -15.7514181     0.7193367    -0.6946616  (  1 ) 
    2.9172227   -15.0143213     0.7193367    -0.6946616  (  1 ) 
    3.6290352   -14.2772245     0.9702974    -0.2419152  (  1 ) 
    3.8769190   -13.2829885     0.9702974    -0.2419152  (  1 ) 
    4.1248026   -12.2887526     0.9612627     0.2756338  (  1 ) 
    3.8423631   -11.3037548     0.9612627     0.2756338  (  1 ) 
    3.5599234   -10.3187561     0.6946547     0.7193433  (  1 ) 
    2.8228283    -9.6069593     0.6946547     0.7193433  (  1 ) 
    2.0857329    -8.8951616     0.2419234     0.9702954  (  1 ) 
    1.0914828    -8.6472654     0.2419234     0.9702954  (  1 ) 
    0.0972326    -8.3993692    -0.2756382     0.9612615  (  1 ) 
   -0.8877470    -8.6818094    -0.2756382     0.9612615  (  1 ) 
   -1.8727266    -8.9642487    -0.7193411     0.6946570  (  1 ) 
   -2.5845246    -9.7013397    -0.7193411     0.6946570  (  1 ) 
   -3.2963226   -10.4384308    -0.9702966     0.2419182  (  1 ) 
   -3.5442131   -11.4326811    -0.9702966     0.2419182  (  1 ) 
 ( 12 ) 
   -2.6534748   -12.4070587    -0.9612635    -0.2756309  (  1 ) 
   -2.2510843   -13.8103962    -0.6946573    -0.7193408  (  1 ) 
   -1.2009532   -14.8244934    -0.2419252    -0.9702949  (  1 ) 
    0.2155666   -15.1776762     0.2756420    -0.9612604  (  1 ) 
    1.6188836   -14.7752743     0.7193367    -0.6946616  (  1 ) 
    2.6330128   -13.7251225     0.9702974    -0.2419152  (  1 ) 
    2.9861739   -12.3086290     0.9612627     0.2756338  (  1 ) 
    2.5837774   -10.9052849     0.6946547     0.7193433  (  1 ) 
    1.5336322    -9.8911819     0.2419234     0.9702954  (  1 ) 
    0.1171071    -9.5380001    -0.2756382     0.9612615  (  1 ) 
   -1.2861978    -9.9403925    -0.7193411     0.6946570  (  1 ) 
   -2.3003006   -10.9905310    -0.9702966     0.2419182  (  1 ) 
 ( 12 ) 
   -1.5148460   -12.3871851    -0.9612635    -0.2756309  (  1 ) 
   -1.2749364   -13.2238703    -0.6946573    -0.7193408  (  1 ) 
   -0.6488495   -13.8284740    -0.2419252    -0.9702949  (  1 ) 
    0.1956909   -14.0390444     0.2756420    -0.9612604  (  1 ) 
    1.0323569   -13.7991304     0.7193367    -0.6946616  (  1 ) 
    1.6369904   -13.1730194     0.9702974    -0.2419152  (  1 ) 
    1.8475453   -12.3285055     0.9612627     0.2756338  (  1 ) 
    1.6076312   -11.4918137     0.6946547     0.7193433  (  1 ) 
    0.9815313   -10.8872023     0.2419234     0.9702954  (  1 ) 
    0.1369816   -10.6766310    -0.2756382     0.9612615  (  1 ) 
   -0.6996691   -10.9165373    -0.7193411     0.6946570  (  1 ) 
   -1.3042785   -11.5426311    -0.9702966     0.2419182  (  1 ) 
tell says: 3427365
==========================================
             Table block 11
==========================================
# start of ints and floats, tell says 3427365
#--------------------------------------------------------------
 21  1  18     #.....refno, no of doors, ndoor refs
  71.3507996   43.3930016  -27.9896317    0.0000000    0.0000000    1.0000000    0.0000000 
# start of variable table, tell says 3427405
#--------------------------------------------------------------
1 
1 
1 
13 
  62.8689194  -28.7316856   64.3763123  -32.8732071    0.9396924    0.3420206    0.3420206   -0.9396924    4.4073157 3 
  64.3763123  -32.8732071   67.7525101  -35.7061996    0.6427911    0.7660415    0.7660415   -0.6427911    4.4073300 3 
  67.7525101  -35.7061996   72.0928650  -36.4715118    0.1736461    0.9848081    0.9848081   -0.1736461    4.4073100 3 
  72.0928650  -36.4715118   76.2343979  -34.9641342   -0.3420167    0.9396939    0.9396939    0.3420167    4.4073215 3 
  76.2343979  -34.9641342   79.0673523  -31.5879040   -0.7660488    0.6427824    0.6427824    0.7660488    4.4073305 3 
  79.0673523  -31.5879040   79.8326874  -27.2475433   -0.9848073    0.1736509    0.1736509    0.9848073    4.4073200 3 
  79.8326874  -27.2475433   78.3252792  -23.1060371   -0.9396909   -0.3420248   -0.3420248    0.9396909    4.4073067 3 
  78.3252792  -23.1060371   74.9490662  -20.2730560   -0.6427879   -0.7660442   -0.7660442    0.6427879    4.4073343 3 
  74.9490662  -20.2730560   70.6087189  -19.5077515   -0.1736447   -0.9848084   -0.9848084    0.1736447    4.4073014 3 
  70.6087189  -19.5077515   66.4671936  -21.0151405    0.3420196   -0.9396929   -0.9396929   -0.3420196    4.4073181 3 
  66.4671936  -21.0151405   63.6342316  -24.3913383    0.7660449   -0.6427870   -0.6427870   -0.7660449    4.4073105 3 
  63.6342316  -24.3913383   71.3507843  -27.9896049    0.4226162    0.9063087    0.9063087   -0.4226162    8.5142651 3 
  71.3507843  -27.9896049   62.8689194  -28.7316856    0.0871573   -0.9961945   -0.9961945   -0.0871573    8.5142651 3 
  64.4926529  -30.2690506 
4    object number or -1 ...
0 
  43.3930016    0.0000000    0.0000000 
1 ...1 std world, 2 std siege, 4 entry to siegetower allows lowering of drawbridge?, 5 exit to docking position
1 
1 
13 
  62.8689194  -28.7316856   64.3763123  -32.8732071    0.9396924    0.3420206    0.3420206   -0.9396924    4.4073157 3 
  64.3763123  -32.8732071   67.7525101  -35.7061996    0.6427911    0.7660415    0.7660415   -0.6427911    4.4073300 3 
  67.7525101  -35.7061996   72.0928650  -36.4715118    0.1736461    0.9848081    0.9848081   -0.1736461    4.4073100 3 
  72.0928650  -36.4715118   76.2343979  -34.9641342   -0.3420167    0.9396939    0.9396939    0.3420167    4.4073215 3 
  76.2343979  -34.9641342   79.0673523  -31.5879040   -0.7660488    0.6427824    0.6427824    0.7660488    4.4073305 3 
  79.0673523  -31.5879040   79.8326874  -27.2475433   -0.9848073    0.1736509    0.1736509    0.9848073    4.4073200 3 
  79.8326874  -27.2475433   78.3252792  -23.1060371   -0.9396909   -0.3420248   -0.3420248    0.9396909    4.4073067 3 
  78.3252792  -23.1060371   74.9490662  -20.2730560   -0.6427879   -0.7660442   -0.7660442    0.6427879    4.4073343 3 
  74.9490662  -20.2730560   70.6087189  -19.5077515   -0.1736447   -0.9848084   -0.9848084    0.1736447    4.4073014 3 
  70.6087189  -19.5077515   66.4671936  -21.0151405    0.3420196   -0.9396929   -0.9396929   -0.3420196    4.4073181 3 
  66.4671936  -21.0151405   63.6342316  -24.3913383    0.7660449   -0.6427870   -0.6427870   -0.7660449    4.4073105 3 
  63.6342316  -24.3913383   71.3507843  -27.9896049    0.4226162    0.9063087    0.9063087   -0.4226162    8.5142651 3 
  71.3507843  -27.9896049   62.8689194  -28.7316856    0.0871573   -0.9961945   -0.9961945   -0.0871573    8.5142651 3 
  64.4926529  -30.2690506 
   0.5000000 
 ( 3 ) 
 ( 69 ) 
   64.3928833   -29.7025547    -0.9396924    -0.3420206  (  1 ) 
   64.6983109   -30.5417099    -0.9396924    -0.3420206  (  1 ) 
   65.0037384   -31.3808632    -0.9396924    -0.3420206  (  1 ) 
   65.3091660   -32.2200203    -0.6427911    -0.7660415  (  1 ) 
   66.0403214   -32.8335381    -0.6427911    -0.7660415  (  1 ) 
   66.7714767   -33.4470558    -0.6427911    -0.7660415  (  1 ) 
   67.5026321   -34.0605736    -0.6427911    -0.7660415  (  1 ) 
   68.2337875   -34.6740913    -0.1736461    -0.9848081  (  1 ) 
   69.1737442   -34.8398285    -0.1736461    -0.9848081  (  1 ) 
   70.1137009   -35.0055656    -0.1736461    -0.9848081  (  1 ) 
   71.0536575   -35.1713066    -0.1736461    -0.9848081  (  1 ) 
   71.9936142   -35.3370438     0.3420167    -0.9396939  (  1 ) 
   72.8905106   -35.0106010     0.3420167    -0.9396939  (  1 ) 
   73.7874069   -34.6841621     0.3420167    -0.9396939  (  1 ) 
   74.6843033   -34.3577194     0.3420167    -0.9396939  (  1 ) 
   75.5812073   -34.0312805     0.7660488    -0.6427824  (  1 ) 
   76.1947174   -33.3001175     0.7660488    -0.6427824  (  1 ) 
   76.8082275   -32.5689545     0.7660488    -0.6427824  (  1 ) 
   77.4217377   -31.8377914     0.7660488    -0.6427824  (  1 ) 
   78.0352478   -31.1066265     0.9848073    -0.1736509  (  1 ) 
   78.2009888   -30.1666698     0.9848073    -0.1736509  (  1 ) 
   78.3667297   -29.2267132     0.9848073    -0.1736509  (  1 ) 
   78.5324707   -28.2867546     0.9848073    -0.1736509  (  1 ) 
   78.6982193   -27.3467979     0.9396909     0.3420248  (  1 ) 
   78.3717728   -26.4499054     0.9396909     0.3420248  (  1 ) 
   78.0453186   -25.5530148     0.9396909     0.3420248  (  1 ) 
   77.7188721   -24.6561222     0.9396909     0.3420248  (  1 ) 
   77.3924255   -23.7592297     0.6427879     0.7660442  (  1 ) 
   76.6612701   -23.1457138     0.6427879     0.7660442  (  1 ) 
   75.9301071   -22.5321960     0.6427879     0.7660442  (  1 ) 
   75.1989517   -21.9186802     0.6427879     0.7660442  (  1 ) 
   74.4677887   -21.3051643     0.1736447     0.9848084  (  1 ) 
   73.5278320   -21.1394291     0.1736447     0.9848084  (  1 ) 
   72.5878830   -20.9736919     0.1736447     0.9848084  (  1 ) 
   71.6479263   -20.8079567     0.1736447     0.9848084  (  1 ) 
   70.7079773   -20.6422215    -0.3420196     0.9396929  (  1 ) 
   69.8110733   -20.9686642    -0.3420196     0.9396929  (  1 ) 
   68.9141769   -21.2951069    -0.3420196     0.9396929  (  1 ) 
   68.0172806   -21.6215515    -0.3420196     0.9396929  (  1 ) 
   67.1203842   -21.9479942    -0.7660449     0.6427870  (  1 ) 
   66.5463715   -22.6320763    -0.7660449     0.6427870  (  1 ) 
   65.9723587   -23.3161583    -0.7660449     0.6427870  (  1 ) 
   65.3983459   -24.0002403    -0.4226162    -0.9063087  (  1 ) 
   66.1224899   -24.3379097    -0.4226162    -0.9063087  (  1 ) 
   66.8466263   -24.6755791    -0.4226162    -0.9063087  (  1 ) 
   67.5707626   -25.0132484    -0.4226162    -0.9063087  (  1 ) 
   68.2949066   -25.3509197    -0.4226162    -0.9063087  (  1 ) 
   69.0190430   -25.6885891    -0.4226162    -0.9063087  (  1 ) 
   69.7431870   -26.0262585    -0.4226162    -0.9063087  (  1 ) 
   70.4673233   -26.3639278    -0.4226162    -0.9063087  (  1 ) 
   71.1914597   -26.7015972    -0.4226162    -0.9063087  (  1 ) 
   71.9156036   -27.0392666    -0.4226162    -0.9063087  (  1 ) 
   72.6397400   -27.3769360    -0.4226162    -0.9063087  (  1 ) 
   73.3638763   -27.7146072    -0.4226162    -0.9063087  (  1 ) 
   74.0880203   -28.0522766    -0.4226162    -0.9063087  (  1 ) 
   74.8121567   -28.3899460    -0.4226162    -0.9063087  (  1 ) 
   75.5362930   -28.7276154    -0.0871573     0.9961945  (  1 ) 
   73.9443817   -28.8668919    -0.0871573     0.9961945  (  1 ) 
   73.1484222   -28.9365311    -0.0871573     0.9961945  (  1 ) 
   72.3524628   -29.0061703    -0.0871573     0.9961945  (  1 ) 
   71.5565033   -29.0758076    -0.0871573     0.9961945  (  1 ) 
   70.7605515   -29.1454468    -0.0871573     0.9961945  (  1 ) 
   69.9645920   -29.2150860    -0.0871573     0.9961945  (  1 ) 
   69.1686325   -29.2847233    -0.0871573     0.9961945  (  1 ) 
   68.3726730   -29.3543625    -0.0871573     0.9961945  (  1 ) 
   67.5767136   -29.4240017    -0.0871573     0.9961945  (  1 ) 
   66.7807541   -29.4936390    -0.0871573     0.9961945  (  1 ) 
   65.9848022   -29.5632782    -0.0871573     0.9961945  (  1 ) 
   65.1888428   -29.6329174    -0.0871573     0.9961945  (  1 ) 
 ( 63 ) 
   65.9168472   -30.6734257    -0.9396924    -0.3420206  (  1 ) 
   66.2420197   -31.5668297    -0.6427911    -0.7660415  (  1 ) 
   66.8602829   -32.0856171    -0.6427911    -0.7660415  (  1 ) 
   67.4785461   -32.6044083    -0.6427911    -0.7660415  (  1 ) 
   68.0968094   -33.1231956    -0.6427911    -0.7660415  (  1 ) 
   68.7150726   -33.6419868    -0.1736461    -0.9848081  (  1 ) 
   69.5098953   -33.7821312    -0.1736461    -0.9848081  (  1 ) 
   70.3047180   -33.9222794    -0.1736461    -0.9848081  (  1 ) 
   71.0995407   -34.0624275    -0.1736461    -0.9848081  (  1 ) 
   71.8943634   -34.2025719     0.3420167    -0.9396939  (  1 ) 
   72.6527710   -33.9265366     0.3420167    -0.9396939  (  1 ) 
   73.4111862   -33.6505013     0.3420167    -0.9396939  (  1 ) 
   74.1696014   -33.3744621     0.3420167    -0.9396939  (  1 ) 
   74.9280090   -33.0984268     0.7660488    -0.6427824  (  1 ) 
   75.4467926   -32.4801559     0.7660488    -0.6427824  (  1 ) 
   75.9655762   -31.8618889     0.7660488    -0.6427824  (  1 ) 
   76.4843597   -31.2436199     0.7660488    -0.6427824  (  1 ) 
   77.0031433   -30.6253510     0.9848073    -0.1736509  (  1 ) 
   77.1432877   -29.8305264     0.9848073    -0.1736509  (  1 ) 
   77.2834396   -29.0357018     0.9848073    -0.1736509  (  1 ) 
   77.4235916   -28.2408772     0.9848073    -0.1736509  (  1 ) 
   77.5637436   -27.4460526     0.9396909     0.3420248  (  1 ) 
   77.2877045   -26.6876450     0.9396909     0.3420248  (  1 ) 
   77.0116577   -25.9292374     0.9396909     0.3420248  (  1 ) 
   76.7356186   -25.1708298     0.9396909     0.3420248  (  1 ) 
   76.4595795   -24.4124222     0.6427879     0.7660442  (  1 ) 
   75.8413086   -23.8936348     0.6427879     0.7660442  (  1 ) 
   75.2230453   -23.3748474     0.6427879     0.7660442  (  1 ) 
   74.6047745   -22.8560600     0.6427879     0.7660442  (  1 ) 
   73.9865112   -22.3372726     0.1736447     0.9848084  (  1 ) 
   73.1916885   -22.1971264     0.1736447     0.9848084  (  1 ) 
   72.3968658   -22.0569820     0.1736447     0.9848084  (  1 ) 
   71.6020508   -21.9168358     0.1736447     0.9848084  (  1 ) 
   70.8072281   -21.7766914    -0.3420196     0.9396929  (  1 ) 
   70.0488129   -22.0527306    -0.3420196     0.9396929  (  1 ) 
   69.2904053   -22.3287697    -0.3420196     0.9396929  (  1 ) 
   68.5319901   -22.6048088    -0.3420196     0.9396929  (  1 ) 
   67.7735748   -22.8808479    -0.7660449     0.6427870  (  1 ) 
   67.1624680   -23.6091423    -0.4226162    -0.9063087  (  1 ) 
   67.9012527   -23.9536419    -0.4226162    -0.9063087  (  1 ) 
   68.6400375   -24.2981396    -0.4226162    -0.9063087  (  1 ) 
   69.3788223   -24.6426392    -0.4226162    -0.9063087  (  1 ) 
   70.1176071   -24.9871387    -0.4226162    -0.9063087  (  1 ) 
   70.8563919   -25.3316383    -0.4226162    -0.9063087  (  1 ) 
   71.5951767   -25.6761360    -0.4226162    -0.9063087  (  1 ) 
   72.3339615   -26.0206356    -0.4226162    -0.9063087  (  1 ) 
   73.0727463   -26.3651352    -0.4226162    -0.9063087  (  1 ) 
   73.8115311   -26.7096329    -0.4226162    -0.9063087  (  1 ) 
   74.5503159   -27.0541325    -0.4226162    -0.9063087  (  1 ) 
   75.2891006   -27.3986320    -0.4226162    -0.9063087  (  1 ) 
   76.0278854   -27.7431297    -0.4226162    -0.9063087  (  1 ) 
   75.6615219   -29.8208618    -0.0871573     0.9961945  (  1 ) 
   74.8494720   -29.8919086    -0.0871573     0.9961945  (  1 ) 
   74.0374146   -29.9629555    -0.0871573     0.9961945  (  1 ) 
   73.2253571   -30.0340023    -0.0871573     0.9961945  (  1 ) 
   72.4132996   -30.1050491    -0.0871573     0.9961945  (  1 ) 
   71.6012421   -30.1760960    -0.0871573     0.9961945  (  1 ) 
   70.7891846   -30.2471428    -0.0871573     0.9961945  (  1 ) 
   69.9771271   -30.3181896    -0.0871573     0.9961945  (  1 ) 
   69.1650772   -30.3892365    -0.0871573     0.9961945  (  1 ) 
   68.3530197   -30.4602852    -0.0871573     0.9961945  (  1 ) 
   67.5409622   -30.5313320    -0.0871573     0.9961945  (  1 ) 
   66.7289047   -30.6023788    -0.0871573     0.9961945  (  1 ) 
 ( 36 ) 
   67.8487015   -31.4790535    -0.6427911    -0.7660415  (  1 ) 
   68.5225296   -32.0444641    -0.6427911    -0.7660415  (  1 ) 
   69.1963501   -32.6098785    -0.1736461    -0.9848081  (  1 ) 
   70.0626068   -32.7626190    -0.1736461    -0.9848081  (  1 ) 
   70.9288559   -32.9153633    -0.1736461    -0.9848081  (  1 ) 
   71.7951050   -33.0681038     0.3420167    -0.9396939  (  1 ) 
   72.6216812   -32.7672615     0.3420167    -0.9396939  (  1 ) 
   73.4482498   -32.4664154     0.3420167    -0.9396939  (  1 ) 
   74.2748184   -32.1655731     0.7660488    -0.6427824  (  1 ) 
   74.8402252   -31.4917393     0.7660488    -0.6427824  (  1 ) 
   75.4056244   -30.8179073     0.7660488    -0.6427824  (  1 ) 
   76.1284256   -26.7187424     0.9396909     0.3420248  (  1 ) 
   75.8275757   -25.8921795     0.9396909     0.3420248  (  1 ) 
   75.5267258   -25.0656147     0.6427879     0.7660442  (  1 ) 
   74.8528976   -24.5002041     0.6427879     0.7660442  (  1 ) 
   74.1790619   -23.9347916     0.6427879     0.7660442  (  1 ) 
   73.5052338   -23.3693810     0.1736447     0.9848084  (  1 ) 
   72.6389847   -23.2166405     0.1736447     0.9848084  (  1 ) 
   71.7727356   -23.0639000     0.1736447     0.9848084  (  1 ) 
   70.9064865   -22.9111595    -0.3420196     0.9396929  (  1 ) 
   70.0799103   -23.2120075    -0.3420196     0.9396929  (  1 ) 
   69.2533417   -23.5128536    -0.3420196     0.9396929  (  1 ) 
   70.4246521   -23.9166031    -0.4226162    -0.9063087  (  1 ) 
   71.1736908   -24.2658825    -0.4226162    -0.9063087  (  1 ) 
   71.9227295   -24.6151619    -0.4226162    -0.9063087  (  1 ) 
   72.6717682   -24.9644413    -0.4226162    -0.9063087  (  1 ) 
   73.4208069   -25.3137226    -0.4226162    -0.9063087  (  1 ) 
   74.1698380   -25.6630020    -0.4226162    -0.9063087  (  1 ) 
   74.9188766   -26.0122814    -0.4226162    -0.9063087  (  1 ) 
   74.0274124   -31.0680313    -0.0871573     0.9961945  (  1 ) 
   73.2040863   -31.1400642    -0.0871573     0.9961945  (  1 ) 
   72.3807678   -31.2120972    -0.0871573     0.9961945  (  1 ) 
   71.5574417   -31.2841301    -0.0871573     0.9961945  (  1 ) 
   70.7341156   -31.3561630    -0.0871573     0.9961945  (  1 ) 
   69.9107895   -31.4281960    -0.0871573     0.9961945  (  1 ) 
   69.0874634   -31.5002289    -0.0871573     0.9961945  (  1 ) 
****************************************************************
   Links and ladder paths (Wacky Data)   tell says 3431385
================================================================
 0  ( 10 )  0 
#----------------------------------------------------------
 0   2   0  1   7th float info - reference, nentries, row1, row2 
  142.5833435     22.4464989    -12.1666670   1    18.4850082
  0  4  0 
  144.8333282     29.3929996     -8.8333340      0.0000000  
  143.7083282     29.3929996    -10.5000000      2.0108209  
  141.4583435     15.5000000    -13.8333340     16.4741879  
  140.3333435     15.5000000    -15.5000000     18.4850082  
 2 
    2.0000000   
    0.8288486      0.0000000     -0.5594730   
   -0.8288486      0.0000000      0.5594730 
#----------------------------------------------------------
 1   2   2  3   7th float info - reference, nentries, row1, row2 
  164.5000000     29.4465008    -48.8125000   1    38.9235344
  4 
  167.8750000     43.3930016    -54.3750000      0.0000000  
  165.9375000     43.3930016    -51.2500000      3.6768916  
  164.0625000     15.5000000    -47.7500000     31.8510838  
  160.1250000     15.5000000    -41.8750000     38.9235344  
 2 
    2.0000000   
   -0.8499027      0.0000000     -0.5269397   
    0.8306882      0.0000000      0.5567378 
#----------------------------------------------------------
 2   2   4  5   7th float info - reference, nentries, row1, row2 
  141.6875000     22.4464989   -118.1875000   1    24.6245518
  4 
  142.2500000     29.3929996   -123.5000000      0.0000000  
  139.4062500     29.3929996   -120.9062500      3.8489549  
  142.2187500     15.5000000   -117.2187500     18.4955673  
  142.8750000     15.5000000   -111.1250000     24.6245518  
 2 
    2.0000000   
   -0.6738843      0.0000000     -0.7388369   
    0.9942511      0.0000000     -0.1070732 
#----------------------------------------------------------
 3   2   6  7   7th float info - reference, nentries, row1, row2 
   78.5416718     22.4464989   -102.1250000   1    26.0581570
  4 
   73.3333359     29.3929996   -104.5000000      0.0000000  
   73.6250000     29.3929996   -100.0833359      4.4262838  
   80.7083359     15.5000000   -102.4166641     20.1944008  
   86.5000000     15.5000000   -101.5000000     26.0581570  
 2 
    2.0000000   
   -0.9978266      0.0000000      0.0658937   
    0.1563271      0.0000000     -0.9877053 
#----------------------------------------------------------
 4   2   8  9   7th float info - reference, nentries, row1, row2 
   50.1250000     29.4465008    -87.4062500   1    40.1783981
  4 
   45.6250000     43.3930016    -89.8750000      0.0000000  
   45.1562500     43.3930016    -85.3125000      4.5865164  
   51.4687500     15.5000000    -87.8125000     33.2939568  
   58.2500000     15.5000000    -86.6250000     40.1783981  
 2 
    2.0000000   
   -0.9947637      0.0000000     -0.1022018   
    0.1724904      0.0000000     -0.9850112 
#----------------------------------------------------------
 5   2   10  11   7th float info - reference, nentries, row1, row2 
   -1.7708333     27.3630009    -96.9791718   1    34.8751259
  4 
   -0.6666667     39.2260017   -102.0833359      0.0000000  
   -3.6458333     39.2260017   -100.6666718      3.2988439  
   -0.5208333     15.5000000    -96.0833359     27.6647167  
   -2.2500000     15.5000000    -89.0833359     34.8751259  
 2 
    2.0000000   
   -0.4294426      0.0000000     -0.9030942   
    0.9708185      0.0000000      0.2398153 
#----------------------------------------------------------
 6   2   12  13   7th float info - reference, nentries, row1, row2 
  -44.4687500     27.3630009   -112.0625000   1    35.2726631
  4 
  -45.1250000     39.2260017   -116.8750000      0.0000000  
  -40.8750000     39.2260017   -115.2812500      4.5390019  
  -45.2500000     15.5000000   -111.0937500     29.0257111  
  -46.6250000     15.5000000   -105.0000000     35.2726631  
 2 
    2.0000000   
   -0.3511235      0.0000000      0.9363292   
    0.9754757      0.0000000      0.2201073 
#----------------------------------------------------------
 7   2   14  15   7th float info - reference, nentries, row1, row2 
  -53.4062500     29.4465008    -50.4375000   1    40.5571327
  4 
  -57.6250000     43.3930016    -52.6250000      0.0000000  
  -53.8437500     43.3930016    -56.6562500      5.5270996  
  -51.6562500     15.5000000    -49.2187500     34.4774208  
  -50.5000000     15.5000000    -43.2500000     40.5571327  
 2 
    2.0000000   
    0.7293609      0.0000000      0.6841292   
    0.9817489      0.0000000     -0.1901817 
#----------------------------------------------------------
 8   2   16  17   7th float info - reference, nentries, row1, row2 
   -4.5833335     29.4465008    -14.0833340   1    39.2805367
  4 
    0.5000001     43.3930016    -12.1666670      0.0000000  
    0.4166666     43.3930016    -15.6250000      3.4593370  
   -6.0833335     15.5000000    -13.8750000     32.1530991  
  -13.1666670     15.5000000    -14.6666670     39.2805367  
 2 
    2.0000000   
    0.9997098      0.0000000     -0.0240894   
   -0.1110732      0.0000000      0.9938122 
#----------------------------------------------------------
 9   2   18  19   7th float info - reference, nentries, row1, row2 
   78.2604218     29.4465008    -25.4062500   1    38.1395760
  4 
   74.1666641     43.3930016    -27.5833321      0.0000000  
   77.4791641     43.3930016    -30.7083321      4.5539303  
   78.9791718     15.5000000    -23.2500000     33.4658012  
   82.4166718     15.5000000    -20.0833340     38.1395760  
 2 
    2.0000000   
    0.6862204      0.0000000      0.7273936   
    0.6775392      0.0000000     -0.7354867 
************************************************************
 Doors and access points (7 float Data)   tell says 3432757
============================================================
# short pad =  0
 ( 20 )  0  2
    0     doorpoint record number......  tell says 3432769
    3.0000000   144.8333282    29.3929996    -8.8333340     0.5490228     0.0000000     0.8358074     1            #...  tell says 3432801
    1   1 = std, 2 = ground docked, 3 = wall docked         #...  tell says 3432805
    0     first time pad1...
    2     number of reference entries ...
    0     first time pad2...
    0      2     path no and floattype...
   10      2     path no and floattype...
    1     float 7 type indicator...
#----------------------------------------------------------------------            #...  tell says 3432833
    1     doorpoint record number......  tell says 3432837
    3.0000000   140.3333435    15.5000000   -15.5000000    -0.5165333     0.0000000    -0.8562671     1            #...  tell says 3432869
    1   1 = std, 2 = ground docked, 3 = wall docked         #...  tell says 3432873
    1     number of reference entries ...
    0      2     path no and floattype...
    1     float 7 type indicator...
#----------------------------------------------------------------------            #...  tell says 3432889
    2     doorpoint record number......  tell says 3432893
    3.0000000   167.8750000    43.3930016   -54.3750000    -0.0000000     0.0000000     1.0000000     1            #...  tell says 3432925
    1   1 = std, 2 = ground docked, 3 = wall docked         #...  tell says 3432929
    2     number of reference entries ...
    1      2     path no and floattype...
   12      2     path no and floattype...
    1     float 7 type indicator...
#----------------------------------------------------------------------            #...  tell says 3432953
    3     doorpoint record number......  tell says 3432957
    3.0000000   160.1250000    15.5000000   -41.8750000    -0.6507742     0.0000000     0.7592713     1            #...  tell says 3432989
    1   1 = std, 2 = ground docked, 3 = wall docked         #...  tell says 3432993
    1     number of reference entries ...
    1      2     path no and floattype...
    1     float 7 type indicator...
#----------------------------------------------------------------------            #...  tell says 3433009
    4     doorpoint record number......  tell says 3433013
    3.0000000   142.2500000    29.3929996  -123.5000000    -0.0000000     0.0000000     1.0000000     1            #...  tell says 3433045
    1   1 = std, 2 = ground docked, 3 = wall docked         #...  tell says 3433049
    2     number of reference entries ...
    2      2     path no and floattype...
   13      2     path no and floattype...
    1     float 7 type indicator...
#----------------------------------------------------------------------            #...  tell says 3433073
    5     doorpoint record number......  tell says 3433077
    3.0000000   142.8750000    15.5000000  -111.1250000    -0.0000000     0.0000000     1.0000000     1            #...  tell says 3433109
    1   1 = std, 2 = ground docked, 3 = wall docked         #...  tell says 3433113
    1     number of reference entries ...
    2      2     path no and floattype...
    1     float 7 type indicator...
#----------------------------------------------------------------------            #...  tell says 3433129
    6     doorpoint record number......  tell says 3433133
    3.0000000    73.3333359    29.3929996  -104.5000000    -0.0000000     0.0000000     1.0000000     1            #...  tell says 3433165
    1   1 = std, 2 = ground docked, 3 = wall docked         #...  tell says 3433169
    2     number of reference entries ...
    3      2     path no and floattype...
   14      2     path no and floattype...
    1     float 7 type indicator...
#----------------------------------------------------------------------            #...  tell says 3433193
    7     doorpoint record number......  tell says 3433197
    3.0000000    86.5000000    15.5000000  -101.5000000     0.9743701     0.0000000     0.2249511     1            #...  tell says 3433229
    1   1 = std, 2 = ground docked, 3 = wall docked         #...  tell says 3433233
    1     number of reference entries ...
    3      2     path no and floattype...
    1     float 7 type indicator...
#----------------------------------------------------------------------            #...  tell says 3433249
    8     doorpoint record number......  tell says 3433253
    3.0000000    45.6250000    43.3930016   -89.8750000    -0.0000000     0.0000000     1.0000000     1            #...  tell says 3433285
    1   1 = std, 2 = ground docked, 3 = wall docked         #...  tell says 3433289
    2     number of reference entries ...
    4      2     path no and floattype...
   15      2     path no and floattype...
    1     float 7 type indicator...
#----------------------------------------------------------------------            #...  tell says 3433313
    9     doorpoint record number......  tell says 3433317
    3.0000000    58.2500000    15.5000000   -86.6250000     0.9645574     0.0000000     0.2638730     1            #...  tell says 3433349
    1   1 = std, 2 = ground docked, 3 = wall docked         #...  tell says 3433353
    1     number of reference entries ...
    4      2     path no and floattype...
    1     float 7 type indicator...
#----------------------------------------------------------------------            #...  tell says 3433369
   10     doorpoint record number......  tell says 3433373
    3.0000000    -0.6666667    39.2260017  -102.0833359    -0.0000000     0.0000000     1.0000000     1            #...  tell says 3433405
    1   1 = std, 2 = ground docked, 3 = wall docked         #...  tell says 3433409
    2     number of reference entries ...
    5      2     path no and floattype...
   16      2     path no and floattype...
    1     float 7 type indicator...
#----------------------------------------------------------------------            #...  tell says 3433433
   11     doorpoint record number......  tell says 3433437
    3.0000000    -2.2500000    15.5000000   -89.0833359    -0.0000000     0.0000000     1.0000000     1            #...  tell says 3433469
    1   1 = std, 2 = ground docked, 3 = wall docked         #...  tell says 3433473
    1     number of reference entries ...
    5      2     path no and floattype...
    1     float 7 type indicator...
#----------------------------------------------------------------------            #...  tell says 3433489
   12     doorpoint record number......  tell says 3433493
    3.0000000   -45.1250000    39.2260017  -116.8750000    -0.0000000     0.0000000     1.0000000     1            #...  tell says 3433525
    1   1 = std, 2 = ground docked, 3 = wall docked         #...  tell says 3433529
    2     number of reference entries ...
    6      2     path no and floattype...
   18      2     path no and floattype...
    1     float 7 type indicator...
#----------------------------------------------------------------------            #...  tell says 3433553
   13     doorpoint record number......  tell says 3433557
    3.0000000   -46.6250000    15.5000000  -105.0000000    -0.0000000     0.0000000     1.0000000     1            #...  tell says 3433589
    1   1 = std, 2 = ground docked, 3 = wall docked         #...  tell says 3433593
    1     number of reference entries ...
    6      2     path no and floattype...
    1     float 7 type indicator...
#----------------------------------------------------------------------            #...  tell says 3433609
   14     doorpoint record number......  tell says 3433613
    3.0000000   -57.6250000    43.3930016   -52.6250000    -0.0000000     0.0000000     1.0000000     1            #...  tell says 3433645
    1   1 = std, 2 = ground docked, 3 = wall docked         #...  tell says 3433649
    2     number of reference entries ...
    7      2     path no and floattype...
   19      2     path no and floattype...
    1     float 7 type indicator...
#----------------------------------------------------------------------            #...  tell says 3433673
   15     doorpoint record number......  tell says 3433677
    3.0000000   -50.5000000    15.5000000   -43.2500000     0.4524347     0.0000000     0.8917975     1            #...  tell says 3433709
    1   1 = std, 2 = ground docked, 3 = wall docked         #...  tell says 3433713
    1     number of reference entries ...
    7      2     path no and floattype...
    1     float 7 type indicator...
#----------------------------------------------------------------------            #...  tell says 3433729
   16     doorpoint record number......  tell says 3433733
    3.0000000     0.5000001    43.3930016   -12.1666670    -0.0000000     0.0000000     1.0000000     1            #...  tell says 3433765
    1   1 = std, 2 = ground docked, 3 = wall docked         #...  tell says 3433769
    2     number of reference entries ...
    8      2     path no and floattype...
   20      2     path no and floattype...
    1     float 7 type indicator...
#----------------------------------------------------------------------            #...  tell says 3433793
   17     doorpoint record number......  tell says 3433797
    3.0000000   -13.1666670    15.5000000   -14.6666670    -0.9890159     0.0000000    -0.1478094     1            #...  tell says 3433829
    1   1 = std, 2 = ground docked, 3 = wall docked         #...  tell says 3433833
    1     number of reference entries ...
    8      2     path no and floattype...
    1     float 7 type indicator...
#----------------------------------------------------------------------            #...  tell says 3433849
   18     doorpoint record number......  tell says 3433853
    3.0000000    74.1666641    43.3930016   -27.5833321    -0.9964929     0.0000000     0.0836778     1            #...  tell says 3433885
    1   1 = std, 2 = ground docked, 3 = wall docked         #...  tell says 3433889
    2     number of reference entries ...
    9      2     path no and floattype...
   21      2     path no and floattype...
    1     float 7 type indicator...
#----------------------------------------------------------------------            #...  tell says 3433913
   19     doorpoint record number......  tell says 3433917
    3.0000000    82.4166718    15.5000000   -20.0833340    -0.8910065     0.0000000    -0.4539905     1            #...  tell says 3433949
    1   1 = std, 2 = ground docked, 3 = wall docked         #...  tell says 3433953
    1     number of reference entries ...
    9      2     path no and floattype...
    1     float 7 type indicator...
#----------------------------------------------------------------------            #...  tell says 3433969
***********************************************************************
  Gates, breaches and bridges (Pathfinding Data)    tell says 3433969
=======================================================================
 0  ( 0 ) 
#----------------------------------------------------------------------------------
 60  1  0  [  162 ]  61  [  161 ] 
 0 255 255 255 255  0 
# ------------------------------------------
#      Beginning of Game Objects Section    
# ------------------------------------------
[ number of game objects = 19]   tell says: 3434001
# -------------------------------------------------------------
# start of game object =   0    tell says 3434001
# -------------------------------------------------------------
obj header type =   5
pad as first of this object type =    1  0 
header sequence =   [ 163] 
pad as first object =    0  2 
15 ReflectionPlane
pad as first object =    0  0 
objcharacteristiccount =   3
pad as first object =    0  0 
10 GameObject
1 1
14 GameObjectName
15 ReflectionPlane
14 GameObjectType
5 plane
pad as first of this object type =    0  0 
   0.0000000    1.0000000    0.0000000    1.3010000 
# -------------------------------------------------------------
# start of game object =   1    tell says 3434139
# -------------------------------------------------------------
obj header type =   4
pad as first of this object type =    1  0 
header sequence =   [ 164] 
10 RoadMarker
objcharacteristiccount =   4
10 GameObject
1 1
14 GameObjectName
10 RoadMarker
14 GameObjectType
5 point
4 Type
7 Highway
pad as first of this object type =    0  0 
  -1.0000000    0.0000000    0.0000002   92.0668411 
   0.0000000    1.0000000    0.0000000    0.2674876 
  -0.0000002    0.0000000   -1.0000000 -372.8783264 
   0.0000000    0.0000000    0.0000000    1.0000000 
# -------------------------------------------------------------
# start of game object =   2    tell says 3434328
# -------------------------------------------------------------
obj header type =   4
header sequence =   [ 165] 
10 RoadMarker
objcharacteristiccount =   4
10 GameObject
1 1
14 GameObjectName
10 RoadMarker
14 GameObjectType
5 point
4 Type
7 Highway
   0.0000002    0.0000000   -0.9999999 -401.4188538 
   0.0000000    1.0000000    0.0000000    0.3245693 
   0.9999999    0.0000000    0.0000002  -55.9624367 
   0.0000000    0.0000000    0.0000000    1.0000000 
# -------------------------------------------------------------
# start of game object =   3    tell says 3434513
# -------------------------------------------------------------
obj header type =   4
header sequence =   [ 166] 
10 RoadMarker
objcharacteristiccount =   4
10 GameObject
1 1
14 GameObjectName
10 RoadMarker
14 GameObjectType
5 point
4 Type
7 Highway
   1.0000000    0.0000000    0.0000000   -3.9653254 
   0.0000000    1.0000000    0.0000000    0.4297951 
   0.0000000    0.0000000    1.0000000  374.2129517 
   0.0000000    0.0000000    0.0000000    1.0000000 
# -------------------------------------------------------------
# start of game object =   4    tell says 3434698
# -------------------------------------------------------------
obj header type =   4
header sequence =   [ 167] 
10 RoadMarker
objcharacteristiccount =   4
10 GameObject
1 1
14 GameObjectName
10 RoadMarker
14 GameObjectType
5 point
4 Type
7 Highway
   0.0000002    0.0000000    0.9999999  401.8966980 
   0.0000000    1.0000000    0.0000000    0.2582292 
  -0.9999999    0.0000000    0.0000002  139.9820862 
   0.0000000    0.0000000    0.0000000    1.0000000 
# -------------------------------------------------------------
# start of game object =   5    tell says 3434883
# -------------------------------------------------------------
obj header type =   4
header sequence =   [ 168] 
12 TechTreeSlot
objcharacteristiccount =   5
8 Category
5 guild
10 GameObject
1 1
14 GameObjectName
12 TechTreeSlot
14 GameObjectType
5 point
4 Size
5 32x32
   1.0000000    0.0000000    0.0000000 -255.9998322 
   0.0000000    1.0000000    0.0000000    0.1450826 
   0.0000000    0.0000000    1.0000000  -95.9986801 
   0.0000000    0.0000000    0.0000000    1.0000000 
# -------------------------------------------------------------
# start of game object =   6    tell says 3435091
# -------------------------------------------------------------
obj header type =   4
header sequence =   [ 169] 
12 TechTreeSlot
objcharacteristiccount =   5
8 Category
23 cultural_building_small
10 GameObject
1 1
14 GameObjectName
12 TechTreeSlot
14 GameObjectType
5 point
4 Size
5 32x32
   0.0034907    0.0000000    0.9999939  -78.9998550 
   0.0000000    1.0000000    0.0000000    0.1474140 
  -0.9999939    0.0000000    0.0034907 -156.9986572 
   0.0000000    0.0000000    0.0000000    1.0000000 
# -------------------------------------------------------------
# start of game object =   7    tell says 3435317
# -------------------------------------------------------------
obj header type =   4
header sequence =   [ 170] 
12 TechTreeSlot
objcharacteristiccount =   5
8 Category
7 generic
10 GameObject
1 1
14 GameObjectName
12 TechTreeSlot
14 GameObjectType
5 point
4 Size
5 32x32
  -0.9335804    0.0000000   -0.3583679  205.0001221 
   0.0000000    1.0000000    0.0000000   -3.8314300 
   0.3583679    0.0000000   -0.9335804  -59.9986725 
   0.0000000    0.0000000    0.0000000    1.0000000 
# -------------------------------------------------------------
# start of game object =   8    tell says 3435527
# -------------------------------------------------------------
obj header type =   4
header sequence =   [ 171] 
12 TechTreeSlot
objcharacteristiccount =   5
8 Category
6 tavern
10 GameObject
1 1
14 GameObjectName
12 TechTreeSlot
14 GameObjectType
5 point
4 Size
5 64x32
   1.0000000    0.0000000    0.0000000  -23.9998245 
   0.0000000    1.0000000    0.0000000    0.1196826 
   0.0000000    0.0000000    1.0000000 -191.9986115 
   0.0000000    0.0000000    0.0000000    1.0000000 
# -------------------------------------------------------------
# start of game object =   9    tell says 3435736
# -------------------------------------------------------------
obj header type =   4
header sequence =   [ 172] 
12 TechTreeSlot
objcharacteristiccount =   5
8 Category
6 market
10 GameObject
1 1
14 GameObjectName
12 TechTreeSlot
14 GameObjectType
5 point
4 Size
5 32x32
   0.0034907    0.0000000    0.9999939  264.0001831 
   0.0000000    1.0000000    0.0000000    0.1705070 
  -0.9999939    0.0000000    0.0034907    8.0013657 
   0.0000000    0.0000000    0.0000000    1.0000000 
# -------------------------------------------------------------
# start of game object =   10    tell says 3435945
# -------------------------------------------------------------
obj header type =   4
header sequence =   [ 173] 
12 TechTreeSlot
objcharacteristiccount =   5
8 Category
6 church
10 GameObject
1 1
14 GameObjectName
12 TechTreeSlot
14 GameObjectType
5 point
4 Size
5 32x32
   0.0034907    0.0000000    0.9999939   51.0001678 
   0.0000000    1.0000000    0.0000000    0.1705070 
  -0.9999939    0.0000000    0.0034907  108.0013657 
   0.0000000    0.0000000    0.0000000    1.0000000 
# -------------------------------------------------------------
# start of game object =   11    tell says 3436154
# -------------------------------------------------------------
obj header type =   4
header sequence =   [ 174] 
12 TechTreeSlot
objcharacteristiccount =   5
8 Category
6 smithy
10 GameObject
1 1
14 GameObjectName
12 TechTreeSlot
14 GameObjectType
5 point
4 Size
5 64x32
   1.0000000    0.0000000    0.0000000  104.0001373 
   0.0000000    1.0000000    0.0000000    0.1651248 
   0.0000000    0.0000000    1.0000000 -263.9986877 
   0.0000000    0.0000000    0.0000000    1.0000000 
# -------------------------------------------------------------
# start of game object =   12    tell says 3436363
# -------------------------------------------------------------
obj header type =   2
pad as first of this object type =    1  0 
header sequence =   [ 175] 
5 Plaza
objcharacteristiccount =   4
10 GameObject
1 1
14 GameObjectName
5 Plaza
14 GameObjectType
5 box2d
8 HoldTime
1 5
pad as first of this object type =    0  0 
 117.1710434  -68.8966980  2    1.0000000    0.0000000    0.0000000    1.0000000  2   40.0000000   40.0000000
# -------------------------------------------------------------
# start of game object =   13    tell says 3436516
# -------------------------------------------------------------
obj header type =   4
header sequence =   [ 176] 
12 TechTreeSlot
objcharacteristiccount =   5
8 Category
10 university
10 GameObject
1 1
14 GameObjectName
12 TechTreeSlot
14 GameObjectType
5 point
4 Size
5 64x64
   0.0000002    0.0000000    0.9999999  152.0001678 
   0.0000000    1.0000000    0.0000000    0.1196826 
  -0.9999999    0.0000000    0.0000002  256.0013428 
   0.0000000    0.0000000    0.0000000    1.0000000 
# -------------------------------------------------------------
# start of game object =   14    tell says 3436729
# -------------------------------------------------------------
obj header type =   4
header sequence =   [ 177] 
12 TechTreeSlot
objcharacteristiccount =   5
8 Category
23 cultural_building_large
10 GameObject
1 1
14 GameObjectName
12 TechTreeSlot
14 GameObjectType
5 point
4 Size
5 64x32
  -1.0000000    0.0000000    0.0000000 -190.9997864 
   0.0000000    1.0000000    0.0000000    0.1196830 
   0.0000000    0.0000000   -1.0000000  152.0013428 
   0.0000000    0.0000000    0.0000000    1.0000000 
# -------------------------------------------------------------
# start of game object =   15    tell says 3436955
# -------------------------------------------------------------
obj header type =   4
header sequence =   [ 178] 
12 TechTreeSlot
objcharacteristiccount =   5
8 Category
7 generic
10 GameObject
1 1
14 GameObjectName
12 TechTreeSlot
14 GameObjectType
5 point
4 Size
5 64x32
   0.0000002    0.0000000   -0.9999999 -319.9999084 
   0.0000000    1.0000000    0.0000000    0.0688733 
   0.9999999    0.0000000    0.0000002  -80.0010757 
   0.0000000    0.0000000    0.0000000    1.0000000 
# -------------------------------------------------------------
# start of game object =   16    tell says 3437165
# -------------------------------------------------------------
obj header type =   4
header sequence =   [ 179] 
12 TechTreeSlot
objcharacteristiccount =   5
8 Category
7 generic
10 GameObject
1 1
14 GameObjectName
12 TechTreeSlot
14 GameObjectType
5 point
4 Size
5 64x64
  -0.9999985    0.0000000    0.0017453  112.0001678 
   0.0000000    1.0000000    0.0000000    0.1705070 
  -0.0017453    0.0000000   -0.9999985  -39.9986420 
   0.0000000    0.0000000    0.0000000    1.0000000 
# -------------------------------------------------------------
# start of game object =   17    tell says 3437375
# -------------------------------------------------------------
obj header type =   1
pad as first of this object type =    1  0 
header sequence =   [ 180] 
17 DeploymentOutline
objcharacteristiccount =   3
10 GameObject
1 1
14 GameObjectName
17 DeploymentOutline
14 GameObjectType
8 polyline
nrows = 32
 338.0845032    0.0000000  230.4157867 
 384.2861938    0.0000000  204.5145721 
 383.4118042    0.0000000  -28.0843582 
 337.2115784    0.0000000  -56.1723671 
 335.0509644    0.0000000 -138.2757721 
 333.8467712    0.0000000 -144.7576141 
 333.8467712    0.0000000 -283.0370483 
 335.0509644    0.0000000 -311.8002014 
 334.1900024    0.0000000 -321.5611572 
 280.6139526    0.0000000 -321.4216614 
 197.9490509    0.0000000 -321.8524475 
  28.9017029    0.0000000 -322.1161804 
  25.2356071    0.0000000 -370.1989746 
-226.8439789    0.0000000 -366.9884644 
-226.6701965    0.0000000 -322.7836609 
-301.4936523    0.0000000 -320.9798889 
-335.9531250    0.0000000 -302.1966553 
-335.0967407    0.0000000 -198.3795013 
-385.0797424    0.0000000 -198.4554901 
-385.0797424    0.0000000   45.2478600 
-359.8404236    0.0000000   45.7509880 
-357.6798096    0.0000000  196.6196899 
-333.1990662    0.0000000  214.9185028 
-335.2082520    0.0000000  315.4535522 
-319.7004395    0.0000000  334.0554810 
-130.3063965    0.0000000  333.2500000 
-112.1811600    0.0000000  357.9831543 
  40.5079117    0.0000000  358.2518311 
 112.7444763    0.0000000  358.1101990 
 174.4660950    0.0000000  358.1041565 
 204.7147217    0.0000000  358.0678101 
 335.2089233    0.0000000  360.7344360 
# -------------------------------------------------------------
# start of game object =   18    tell says 3437884
# -------------------------------------------------------------
obj header type =   4
header sequence =   [ 181] 
12 TechTreeSlot
objcharacteristiccount =   5
8 Category
23 cultural_building_large
10 GameObject
1 1
14 GameObjectName
12 TechTreeSlot
14 GameObjectType
5 point
4 Size
5 32x32
  -1.0000000    0.0000000    0.0000000  -47.0000000 
   0.0000000    1.0000000    0.0000000    0.0000000 
  -0.0000000    0.0000000   -1.0000000  -87.0000000 
   0.0000000    0.0000000    0.0000000    1.0000000 
fillerpad =    0  0 
# ------------------------------------------
#      Beginning of Main Objects Section    
# ------------------------------------------
[ number of main objects = 1]   tell says: 3438116
# -------------------------------------------------------------
# start of main object =   0    tell says 3438116
# -------------------------------------------------------------
first time pad =    0  4 
7 Default
first time pad =    0  0 
[ nsubgroups =   1]
[ nsubgroupentries =  33]
     0     1     2     3     4     5     6     7     8     9    10    11    12    13    14    15
    16    17    18    19    20    21    22    23    24    25    26    27    28    29    30    31
    32
[ main group type =   0]
[ number of sub obj groups =   4]
number of sub objects in subobjgroup   0  =     0
number of sub objects in subobjgroup   1  =     0
number of sub objects in subobjgroup   2  =     0
number of sub objects in subobjgroup   3  =     0
fillerpad =    0  0 
# start of object default section  -    tell says 3438297
 number of main object names = 1
7  Default 
fillerpad =    0  2 
# ------------------------------------------
#      Beginning of perimeter Objects Section    
# ------------------------------------------
number of perimeter objects = 0
fillerpad =    0  0 
 number of direction markers = 5
fillerpad =    0  0 
-266.4287720   48.1671677   -0.9848077    0.1736484    0.0000000    0.0000000  16
 -44.7948074  204.3988190   -0.5000000    0.8660254    0.0000000    0.0000000  16
 142.6766815   12.4130106    1.0000000    0.0000002    0.0000000    0.0000000  16
  24.2813969 -132.6468964    0.4226183   -0.9063078    0.0000000    0.0000000  16
 113.4521027  -63.1137772    0.0000000   -1.0000000    0.0000000    0.0000000  16
# ------------------------------------------
#      Beginning of Anim Strings Section    
# ------------------------------------------
     0   short pad...  
 (    0 )      Number of sets of string entries....
 81 settlements/central_asian/settlements/turkmen_fort_a/turkmen_fort_a.animInstances
# start of variable integers table, tell says 3438557
# *************************************************
#  Structural Effects ( Variable Integers Table )  
# =================================================
  0       short pad...
0            # Number of variable integer entries...
#----------------------
# ********************************************************
#  Structural Effects ( Six Float Table ), tell says 3438563
# ========================================================
   0   Short pad...
  (   0 )       number of six float entries...
 # tell says = 3438569
# ******************************************
#      Beginning of Bottom Table 1          
# ------------------------------------------
 0  0  0  0 [ nentries =  33] 
   0    1      1    1      2    1      3    1      4    1      5    1      6    1      7    1      8    1      9    1     10    1     11    1     12    1     13    1     14    1     15    1   
  16    1     17    1     18    1     19    1     20    1     21    1     22    1     23    1     24    1     25    1     26    1     27    1     28    1     29    1     30    1     31    1   
  32    1   
# ******************************************
#      Beginning of Bottom Table 2          
# ------------------------------------------
 0  0 [ nentries =  33] 
   0    1      1    1      2    1      3    1      4    1      5    1      6    1      7    1      8    1      9    1     10    1     11    1     12    1     13    1     14    1     15    1   
  16    1     17    1     18    1     19    1     20    1     21    1     22    1     23    1     24    1     25    1     26    1     27    1     28    1     29    1     30    1     31    1   
  32    1   
# ******************************************
#      Beginning of Bottom Table 3          
# ------------------------------------------
 0  0 [ nentries =  33] 
   0    0      0    0      0    1      0    2      0    3      0    4      0    5      0    6      0    7      0    8      0    9      0   10      0   11      0   12      1    0      1    1   
   1    2      1    3      1    4      1    5      1    6      1    7      1    8      1    9      2    0      3    0      3    1      3    2      3    3      3    4      3    5      3    6   
   3    7   
# ******************************************
#      Beginning of Bottom Strings          
# ------------------------------------------
 0  0 [ nchar    = 639] 
middle_eastern_huge_city_A #ref  0
burning_building_new_small_set #ref  27
window_fire_small #ref  58
ME_audio_door_B #ref  76
ME_audio_door_B_night #ref  92
burning_building_new_medium_set #ref  114
light #ref  146
burning_building_new_extra_large_set #ref  152
burning_building_new_large_set #ref  189
ME_audio_window_D #ref  220
ME_audio_window_D_night #ref  238
ME_audio_door_D #ref  262
ME_audio_door_D_night #ref  278
ME_audio_door_C #ref  300
ME_audio_door_C_night #ref  316
window_fire_medium #ref  338
ME_audio_door_A #ref  357
ME_audio_door_A_night #ref  373
ME_audio_window_A #ref  395
ME_audio_window_A_night #ref  413
ME_audio_window_B #ref  437
ME_audio_window_B_night #ref  455
ME_audio_window_C #ref  479
ME_audio_window_C_night #ref  497
well #ref  521
camp_fire_small_set #ref  526
brazier_large_set #ref  546
brazier_small_set #ref  564
brazier_medium_set #ref  582
ME_audio_wall_D #ref  601
ME_audio_wall_D_night #ref  617
# ------------------------------------------
#      The very end of it all.........      
# ------------------------------------------
 0    integer pad ...
 1 0
 0    integer pad ...
 0    pad as no type 4...
   1.0000000    0.0000000    0.0000000    0.0000000    0.0000000    1.0000000    0.0000000    0.0000000    0.0000000    0.0000000    1.0000000    0.0000000    0.0000000    0.0000000    0.0000000    1.0000000    1.0000000 
#####   self matrix1 info  -group increment added shows unused groups as in NE Huge city  #####    
         complex    object              structure   game     game                         old game  physical   group     subgroup
complex  obj no    group no  structure  group no   obj no  group no  triangles   action   obj no    group no  increment    type
    0         0         0         0         0         0         0      4360         0         0         0         1         0     
    1         0         0         0         0         1         1      8338         0         0         1         1         0     
    1         1         0         0         1         2         2      1331         0         0         2         1         0     
    1         2         0         0         2         3         3      1336         0         0         3         1         0     
    1         3         0         0         3         4         4        95         0         0         4         1         0     
    1         4         0         0         4         5         5        93         0         0         5         1         0     
    1         5         0         0         5         6         6        94         0         0         6         1         0     
    1         6         0         0         6         7         7        99         0         0         7         1         0     
    1         7         0         0         7         8         8       102         0         0         8         1         0     
    1         8         0         0         8         9         9       105         0         0         9         1         0     
    1         9         0         0         9        10        10       108         0         0        10         1         0     
    1        10         0         0        10        11        11       104         0         0        11         1         0     
    1        11         0         0        11        12        12        92         0         0        12         1         0     
    1        12         0         0        12        13        13        94         0         0        13         1         0     
    1        13         0         1         0        14        14       466         0         0        14         1         0     
    1        14         0         1         1        15        15       726         0         0        15         1         0     
    1        15         0         1         2        16        16       726         0         0        16         1         0     
    1        16         0         1         3        17        17       466         0         0        17         1         0     
    1        17         0         1         4        18        18      2384         0         0        18         1         0     
    1        18         0         1         5        19        19      4768         0         0        19         1         0     
    1        19         0         1         6        20        20      4768         0         0        20         1         0     
    1        20         0         1         7        21        21      4768         0         0        21         1         0     
    1        21         0         1         8        22        22     19072         0         0        22         1         0     
    1        22         0         1         9        23        23     10200         0         0        23         1         0     
    1        23         0         2         0        24        24         5         0         0        24         1         0     
    1        24         0         3         0        25        25       466         0         0        25         1         0     
    1        25         0         3         1        26        26       726         0         0        26         1         0     
    1        26         0         3         2        27        27       726         0         0        27         1         0     
    1        27         0         3         3        28        28       466         0         0        28         1         0     
    1        28         0         3         4        29        29      2384         0         0        29         1         0     
    1        29         0         3         5        30        30      4768         0         0        30         1         0     
    1        30         0         3         6        31        31      4768         0         0        31         1         0     
    1        31         0         3         7        32        32     13578         0         0        32         1         0     
complex   0  structure   0  refno     0  refseq 20 
complex   1  structure   0  refno     1  refseq 154 
complex   1  structure   1  refno     2  refseq 156 
complex   1  structure   2  refno     3  refseq 158 
complex   1  structure   3  refno     2  refseq 156 
old complex       new complex
       0             0
       1             1
 
##### newobjfilechg - self matrix2 info   #####   
         complex    object              structure   game     game                         old game   
complex  obj no    group no  structure  group no   obj no  group no  triangles   action   obj no      
    0         0         0         0         0         0         0      4360         0         0         0         1         0     
    1         0         0         0         0         1         1      8338         0         0         1         1         0     
    1         1         0         0         1         2         2      1331         0         0         2         1         0     
    1         2         0         0         2         3         3      1336         0         0         3         1         0     
    1         3         0         0         3         4         4        95         0         0         4         1         0     
    1         4         0         0         4         5         5        93         0         0         5         1         0     
    1         5         0         0         5         6         6        94         0         0         6         1         0     
    1         6         0         0         6         7         7        99         0         0         7         1         0     
    1         7         0         0         7         8         8       102         0         0         8         1         0     
    1         8         0         0         8         9         9       105         0         0         9         1         0     
    1         9         0         0         9        10        10       108         0         0        10         1         0     
    1        10         0         0        10        11        11       104         0         0        11         1         0     
    1        11         0         0        11        12        12        92         0         0        12         1         0     
    1        12         0         0        12        13        13        94         0         0        13         1         0     
    1        13         0         1         0        14        14       466         0         0        14         1         0     
    1        14         0         1         1        15        15       726         0         0        15         1         0     
    1        15         0         1         2        16        16       726         0         0        16         1         0     
    1        16         0         1         3        17        17       466         0         0        17         1         0     
    1        17         0         1         4        18        18      2384         0         0        18         1         0     
    1        18         0         1         5        19        19      4768         0         0        19         1         0     
    1        19         0         1         6        20        20      4768         0         0        20         1         0     
    1        20         0         1         7        21        21      4768         0         0        21         1         0     
    1        21         0         1         8        22        22     19072         0         0        22         1         0     
    1        22         0         1         9        23        23     10200         0         0        23         1         0     
    1        23         0         2         0        24        24         5         0         0        24         1         0     
    1        24         0         3         0        25        25       466         0         0        25         1         0     
    1        25         0         3         1        26        26       726         0         0        26         1         0     
    1        26         0         3         2        27        27       726         0         0        27         1         0     
    1        27         0         3         3        28        28       466         0         0        28         1         0     
    1        28         0         3         4        29        29      2384         0         0        29         1         0     
    1        29         0         3         5        30        30      4768         0         0        30         1         0     
    1        30         0         3         6        31        31      4768         0         0        31         1         0     
    1        31         0         3         7        32        32     13578         0         0        32         1         0     
preset references before change 
complex   0  structure   0  refno     0  refseq 20 
complex   1  structure   0  refno     1  refseq 154 
complex   1  structure   1  refno     2  refseq 156 
complex   1  structure   2  refno     3  refseq 158 
complex   1  structure   3  refno     2  refseq 156 

preset references after change 
complex   0  structure   0  refno     0  refseq 20 
complex   1  structure   0  refno     1  refseq 154 
complex   1  structure   1  refno     2  refseq 156 
complex   1  structure   2  refno     3  refseq 158 
complex   1  structure   3  refno     2  refseq 156 



 **** New refererence matrix3 ***** 
         complex    object              structure   game     game                         old game   
complex  obj no    group no  structure  group no   obj no  group no  triangles   action   obj no      
    0         0         0         0         0         0         0      4360         0         0         0         1         0     
    1         0         0         0         0         1         1      8338         0         1         1         1         0     
    1         1         0         0         1         2         2      1331         0         2         2         1         0     
    1         2         0         0         2         3         3      1336         0         3         3         1         0     
    1         3         0         0         3         4         4        95         0         4         4         1         0     
    1         4         0         0         4         5         5        93         0         5         5         1         0     
    1         5         0         0         5         6         6        94         0         6         6         1         0     
    1         6         0         0         6         7         7        99         0         7         7         1         0     
    1         7         0         0         7         8         8       102         0         8         8         1         0     
    1         8         0         0         8         9         9       105         0         9         9         1         0     
    1         9         0         0         9        10        10       108         0        10        10         1         0     
    1        10         0         0        10        11        11       104         0        11        11         1         0     
    1        11         0         0        11        12        12        92         0        12        12         1         0     
    1        12         0         0        12        13        13        94         0        13        13         1         0     
    1        13         0         1         0        14        14       466         0        14        14         1         0     
    1        14         0         1         1        15        15       726         0        15        15         1         0     
    1        15         0         1         2        16        16       726         0        16        16         1         0     
    1        16         0         1         3        17        17       466         0        17        17         1         0     
    1        17         0         1         4        18        18      2384         0        18        18         1         0     
    1        18         0         1         5        19        19      4768         0        19        19         1         0     
    1        19         0         1         6        20        20      4768         0        20        20         1         0     
    1        20         0         1         7        21        21      4768         0        21        21         1         0     
    1        21         0         1         8        22        22     19072         0        22        22         1         0     
    1        22         0         1         9        23        23     10200         0        23        23         1         0     
    1        23         0         2         0        24        24         5         0        24        24         1         0     
    1        24         0         3         0        25        25       466         0        25        25         1         0     
    1        25         0         3         1        26        26       726         0        26        26         1         0     
    1        26         0         3         2        27        27       726         0        27        27         1         0     
    1        27         0         3         3        28        28       466         0        28        28         1         0     
    1        28         0         3         4        29        29      2384         0        29        29         1         0     
    1        29         0         3         5        30        30      4768         0        30        30         1         0     
    1        30         0         3         6        31        31      4768         0        31        31         1         0     
    1        31         0         3         7        32        32     13578         0        32        32         1         0     


 **** deleted Table 2 entries check for other deletes ***** 
 objects to be deleted =  0     




 **** New refererence Table 2 ***** 

    0         0         1         0         0      4360        -4       111         0        -4        -1        -1        -1        -1        -1         0        -1        -1        -1        -1        -1        -1        -1        -1         0         0         0     
    1         0         1         1         0      8338        -4       111         0        -4        -1        -1        -1        -1        -1         1        -1        -1        -1        -1        -1        -1        -1        -1         0         0         0     
    2         0         1         1         0      1331        -4       111         0        -4        -1        -1        -1        -1        -1         2        -1        -1        -1        -1        -1        -1        -1        -1         0         0         0     
    3         0         1         1         0      1336        -4       111         0        -4        -1        -1        -1        -1        -1         3        -1        -1        -1        -1        -1        -1        -1        -1         0         0         0     
    4         0         1         1         0        95        -4       111         0        -4        -1        -1        -1        -1        -1         4        -1        -1        -1        -1        -1        -1        -1        -1         0         0         0     
    5         0         1         1         0        93        -4       111         0        -4        -1        -1        -1        -1        -1         5        -1        -1        -1        -1        -1        -1        -1        -1         0         0         0     
    6         0         1         1         0        94        -4       111         0        -4        -1        -1        -1        -1        -1         6        -1        -1        -1        -1        -1        -1        -1        -1         0         0         0     
    7         0         1         1         0        99        -4       111         0        -4        -1        -1        -1        -1        -1         7        -1        -1        -1        -1        -1        -1        -1        -1         0         0         0     
    8         0         1         1         0       102        -4       111         0        -4        -1        -1        -1        -1        -1         8        -1        -1        -1        -1        -1        -1        -1        -1         0         0         0     
    9         0         1         1         0       105        -4       111         0        -4        -1        -1        -1        -1        -1         9        -1        -1        -1        -1        -1        -1        -1        -1         0         0         0     
   10         0         1         1         0       108        -4       111         0        -4        -1        -1        -1        -1        -1        10        -1        -1        -1        -1        -1        -1        -1        -1         0         0         0     
   11         0         1         1         0       104        -4       111         0        -4        -1        -1        -1        -1        -1        11        -1        -1        -1        -1        -1        -1        -1        -1         0         0         0     
   12         0         1         1         0        92        -4       111         0        -4        -1        -1        -1        -1        -1        12        -1        -1        -1        -1        -1        -1        -1        -1         0         0         0     
   13         0         1         1         0        94        -4       111         0        -4        -1        -1        -1        -1        -1        13        -1        -1        -1        -1        -1        -1        -1        -1         0         0         0     
   14         0         1         1         1       466        -4       111         0        -4        -1        -1        -1        -1        -1        14        -1        -1        -1        -1        -1        -1        -1        -1         0         0         0     
   15         0         1         1         1       726        -4       111         0        -4        -1        -1        -1        -1        -1        15        -1        -1        -1        -1        -1        -1        -1        -1         0         0         0     
   16         0         1         1         1       726        -4       111         0        -4        -1        -1        -1        -1        -1        16        -1        -1        -1        -1        -1        -1        -1        -1         0         0         0     
   17         0         1         1         1       466        -4       111         0        -4        -1        -1        -1        -1        -1        17        -1        -1        -1        -1        -1        -1        -1        -1         0         0         0     
   18         0         1         1         1      2384        -4       111         0        -4        -1        -1        -1        -1        -1        18        -1        -1        -1        -1        -1        -1        -1        -1         0         0         0     
   19         0         1         1         1      4768        -4       111         0        -4        -1        -1        -1        -1        -1        19        -1        -1        -1        -1        -1        -1        -1        -1         0         0         0     
   20         0         1         1         1      4768        -4       111         0        -4        -1        -1        -1        -1        -1        20        -1        -1        -1        -1        -1        -1        -1        -1         0         0         0     
   21         0         1         1         1      4768        -4       111         0        -4        -1        -1        -1        -1        -1        21        -1        -1        -1        -1        -1        -1        -1        -1         0         0         0     
   22         0         1         1         1     19072        -4       111         0        -4        -1        -1        -1        -1        -1        22        -1        -1        -1        -1        -1        -1        -1        -1         0         0         0     
   23         0         1         1         1     10200        -4       111         0        -4        -1        -1        -1        -1        -1        23        -1        -1        -1        -1        -1        -1        -1        -1         0         0         0     
   24         0         1         1         2         5        -4       111         0        -4        -1        -1        -1        -1        -1        24        -1        -1        -1        -1        -1        -1        -1        -1         0         0         0     
   25         0         1         1         3       466        -4       111         0        -4        -1        -1        -1        -1        -1        25        -1        -1        -1        -1        -1        -1        -1        -1         0         0         0     
   26         0         1         1         3       726        -4       111         0        -4        -1        -1        -1        -1        -1        26        -1        -1        -1        -1        -1        -1        -1        -1         0         0         0     
   27         0         1         1         3       726        -4       111         0        -4        -1        -1        -1        -1        -1        27        -1        -1        -1        -1        -1        -1        -1        -1         0         0         0     
   28         0         1         1         3       466        -4       111         0        -4        -1        -1        -1        -1        -1        28        -1        -1        -1        -1        -1        -1        -1        -1         0         0         0     
   29         0         1         1         3      2384        -4       111         0        -4        -1        -1        -1        -1        -1        29        -1        -1        -1        -1        -1        -1        -1        -1         0         0         0     
   30         0         1         1         3      4768        -4       111         0        -4        -1        -1        -1        -1        -1        30        -1        -1        -1        -1        -1        -1        -1        -1         0         0         0     
   31         0         1         1         3      4768        -4       111         0        -4        -1        -1        -1        -1        -1        31        -1        -1        -1        -1        -1        -1        -1        -1         0         0         0     
   32         0         1         1         3     13578        -4       111         0        -4        -1        -1        -1        -1        -1        32        -1        -1        -1        -1        -1        -1        -1        -1         0         0         0     
==========================================
             Old Table block 0
==========================================
==========================================
             Old Table block 1
==========================================
==========================================
             Old Table block 2
==========================================
==========================================
             Old Table block 3
==========================================
==========================================
             Old Table block 4
==========================================
==========================================
             Old Table block 5
==========================================
==========================================
             Old Table block 6
==========================================
==========================================
             Old Table block 7
==========================================
==========================================
             Old Table block 8
==========================================
==========================================
             Old Table block 9
==========================================
==========================================
             Old Table block 10
==========================================
==========================================
             Old Table block 11
==========================================
==========================================
             Old Table block 0
==========================================
# start of variable table  
#        start of variable tables 
#--------------------------------------------------------------
1       Table object count.....
1       Object block groups....
1       sub block groups....
12       sub block rows....
 138.9019928   -4.8847542  140.4093781   -9.0262642    0.9396927    0.3420199    0.3420199   -0.9396927    4.4073024 3
 140.4093781   -9.0262642  143.7855682  -11.8592339    0.6427889    0.7660434    0.7660434   -0.6427889    4.4073095 3
 143.7855682  -11.8592339  148.1259613  -12.6245995    0.1736564    0.9848063    0.9848063   -0.1736564    4.4073572 3
 148.1259613  -12.6245995  152.2675018  -11.1172066   -0.3420192    0.9396930    0.9396930    0.3420192    4.4073339 3
 152.2675018  -11.1172066  155.1004181   -7.7409630   -0.7660543    0.6427758    0.6427758    0.7660543    4.4073162 3
 155.1004181   -7.7409630  155.8657990   -3.4006157   -0.9848054    0.1736615    0.1736615    0.9848054    4.4073148 3
 155.8657990   -3.4006157  154.3583374    0.7408943   -0.9396871   -0.3420352   -0.3420352    0.9396871    4.4073286 3
 154.3583374    0.7408943  150.9821320    3.5738792   -0.6427892   -0.7660431   -0.7660431    0.6427892    4.4073310 3
 150.9821320    3.5738792  146.6417999    4.3391838   -0.1736453   -0.9848083   -0.9848083    0.1736453    4.4072862 3
 146.6417999    4.3391838  142.5002899    2.8318138    0.3420169   -0.9396938   -0.9396938   -0.3420169    4.4072971 3
 142.5002899    2.8318138  139.6673279   -0.5444145    0.7660478   -0.6427836   -0.6427836   -0.7660478    4.4073339 3
 139.6673279   -0.5444145  138.9019928   -4.8847542    0.9848071   -0.1736517   -0.1736517   -0.9848071    4.4072990 3
 140.4393616   -3.2610216 
5 0      Object number and pad.... 
  29.3929996    0.0000000    0.0000000 
1        block type indicator...
1        summary sub block groups....
12        summary sub block rows.....
 138.9019928   -4.8847542  140.4093781   -9.0262642    0.9396927    0.3420199    0.3420199   -0.9396927    4.4073024 3
  140.4093781   -9.0262642  143.7855682  -11.8592339    0.6427889    0.7660434    0.7660434   -0.6427889    4.4073095 3
  143.7855682  -11.8592339  148.1259613  -12.6245995    0.1736564    0.9848063    0.9848063   -0.1736564    4.4073572 3
  148.1259613  -12.6245995  152.2675018  -11.1172066   -0.3420192    0.9396930    0.9396930    0.3420192    4.4073339 3
  152.2675018  -11.1172066  155.1004181   -7.7409630   -0.7660543    0.6427758    0.6427758    0.7660543    4.4073162 3
  155.1004181   -7.7409630  155.8657990   -3.4006157   -0.9848054    0.1736615    0.1736615    0.9848054    4.4073148 3
  155.8657990   -3.4006157  154.3583374    0.7408943   -0.9396871   -0.3420352   -0.3420352    0.9396871    4.4073286 3
  154.3583374    0.7408943  150.9821320    3.5738792   -0.6427892   -0.7660431   -0.7660431    0.6427892    4.4073310 3
  150.9821320    3.5738792  146.6417999    4.3391838   -0.1736453   -0.9848083   -0.9848083    0.1736453    4.4072862 3
  146.6417999    4.3391838  142.5002899    2.8318138    0.3420169   -0.9396938   -0.9396938   -0.3420169    4.4072971 3
  142.5002899    2.8318138  139.6673279   -0.5444145    0.7660478   -0.6427836   -0.6427836   -0.7660478    4.4073339 3
  139.6673279   -0.5444145  138.9019928   -4.8847542    0.9848071   -0.1736517   -0.1736517   -0.9848071    4.4072990 3
  140.4393616   -3.2610216 
   0.5000000 
==========================================
             Old Table block 1
==========================================
# start of variable table  
#        start of variable tables 
#--------------------------------------------------------------
1       Table object count.....
1       Object block groups....
1       sub block groups....
12       sub block rows....
 138.9019928   -4.8847542  140.4093781   -9.0262642    0.9396927    0.3420199    0.3420199   -0.9396927    4.4073024 3
 140.4093781   -9.0262642  143.7855682  -11.8592339    0.6427889    0.7660434    0.7660434   -0.6427889    4.4073095 3
 143.7855682  -11.8592339  148.1259613  -12.6245995    0.1736564    0.9848063    0.9848063   -0.1736564    4.4073572 3
 148.1259613  -12.6245995  152.2675018  -11.1172066   -0.3420192    0.9396930    0.9396930    0.3420192    4.4073339 3
 152.2675018  -11.1172066  155.1004181   -7.7409630   -0.7660543    0.6427758    0.6427758    0.7660543    4.4073162 3
 155.1004181   -7.7409630  155.8657990   -3.4006157   -0.9848054    0.1736615    0.1736615    0.9848054    4.4073148 3
 155.8657990   -3.4006157  154.3583374    0.7408943   -0.9396871   -0.3420352   -0.3420352    0.9396871    4.4073286 3
 154.3583374    0.7408943  150.9821320    3.5738792   -0.6427892   -0.7660431   -0.7660431    0.6427892    4.4073310 3
 150.9821320    3.5738792  146.6417999    4.3391838   -0.1736453   -0.9848083   -0.9848083    0.1736453    4.4072862 3
 146.6417999    4.3391838  142.5002899    2.8318138    0.3420169   -0.9396938   -0.9396938   -0.3420169    4.4072971 3
 142.5002899    2.8318138  139.6673279   -0.5444145    0.7660478   -0.6427836   -0.6427836   -0.7660478    4.4073339 3
 139.6673279   -0.5444145  138.9019928   -4.8847542    0.9848071   -0.1736517   -0.1736517   -0.9848071    4.4072990 3
 140.4393616   -3.2610216 
5 0      Object number and pad.... 
  29.3929996    0.0000000    0.0000000 
1        block type indicator...
1        summary sub block groups....
12        summary sub block rows.....
 138.9019928   -4.8847542  140.4093781   -9.0262642    0.9396927    0.3420199    0.3420199   -0.9396927    4.4073024 3
  140.4093781   -9.0262642  143.7855682  -11.8592339    0.6427889    0.7660434    0.7660434   -0.6427889    4.4073095 3
  143.7855682  -11.8592339  148.1259613  -12.6245995    0.1736564    0.9848063    0.9848063   -0.1736564    4.4073572 3
  148.1259613  -12.6245995  152.2675018  -11.1172066   -0.3420192    0.9396930    0.9396930    0.3420192    4.4073339 3
  152.2675018  -11.1172066  155.1004181   -7.7409630   -0.7660543    0.6427758    0.6427758    0.7660543    4.4073162 3
  155.1004181   -7.7409630  155.8657990   -3.4006157   -0.9848054    0.1736615    0.1736615    0.9848054    4.4073148 3
  155.8657990   -3.4006157  154.3583374    0.7408943   -0.9396871   -0.3420352   -0.3420352    0.9396871    4.4073286 3
  154.3583374    0.7408943  150.9821320    3.5738792   -0.6427892   -0.7660431   -0.7660431    0.6427892    4.4073310 3
  150.9821320    3.5738792  146.6417999    4.3391838   -0.1736453   -0.9848083   -0.9848083    0.1736453    4.4072862 3
  146.6417999    4.3391838  142.5002899    2.8318138    0.3420169   -0.9396938   -0.9396938   -0.3420169    4.4072971 3
  142.5002899    2.8318138  139.6673279   -0.5444145    0.7660478   -0.6427836   -0.6427836   -0.7660478    4.4073339 3
  139.6673279   -0.5444145  138.9019928   -4.8847542    0.9848071   -0.1736517   -0.1736517   -0.9848071    4.4072990 3
  140.4393616   -3.2610216 
   0.5000000 
==========================================
             Old Table block 2
==========================================
# start of variable table  
#        start of variable tables 
#--------------------------------------------------------------
1       Table object count.....
1       Object block groups....
1       sub block groups....
13       sub block rows....
 159.0676270  -53.8812103  160.3562317  -58.0959625    0.9563031    0.2923770    0.2923770   -0.9563031    4.4073391 3
 160.3562317  -58.0959625  163.5795593  -61.1016922    0.6819896    0.7313619    0.7313619   -0.6819896    4.4072952 3
 163.5795593  -61.1016922  167.8739319  -62.0931091    0.2249474    0.9743709    0.9743709   -0.2249474    4.4073281 3
 167.8739319  -62.0931091  172.0886230  -60.8046188   -0.2923571    0.9563092    0.9563092    0.2923571    4.4072475 3
 172.0886230  -60.8046188  175.0944366  -57.5812836   -0.7313532    0.6819990    0.6819990    0.7313532    4.4073582 3
 175.0944366  -57.5812836  176.0858154  -53.2869110   -0.9743728    0.2249392    0.2249392    0.9743728    4.4073195 3
 176.0858154  -53.2869110  174.7972107  -49.0721893   -0.9563025   -0.2923790   -0.2923790    0.9563025    4.4073100 3
 174.7972107  -49.0721893  171.5739594  -46.0663910   -0.6820066   -0.7313460   -0.7313460    0.6820066    4.4072862 3
 171.5739594  -46.0663910  167.2796326  -45.0749512   -0.2249546   -0.9743692   -0.9743692    0.2249546    4.4072890 3
 167.2796326  -45.0749512  167.5768127  -53.5840912    0.9993907    0.0349035    0.0349035   -0.9993907    8.5143280 3
 167.5768127  -53.5840912  163.0648804  -46.3635559   -0.8480459   -0.5299227   -0.5299227    0.8480459    8.5143213 3
 163.0648804  -46.3635559  160.0590820  -49.5868607    0.7313517   -0.6820006   -0.6820006   -0.7313517    4.4073253 3
 160.0590820  -49.5868607  159.0676270  -53.8812103    0.9743688   -0.2249567   -0.2249567   -0.9743688    4.4073148 3
 160.6878510  -52.3401527 
6 0      Object number and pad.... 
  43.3930016    0.0000000    0.0000000 
1        block type indicator...
1        summary sub block groups....
13        summary sub block rows.....
 159.0676270  -53.8812103  160.3562317  -58.0959625    0.9563031    0.2923770    0.2923770   -0.9563031    4.4073391 3
  160.3562317  -58.0959625  163.5795593  -61.1016922    0.6819896    0.7313619    0.7313619   -0.6819896    4.4072952 3
  163.5795593  -61.1016922  167.8739319  -62.0931091    0.2249474    0.9743709    0.9743709   -0.2249474    4.4073281 3
  167.8739319  -62.0931091  172.0886230  -60.8046188   -0.2923571    0.9563092    0.9563092    0.2923571    4.4072475 3
  172.0886230  -60.8046188  175.0944366  -57.5812836   -0.7313532    0.6819990    0.6819990    0.7313532    4.4073582 3
  175.0944366  -57.5812836  176.0858154  -53.2869110   -0.9743728    0.2249392    0.2249392    0.9743728    4.4073195 3
  176.0858154  -53.2869110  174.7972107  -49.0721893   -0.9563025   -0.2923790   -0.2923790    0.9563025    4.4073100 3
  174.7972107  -49.0721893  171.5739594  -46.0663910   -0.6820066   -0.7313460   -0.7313460    0.6820066    4.4072862 3
  171.5739594  -46.0663910  167.2796326  -45.0749512   -0.2249546   -0.9743692   -0.9743692    0.2249546    4.4072890 3
  167.2796326  -45.0749512  167.5768127  -53.5840912    0.9993907    0.0349035    0.0349035   -0.9993907    8.5143280 3
  167.5768127  -53.5840912  163.0648804  -46.3635559   -0.8480459   -0.5299227   -0.5299227    0.8480459    8.5143213 3
  163.0648804  -46.3635559  160.0590820  -49.5868607    0.7313517   -0.6820006   -0.6820006   -0.7313517    4.4073253 3
  160.0590820  -49.5868607  159.0676270  -53.8812103    0.9743688   -0.2249567   -0.2249567   -0.9743688    4.4073148 3
  160.6878510  -52.3401527 
   0.5000000 
==========================================
             Old Table block 3
==========================================
# start of variable table  
#        start of variable tables 
#--------------------------------------------------------------
1       Table object count.....
1       Object block groups....
1       sub block groups....
12       sub block rows....
 133.6876221 -124.3984985  134.9763184 -128.6133118    0.9562985    0.2923922    0.2923922   -0.9562985    4.4074244 3
 134.9763184 -128.6133118  138.1994781 -131.6191101    0.6820170    0.7313364    0.7313364   -0.6820170    4.4072194 3
 138.1994781 -131.6191101  142.4938354 -132.6105042    0.2249432    0.9743719    0.9743719   -0.2249432    4.4073081 3
 142.4938354 -132.6105042  146.7086334 -131.3219299   -0.2923678    0.9563060    0.9563060    0.2923678    4.4073739 3
 146.7086334 -131.3219299  149.7144012 -128.0986481   -0.7313527    0.6819994    0.6819994    0.7313527    4.4072881 3
 149.7144012 -128.0986481  150.7059021 -123.8042603   -0.9743669    0.2249647    0.2249647    0.9743669    4.4073620 3
 150.7059021 -123.8042603  149.4172211 -119.5894852   -0.9562987   -0.2923914   -0.2923914    0.9562987    4.4073834 3
 149.4172211 -119.5894852  146.1939392 -116.5836563   -0.6820068   -0.7313458   -0.7313458    0.6820068    4.4073296 3
 146.1939392 -116.5836563  141.8996124 -115.5923080   -0.2249349   -0.9743738   -0.9743738    0.2249349    4.4072685 3
 141.8996124 -115.5923080  137.6848145 -116.8808975    0.2923710   -0.9563050   -0.9563050   -0.2923710    4.4073787 3
 137.6848145 -116.8808975  134.6791382 -120.1042099    0.7313663   -0.6819848   -0.6819848   -0.7313663    4.4072475 3
 134.6791382 -120.1042099  133.6876221 -124.3984985    0.9743650   -0.2249729   -0.2249729   -0.9743650    4.4072690 3
 135.3078308 -122.8574142 
7 0      Object number and pad.... 
  29.3929996    0.0000000    0.0000000 
1        block type indicator...
1        summary sub block groups....
12        summary sub block rows.....
 133.6876221 -124.3984985  134.9763184 -128.6133118    0.9562985    0.2923922    0.2923922   -0.9562985    4.4074244 3
  134.9763184 -128.6133118  138.1994781 -131.6191101    0.6820170    0.7313364    0.7313364   -0.6820170    4.4072194 3
  138.1994781 -131.6191101  142.4938354 -132.6105042    0.2249432    0.9743719    0.9743719   -0.2249432    4.4073081 3
  142.4938354 -132.6105042  146.7086334 -131.3219299   -0.2923678    0.9563060    0.9563060    0.2923678    4.4073739 3
  146.7086334 -131.3219299  149.7144012 -128.0986481   -0.7313527    0.6819994    0.6819994    0.7313527    4.4072881 3
  149.7144012 -128.0986481  150.7059021 -123.8042603   -0.9743669    0.2249647    0.2249647    0.9743669    4.4073620 3
  150.7059021 -123.8042603  149.4172211 -119.5894852   -0.9562987   -0.2923914   -0.2923914    0.9562987    4.4073834 3
  149.4172211 -119.5894852  146.1939392 -116.5836563   -0.6820068   -0.7313458   -0.7313458    0.6820068    4.4073296 3
  146.1939392 -116.5836563  141.8996124 -115.5923080   -0.2249349   -0.9743738   -0.9743738    0.2249349    4.4072685 3
  141.8996124 -115.5923080  137.6848145 -116.8808975    0.2923710   -0.9563050   -0.9563050   -0.2923710    4.4073787 3
  137.6848145 -116.8808975  134.6791382 -120.1042099    0.7313663   -0.6819848   -0.6819848   -0.7313663    4.4072475 3
  134.6791382 -120.1042099  133.6876221 -124.3984985    0.9743650   -0.2249729   -0.2249729   -0.9743650    4.4072690 3
  135.3078308 -122.8574142 
   0.5000000 
==========================================
             Old Table block 4
==========================================
# start of variable table  
#        start of variable tables 
#--------------------------------------------------------------
1       Table object count.....
1       Object block groups....
1       sub block groups....
12       sub block rows....
  64.8058701 -105.1201859   66.0943451 -109.3349228    0.9563110    0.2923511    0.2923511   -0.9563110    4.4072866 3
  66.0943451 -109.3349228   69.3176651 -112.3406830    0.6819942    0.7313576    0.7313576   -0.6819942    4.4073105 3
  69.3176651 -112.3406830   73.6120453 -113.3321457    0.2249569    0.9743688    0.9743688   -0.2249569    4.4073462 3
  73.6120453 -113.3321457   77.8267975 -112.0435333   -0.2923786    0.9563026    0.9563026    0.2923786    4.4073415 3
  77.8267975 -112.0435333   80.8325882 -108.8201904   -0.7313566    0.6819953    0.6819953    0.7313566    4.4073482 3
  80.8325882 -108.8201904   81.8239899 -104.5258789   -0.9743710    0.2249471    0.2249471    0.9743710    4.4072657 3
  81.8239899 -104.5258789   80.5354385 -100.3110657   -0.9563077   -0.2923621   -0.2923621    0.9563077    4.4073820 3
  80.5354385 -100.3110657   77.3121262  -97.3053894   -0.6819848   -0.7313663   -0.7313663    0.6819848    4.4072475 3
  77.3121262  -97.3053894   73.0177994  -96.3139267   -0.2249595   -0.9743681   -0.9743681    0.2249595    4.4072943 3
  73.0177994  -96.3139267   68.8030396  -97.6025009    0.2923702   -0.9563052   -0.9563052   -0.2923702    4.4073377 3
  68.8030396  -97.6025009   65.7972488 -100.8257751    0.7313493   -0.6820031   -0.6820031   -0.7313493    4.4072981 3
  65.7972488 -100.8257751   64.8058701 -105.1201859    0.9743732   -0.2249373   -0.2249373   -0.9743732    4.4073567 3
  66.4261398 -103.5791702 
8 0      Object number and pad.... 
  29.3929996    0.0000000    0.0000000 
1        block type indicator...
1        summary sub block groups....
12        summary sub block rows.....
  64.8058701 -105.1201859   66.0943451 -109.3349228    0.9563110    0.2923511    0.2923511   -0.9563110    4.4072866 3
   66.0943451 -109.3349228   69.3176651 -112.3406830    0.6819942    0.7313576    0.7313576   -0.6819942    4.4073105 3
   69.3176651 -112.3406830   73.6120453 -113.3321457    0.2249569    0.9743688    0.9743688   -0.2249569    4.4073462 3
   73.6120453 -113.3321457   77.8267975 -112.0435333   -0.2923786    0.9563026    0.9563026    0.2923786    4.4073415 3
   77.8267975 -112.0435333   80.8325882 -108.8201904   -0.7313566    0.6819953    0.6819953    0.7313566    4.4073482 3
   80.8325882 -108.8201904   81.8239899 -104.5258789   -0.9743710    0.2249471    0.2249471    0.9743710    4.4072657 3
   81.8239899 -104.5258789   80.5354385 -100.3110657   -0.9563077   -0.2923621   -0.2923621    0.9563077    4.4073820 3
   80.5354385 -100.3110657   77.3121262  -97.3053894   -0.6819848   -0.7313663   -0.7313663    0.6819848    4.4072475 3
   77.3121262  -97.3053894   73.0177994  -96.3139267   -0.2249595   -0.9743681   -0.9743681    0.2249595    4.4072943 3
   73.0177994  -96.3139267   68.8030396  -97.6025009    0.2923702   -0.9563052   -0.9563052   -0.2923702    4.4073377 3
   68.8030396  -97.6025009   65.7972488 -100.8257751    0.7313493   -0.6820031   -0.6820031   -0.7313493    4.4072981 3
   65.7972488 -100.8257751   64.8058701 -105.1201859    0.9743732   -0.2249373   -0.2249373   -0.9743732    4.4073567 3
   66.4261398 -103.5791702 
   0.5000000 
==========================================
             Old Table block 5
==========================================
# start of variable table  
#        start of variable tables 
#--------------------------------------------------------------
1       Table object count.....
1       Object block groups....
1       sub block groups....
12       sub block rows....
  37.0963135  -90.2478790   38.2370071  -94.5050125    0.9659259    0.2588187    0.2588187   -0.9659259    4.4073086 3
  38.2370071  -94.5050125   41.3534546  -97.6214600    0.7071068    0.7071068    0.7071068   -0.7071068    4.4073224 3
  41.3534546  -97.6214600   45.6105843  -98.7621536    0.2588189    0.9659259    0.9659259   -0.2588189    4.4073048 3
  45.6105843  -98.7621536   49.8677177  -97.6214600   -0.2588187    0.9659259    0.9659259    0.2588187    4.4073086 3
  49.8677177  -97.6214600   52.9841690  -94.5050125   -0.7071064    0.7071072    0.7071072    0.7071064    4.4073248 3
  52.9841690  -94.5050125   54.1248665  -90.2478790   -0.9659257    0.2588195    0.2588195    0.9659257    4.4073095 3
  54.1248665  -90.2478790   52.9841690  -85.9907379   -0.9659258   -0.2588190   -0.2588190    0.9659258    4.4073167 3
  52.9841690  -85.9907379   49.8677177  -82.8742905   -0.7071064   -0.7071072   -0.7071072    0.7071064    4.4073248 3
  49.8677177  -82.8742905   45.6105843  -81.7335892   -0.2588203   -0.9659255   -0.9659255    0.2588203    4.4073105 3
  45.6105843  -81.7335892   41.3534546  -82.8742905    0.2588205   -0.9659255   -0.9659255   -0.2588205    4.4073067 3
  41.3534546  -82.8742905   38.2370071  -85.9907379    0.7071068   -0.7071068   -0.7071068   -0.7071068    4.4073224 3
  38.2370071  -85.9907379   37.0963135  -90.2478790    0.9659261   -0.2588182   -0.2588182   -0.9659261    4.4073157 3
  38.7693481  -88.7643127 
9 0      Object number and pad.... 
  43.3930016    0.0000000    0.0000000 
1        block type indicator...
1        summary sub block groups....
12        summary sub block rows.....
  37.0963135  -90.2478790   38.2370071  -94.5050125    0.9659259    0.2588187    0.2588187   -0.9659259    4.4073086 3
   38.2370071  -94.5050125   41.3534546  -97.6214600    0.7071068    0.7071068    0.7071068   -0.7071068    4.4073224 3
   41.3534546  -97.6214600   45.6105843  -98.7621536    0.2588189    0.9659259    0.9659259   -0.2588189    4.4073048 3
   45.6105843  -98.7621536   49.8677177  -97.6214600   -0.2588187    0.9659259    0.9659259    0.2588187    4.4073086 3
   49.8677177  -97.6214600   52.9841690  -94.5050125   -0.7071064    0.7071072    0.7071072    0.7071064    4.4073248 3
   52.9841690  -94.5050125   54.1248665  -90.2478790   -0.9659257    0.2588195    0.2588195    0.9659257    4.4073095 3
   54.1248665  -90.2478790   52.9841690  -85.9907379   -0.9659258   -0.2588190   -0.2588190    0.9659258    4.4073167 3
   52.9841690  -85.9907379   49.8677177  -82.8742905   -0.7071064   -0.7071072   -0.7071072    0.7071064    4.4073248 3
   49.8677177  -82.8742905   45.6105843  -81.7335892   -0.2588203   -0.9659255   -0.9659255    0.2588203    4.4073105 3
   45.6105843  -81.7335892   41.3534546  -82.8742905    0.2588205   -0.9659255   -0.9659255   -0.2588205    4.4073067 3
   41.3534546  -82.8742905   38.2370071  -85.9907379    0.7071068   -0.7071068   -0.7071068   -0.7071068    4.4073224 3
   38.2370071  -85.9907379   37.0963135  -90.2478790    0.9659261   -0.2588182   -0.2588182   -0.9659261    4.4073157 3
   38.7693481  -88.7643127 
   0.5000000 
==========================================
             Old Table block 6
==========================================
# start of variable table  
#        start of variable tables 
#--------------------------------------------------------------
1       Table object count.....
1       Object block groups....
1       sub block groups....
12       sub block rows....
  -9.1592484 -102.6256485   -8.0185471 -106.8827896    0.9659256    0.2588198    0.2588198   -0.9659256    4.4073176 3
  -8.0185471 -106.8827896   -4.9021034 -109.9992371    0.7071072    0.7071064    0.7071064   -0.7071072    4.4073195 3
  -4.9021034 -109.9992371   -0.6449661 -111.1399307    0.2588184    0.9659260    0.9659260   -0.2588184    4.4073119 3
  -0.6449661 -111.1399307    3.6121712 -109.9992371   -0.2588184    0.9659260    0.9659260    0.2588184    4.4073119 3
   3.6121712 -109.9992371    6.7286186 -106.8827896   -0.7071068    0.7071068    0.7071068    0.7071068    4.4073224 3
   6.7286186 -106.8827896    7.8693161 -102.6256485   -0.9659258    0.2588190    0.2588190    0.9659258    4.4073167 3
   7.8693161 -102.6256485    6.7286186  -98.3685074   -0.9659258   -0.2588190   -0.2588190    0.9659258    4.4073167 3
   6.7286186  -98.3685074    3.6121712  -95.2520676   -0.7071059   -0.7071077   -0.7071077    0.7071059    4.4073167 3
   3.6121712  -95.2520676   -0.6449661  -94.1113739   -0.2588184   -0.9659260   -0.9659260    0.2588184    4.4073119 3
  -0.6449661  -94.1113739   -4.9021034  -95.2520676    0.2588184   -0.9659260   -0.9659260   -0.2588184    4.4073119 3
  -4.9021034  -95.2520676   -8.0185471  -98.3685074    0.7071064   -0.7071072   -0.7071072   -0.7071064    4.4073143 3
  -8.0185471  -98.3685074   -9.1592484 -102.6256485    0.9659256   -0.2588198   -0.2588198   -0.9659256    4.4073176 3
  -7.4862170 -101.1420822 
10 0      Object number and pad.... 
  39.2260017    0.0000000    0.0000000 
1        block type indicator...
1        summary sub block groups....
12        summary sub block rows.....
  -9.1592484 -102.6256485   -8.0185471 -106.8827896    0.9659256    0.2588198    0.2588198   -0.9659256    4.4073176 3
   -8.0185471 -106.8827896   -4.9021034 -109.9992371    0.7071072    0.7071064    0.7071064   -0.7071072    4.4073195 3
   -4.9021034 -109.9992371   -0.6449661 -111.1399307    0.2588184    0.9659260    0.9659260   -0.2588184    4.4073119 3
   -0.6449661 -111.1399307    3.6121712 -109.9992371   -0.2588184    0.9659260    0.9659260    0.2588184    4.4073119 3
    3.6121712 -109.9992371    6.7286186 -106.8827896   -0.7071068    0.7071068    0.7071068    0.7071068    4.4073224 3
    6.7286186 -106.8827896    7.8693161 -102.6256485   -0.9659258    0.2588190    0.2588190    0.9659258    4.4073167 3
    7.8693161 -102.6256485    6.7286186  -98.3685074   -0.9659258   -0.2588190   -0.2588190    0.9659258    4.4073167 3
    6.7286186  -98.3685074    3.6121712  -95.2520676   -0.7071059   -0.7071077   -0.7071077    0.7071059    4.4073167 3
    3.6121712  -95.2520676   -0.6449661  -94.1113739   -0.2588184   -0.9659260   -0.9659260    0.2588184    4.4073119 3
   -0.6449661  -94.1113739   -4.9021034  -95.2520676    0.2588184   -0.9659260   -0.9659260   -0.2588184    4.4073119 3
   -4.9021034  -95.2520676   -8.0185471  -98.3685074    0.7071064   -0.7071072   -0.7071072   -0.7071064    4.4073143 3
   -8.0185471  -98.3685074   -9.1592484 -102.6256485    0.9659256   -0.2588198   -0.2588198   -0.9659256    4.4073176 3
   -7.4862170 -101.1420822 
   0.5000000 
==========================================
             Old Table block 7
==========================================
# start of variable table  
#        start of variable tables 
#--------------------------------------------------------------
1       Table object count.....
1       Object block groups....
1       sub block groups....
12       sub block rows....
 -53.8204651 -116.6750793  -53.0551834 -121.0154266    0.9848093    0.1736397    0.1736397   -0.9848093    4.4072976 3
 -53.0551834 -121.0154266  -50.2222366 -124.3915710    0.7660416    0.6427910    0.6427910   -0.7660416    4.4072599 3
 -50.2222366 -124.3915710  -46.0807037 -125.8990021    0.3420274    0.9396900    0.9396900   -0.3420274    4.4073396 3
 -46.0807037 -125.8990021  -41.7403564 -125.1336975   -0.1736447    0.9848084    0.9848084    0.1736447    4.4073014 3
 -41.7403564 -125.1336975  -38.3640671 -122.3007965   -0.6427687    0.7660604    0.7660604    0.6427687    4.4073415 3
 -38.3640671 -122.3007965  -36.8567276 -118.1592255   -0.9396977    0.3420063    0.3420063    0.9396977    4.4073443 3
 -36.8567276 -118.1592255  -37.6220932 -113.8188019   -0.9848065   -0.1736552   -0.1736552    0.9848065    4.4073873 3
 -37.6220932 -113.8188019  -40.4550171 -110.4425964   -0.7660499   -0.6427811   -0.6427811    0.7660499    4.4072919 3
 -40.4550171 -110.4425964  -44.5965881 -108.9352417   -0.3420094   -0.9396966   -0.9396966    0.3420094    4.4073496 3
 -44.5965881 -108.9352417  -48.9368973 -109.7005234    0.1736411   -0.9848090   -0.9848090   -0.1736411    4.4072599 3
 -48.9368973 -109.7005234  -52.3131256 -112.5335541    0.6427928   -0.7660401   -0.7660401   -0.6427928    4.4073782 3
 -52.3131256 -112.5335541  -53.8204651 -116.6750793    0.9396964   -0.3420096   -0.3420096   -0.9396964    4.4073014 3
 -52.0244865 -115.3429871 
11 0      Object number and pad.... 
  39.2260017    0.0000000    0.0000000 
1        block type indicator...
1        summary sub block groups....
12        summary sub block rows.....
 -53.8204651 -116.6750793  -53.0551834 -121.0154266    0.9848093    0.1736397    0.1736397   -0.9848093    4.4072976 3
  -53.0551834 -121.0154266  -50.2222366 -124.3915710    0.7660416    0.6427910    0.6427910   -0.7660416    4.4072599 3
  -50.2222366 -124.3915710  -46.0807037 -125.8990021    0.3420274    0.9396900    0.9396900   -0.3420274    4.4073396 3
  -46.0807037 -125.8990021  -41.7403564 -125.1336975   -0.1736447    0.9848084    0.9848084    0.1736447    4.4073014 3
  -41.7403564 -125.1336975  -38.3640671 -122.3007965   -0.6427687    0.7660604    0.7660604    0.6427687    4.4073415 3
  -38.3640671 -122.3007965  -36.8567276 -118.1592255   -0.9396977    0.3420063    0.3420063    0.9396977    4.4073443 3
  -36.8567276 -118.1592255  -37.6220932 -113.8188019   -0.9848065   -0.1736552   -0.1736552    0.9848065    4.4073873 3
  -37.6220932 -113.8188019  -40.4550171 -110.4425964   -0.7660499   -0.6427811   -0.6427811    0.7660499    4.4072919 3
  -40.4550171 -110.4425964  -44.5965881 -108.9352417   -0.3420094   -0.9396966   -0.9396966    0.3420094    4.4073496 3
  -44.5965881 -108.9352417  -48.9368973 -109.7005234    0.1736411   -0.9848090   -0.9848090   -0.1736411    4.4072599 3
  -48.9368973 -109.7005234  -52.3131256 -112.5335541    0.6427928   -0.7660401   -0.7660401   -0.6427928    4.4073782 3
  -52.3131256 -112.5335541  -53.8204651 -116.6750793    0.9396964   -0.3420096   -0.3420096   -0.9396964    4.4073014 3
  -52.0244865 -115.3429871 
   0.5000000 
==========================================
             Old Table block 8
==========================================
# start of variable table  
#        start of variable tables 
#--------------------------------------------------------------
1       Table object count.....
1       Object block groups....
1       sub block groups....
12       sub block rows....
 -53.8204651 -116.6750793  -53.0551834 -121.0154266    0.9848093    0.1736397    0.1736397   -0.9848093    4.4072976 3
 -53.0551834 -121.0154266  -50.2222366 -124.3915710    0.7660416    0.6427910    0.6427910   -0.7660416    4.4072599 3
 -50.2222366 -124.3915710  -46.0807037 -125.8990021    0.3420274    0.9396900    0.9396900   -0.3420274    4.4073396 3
 -46.0807037 -125.8990021  -41.7403564 -125.1336975   -0.1736447    0.9848084    0.9848084    0.1736447    4.4073014 3
 -41.7403564 -125.1336975  -38.3640671 -122.3007965   -0.6427687    0.7660604    0.7660604    0.6427687    4.4073415 3
 -38.3640671 -122.3007965  -36.8567276 -118.1592255   -0.9396977    0.3420063    0.3420063    0.9396977    4.4073443 3
 -36.8567276 -118.1592255  -37.6220932 -113.8188019   -0.9848065   -0.1736552   -0.1736552    0.9848065    4.4073873 3
 -37.6220932 -113.8188019  -40.4550171 -110.4425964   -0.7660499   -0.6427811   -0.6427811    0.7660499    4.4072919 3
 -40.4550171 -110.4425964  -44.5965881 -108.9352417   -0.3420094   -0.9396966   -0.9396966    0.3420094    4.4073496 3
 -44.5965881 -108.9352417  -48.9368973 -109.7005234    0.1736411   -0.9848090   -0.9848090   -0.1736411    4.4072599 3
 -48.9368973 -109.7005234  -52.3131256 -112.5335541    0.6427928   -0.7660401   -0.7660401   -0.6427928    4.4073782 3
 -52.3131256 -112.5335541  -53.8204651 -116.6750793    0.9396964   -0.3420096   -0.3420096   -0.9396964    4.4073014 3
 -52.0244865 -115.3429871 
11 0      Object number and pad.... 
  39.2260017    0.0000000    0.0000000 
1        block type indicator...
1        summary sub block groups....
12        summary sub block rows.....
 -53.8204651 -116.6750793  -53.0551834 -121.0154266    0.9848093    0.1736397    0.1736397   -0.9848093    4.4072976 3
  -53.0551834 -121.0154266  -50.2222366 -124.3915710    0.7660416    0.6427910    0.6427910   -0.7660416    4.4072599 3
  -50.2222366 -124.3915710  -46.0807037 -125.8990021    0.3420274    0.9396900    0.9396900   -0.3420274    4.4073396 3
  -46.0807037 -125.8990021  -41.7403564 -125.1336975   -0.1736447    0.9848084    0.9848084    0.1736447    4.4073014 3
  -41.7403564 -125.1336975  -38.3640671 -122.3007965   -0.6427687    0.7660604    0.7660604    0.6427687    4.4073415 3
  -38.3640671 -122.3007965  -36.8567276 -118.1592255   -0.9396977    0.3420063    0.3420063    0.9396977    4.4073443 3
  -36.8567276 -118.1592255  -37.6220932 -113.8188019   -0.9848065   -0.1736552   -0.1736552    0.9848065    4.4073873 3
  -37.6220932 -113.8188019  -40.4550171 -110.4425964   -0.7660499   -0.6427811   -0.6427811    0.7660499    4.4072919 3
  -40.4550171 -110.4425964  -44.5965881 -108.9352417   -0.3420094   -0.9396966   -0.9396966    0.3420094    4.4073496 3
  -44.5965881 -108.9352417  -48.9368973 -109.7005234    0.1736411   -0.9848090   -0.9848090   -0.1736411    4.4072599 3
  -48.9368973 -109.7005234  -52.3131256 -112.5335541    0.6427928   -0.7660401   -0.7660401   -0.6427928    4.4073782 3
  -52.3131256 -112.5335541  -53.8204651 -116.6750793    0.9396964   -0.3420096   -0.3420096   -0.9396964    4.4073014 3
  -52.0244865 -115.3429871 
   0.5000000 
==========================================
             Old Table block 9
==========================================
# start of variable table  
#        start of variable tables 
#--------------------------------------------------------------
1       Table object count.....
1       Object block groups....
1       sub block groups....
13       sub block rows....
 -66.2103348  -54.0844879  -65.2940216  -58.3954926    0.9781485    0.2079075    0.2079075   -0.9781485    4.4073110 3
 -65.2940216  -58.3954926  -62.3449440  -61.6707611    0.7431434    0.6691322    0.6691322   -0.7431434    4.4073172 3
 -62.3449440  -61.6707611  -57.7077370  -54.5300751   -0.8386710    0.5446383    0.5446383    0.8386710    8.5142870 3
 -57.7077370  -54.5300751  -58.1532516  -63.0326920    0.9986301   -0.0523256   -0.0523256   -0.9986301    8.5142803 3
 -58.1532516  -63.0326920  -53.8422966  -62.1163483   -0.2079165    0.9781466    0.9781466    0.2079165    4.4072690 3
 -53.8422966  -62.1163483  -50.5670128  -59.1673279   -0.6691233    0.7431514    0.7431514    0.6691233    4.4072900 3
 -50.5670128  -59.1673279  -49.2050705  -54.9756470   -0.9510577    0.3090134    0.3090134    0.9510577    4.4073887 3
 -49.2050705  -54.9756470  -50.1214142  -50.6646347   -0.9781471   -0.2079138   -0.2079138    0.9781471    4.4073248 3
 -50.1214142  -50.6646347  -53.0704956  -47.3893967   -0.7431399   -0.6691361   -0.6691361    0.7431399    4.4072967 3
 -53.0704956  -47.3893967  -57.2621002  -46.0274734   -0.3090146   -0.9510573   -0.9510573    0.3090146    4.4073105 3
 -57.2621002  -46.0274734  -61.5730820  -46.9437866    0.2079086   -0.9781483   -0.9781483   -0.2079086    4.4072886 3
 -61.5730820  -46.9437866  -64.8483505  -49.8928757    0.6691336   -0.7431421   -0.7431421   -0.6691336    4.4073248 3
 -64.8483505  -49.8928757  -66.2103348  -54.0844879    0.9510534   -0.3090266   -0.3090266   -0.9510534    4.4073362 3
 -64.4619446  -52.6905251 
12 0      Object number and pad.... 
  43.3930016    0.0000000    0.0000000 
1        block type indicator...
1        summary sub block groups....
13        summary sub block rows.....
 -66.2103348  -54.0844879  -65.2940216  -58.3954926    0.9781485    0.2079075    0.2079075   -0.9781485    4.4073110 3
  -65.2940216  -58.3954926  -62.3449440  -61.6707611    0.7431434    0.6691322    0.6691322   -0.7431434    4.4073172 3
  -62.3449440  -61.6707611  -57.7077370  -54.5300751   -0.8386710    0.5446383    0.5446383    0.8386710    8.5142870 3
  -57.7077370  -54.5300751  -58.1532516  -63.0326920    0.9986301   -0.0523256   -0.0523256   -0.9986301    8.5142803 3
  -58.1532516  -63.0326920  -53.8422966  -62.1163483   -0.2079165    0.9781466    0.9781466    0.2079165    4.4072690 3
  -53.8422966  -62.1163483  -50.5670128  -59.1673279   -0.6691233    0.7431514    0.7431514    0.6691233    4.4072900 3
  -50.5670128  -59.1673279  -49.2050705  -54.9756470   -0.9510577    0.3090134    0.3090134    0.9510577    4.4073887 3
  -49.2050705  -54.9756470  -50.1214142  -50.6646347   -0.9781471   -0.2079138   -0.2079138    0.9781471    4.4073248 3
  -50.1214142  -50.6646347  -53.0704956  -47.3893967   -0.7431399   -0.6691361   -0.6691361    0.7431399    4.4072967 3
  -53.0704956  -47.3893967  -57.2621002  -46.0274734   -0.3090146   -0.9510573   -0.9510573    0.3090146    4.4073105 3
  -57.2621002  -46.0274734  -61.5730820  -46.9437866    0.2079086   -0.9781483   -0.9781483   -0.2079086    4.4072886 3
  -61.5730820  -46.9437866  -64.8483505  -49.8928757    0.6691336   -0.7431421   -0.7431421   -0.6691336    4.4073248 3
  -64.8483505  -49.8928757  -66.2103348  -54.0844879    0.9510534   -0.3090266   -0.3090266   -0.9510534    4.4073362 3
  -64.4619446  -52.6905251 
   0.5000000 
==========================================
             Old Table block 10
==========================================
# start of variable table  
#        start of variable tables 
#--------------------------------------------------------------
1       Table object count.....
1       Object block groups....
1       sub block groups....
12       sub block rows....
  -8.3466187  -12.5064240   -7.1318245  -16.7430229    0.9612635    0.2756309    0.2756309   -0.9612635    4.4073229 3
  -7.1318245  -16.7430229   -3.9614716  -19.8045883    0.6946573    0.7193408    0.7193408   -0.6946573    4.4073029 3
  -3.9614716  -19.8045883    0.3149452  -20.8708344    0.2419252    0.9702949    0.9702949   -0.2419252    4.4073372 3
   0.3149452  -20.8708344    4.5515175  -19.6559944   -0.2756420    0.9612604    0.9612604    0.2756420    4.4073100 3
   4.5515175  -19.6559944    7.6131248  -16.4856358   -0.7193367    0.6946616    0.6946616    0.7193367    4.4073362 3
   7.6131248  -16.4856358    8.6793175  -12.2092457   -0.9702974    0.2419152    0.2419152    0.9702974    4.4072986 3
   8.6793175  -12.2092457    7.4645081   -7.9726419   -0.9612627   -0.2756338   -0.2756338    0.9612627    4.4073319 3
   7.4645081   -7.9726419    4.2941360   -4.9110804   -0.6946547   -0.7193433   -0.7193433    0.6946547    4.4073143 3
   4.2941360   -4.9110804    0.0177345   -3.8448467   -0.2419234   -0.9702954   -0.9702954    0.2419234    4.4073195 3
   0.0177345   -3.8448467   -4.2188416   -5.0596695    0.2756382   -0.9612615   -0.9612615   -0.2756382    4.4073091 3
  -4.2188416   -5.0596695   -7.2804108   -8.2300291    0.7193411   -0.6946570   -0.6946570   -0.7193411    4.4073105 3
  -7.2804108   -8.2300291   -8.3466187  -12.5064240    0.9702966   -0.2419182   -0.2419182   -0.9702966    4.4073067 3
  -6.6997223  -10.9938984 
13 0      Object number and pad.... 
  43.3930016    0.0000000    0.0000000 
1        block type indicator...
1        summary sub block groups....
12        summary sub block rows.....
  -8.3466187  -12.5064240   -7.1318245  -16.7430229    0.9612635    0.2756309    0.2756309   -0.9612635    4.4073229 3
   -7.1318245  -16.7430229   -3.9614716  -19.8045883    0.6946573    0.7193408    0.7193408   -0.6946573    4.4073029 3
   -3.9614716  -19.8045883    0.3149452  -20.8708344    0.2419252    0.9702949    0.9702949   -0.2419252    4.4073372 3
    0.3149452  -20.8708344    4.5515175  -19.6559944   -0.2756420    0.9612604    0.9612604    0.2756420    4.4073100 3
    4.5515175  -19.6559944    7.6131248  -16.4856358   -0.7193367    0.6946616    0.6946616    0.7193367    4.4073362 3
    7.6131248  -16.4856358    8.6793175  -12.2092457   -0.9702974    0.2419152    0.2419152    0.9702974    4.4072986 3
    8.6793175  -12.2092457    7.4645081   -7.9726419   -0.9612627   -0.2756338   -0.2756338    0.9612627    4.4073319 3
    7.4645081   -7.9726419    4.2941360   -4.9110804   -0.6946547   -0.7193433   -0.7193433    0.6946547    4.4073143 3
    4.2941360   -4.9110804    0.0177345   -3.8448467   -0.2419234   -0.9702954   -0.9702954    0.2419234    4.4073195 3
    0.0177345   -3.8448467   -4.2188416   -5.0596695    0.2756382   -0.9612615   -0.9612615   -0.2756382    4.4073091 3
   -4.2188416   -5.0596695   -7.2804108   -8.2300291    0.7193411   -0.6946570   -0.6946570   -0.7193411    4.4073105 3
   -7.2804108   -8.2300291   -8.3466187  -12.5064240    0.9702966   -0.2419182   -0.2419182   -0.9702966    4.4073067 3
   -6.6997223  -10.9938984 
   0.5000000 
==========================================
             Old Table block 11
==========================================
# start of variable table  
#        start of variable tables 
#--------------------------------------------------------------
1       Table object count.....
1       Object block groups....
1       sub block groups....
13       sub block rows....
  62.8689194  -28.7316856   64.3763123  -32.8732071    0.9396924    0.3420206    0.3420206   -0.9396924    4.4073157 3
  64.3763123  -32.8732071   67.7525101  -35.7061996    0.6427911    0.7660415    0.7660415   -0.6427911    4.4073300 3
  67.7525101  -35.7061996   72.0928650  -36.4715118    0.1736461    0.9848081    0.9848081   -0.1736461    4.4073100 3
  72.0928650  -36.4715118   76.2343979  -34.9641342   -0.3420167    0.9396939    0.9396939    0.3420167    4.4073215 3
  76.2343979  -34.9641342   79.0673523  -31.5879040   -0.7660488    0.6427824    0.6427824    0.7660488    4.4073305 3
  79.0673523  -31.5879040   79.8326874  -27.2475433   -0.9848073    0.1736509    0.1736509    0.9848073    4.4073200 3
  79.8326874  -27.2475433   78.3252792  -23.1060371   -0.9396909   -0.3420248   -0.3420248    0.9396909    4.4073067 3
  78.3252792  -23.1060371   74.9490662  -20.2730560   -0.6427879   -0.7660442   -0.7660442    0.6427879    4.4073343 3
  74.9490662  -20.2730560   70.6087189  -19.5077515   -0.1736447   -0.9848084   -0.9848084    0.1736447    4.4073014 3
  70.6087189  -19.5077515   66.4671936  -21.0151405    0.3420196   -0.9396929   -0.9396929   -0.3420196    4.4073181 3
  66.4671936  -21.0151405   63.6342316  -24.3913383    0.7660449   -0.6427870   -0.6427870   -0.7660449    4.4073105 3
  63.6342316  -24.3913383   71.3507843  -27.9896049    0.4226162    0.9063087    0.9063087   -0.4226162    8.5142651 3
  71.3507843  -27.9896049   62.8689194  -28.7316856    0.0871573   -0.9961945   -0.9961945   -0.0871573    8.5142651 3
  64.4926529  -30.2690506 
4 0      Object number and pad.... 
  43.3930016    0.0000000    0.0000000 
1        block type indicator...
1        summary sub block groups....
13        summary sub block rows.....
  62.8689194  -28.7316856   64.3763123  -32.8732071    0.9396924    0.3420206    0.3420206   -0.9396924    4.4073157 3
   64.3763123  -32.8732071   67.7525101  -35.7061996    0.6427911    0.7660415    0.7660415   -0.6427911    4.4073300 3
   67.7525101  -35.7061996   72.0928650  -36.4715118    0.1736461    0.9848081    0.9848081   -0.1736461    4.4073100 3
   72.0928650  -36.4715118   76.2343979  -34.9641342   -0.3420167    0.9396939    0.9396939    0.3420167    4.4073215 3
   76.2343979  -34.9641342   79.0673523  -31.5879040   -0.7660488    0.6427824    0.6427824    0.7660488    4.4073305 3
   79.0673523  -31.5879040   79.8326874  -27.2475433   -0.9848073    0.1736509    0.1736509    0.9848073    4.4073200 3
   79.8326874  -27.2475433   78.3252792  -23.1060371   -0.9396909   -0.3420248   -0.3420248    0.9396909    4.4073067 3
   78.3252792  -23.1060371   74.9490662  -20.2730560   -0.6427879   -0.7660442   -0.7660442    0.6427879    4.4073343 3
   74.9490662  -20.2730560   70.6087189  -19.5077515   -0.1736447   -0.9848084   -0.9848084    0.1736447    4.4073014 3
   70.6087189  -19.5077515   66.4671936  -21.0151405    0.3420196   -0.9396929   -0.9396929   -0.3420196    4.4073181 3
   66.4671936  -21.0151405   63.6342316  -24.3913383    0.7660449   -0.6427870   -0.6427870   -0.7660449    4.4073105 3
   63.6342316  -24.3913383   71.3507843  -27.9896049    0.4226162    0.9063087    0.9063087   -0.4226162    8.5142651 3
   71.3507843  -27.9896049   62.8689194  -28.7316856    0.0871573   -0.9961945   -0.9961945   -0.0871573    8.5142651 3
   64.4926529  -30.2690506 
   0.5000000 


#-------------------------------------------------------- 
#               **** New Table 2  ***** 
#--------------------------------------------------------
 

    0     4    -4   111     0    -4    -1     0     0     0     0    -1    -1    -1    -1    -1    -1     0
    1     4    -4   111     0    -4    -1     0     0     0     0    -1    -1    -1    -1    -1    -1     1
    1     4    -4   111     0    -4    -1     0     0     0     0    -1    -1    -1    -1    -1    -1     2
    1     4    -4   111     0    -4    -1     0     0     0     0    -1    -1    -1    -1    -1    -1     3
    1     4    -4   111     0    -4    -1     0     0     0     0    11     0    -1    -1    -1    -1     4
    1     4    -4   111     0    -4    -1     0     0     0     0     0     0     1     0    -1    -1     5
    1     4    -4   111     0    -4    -1     0     0     0     0     2     0    -1    -1    -1    -1     6
    1     4    -4   111     0    -4    -1     0     0     0     0     3     0    -1    -1    -1    -1     7
    1     4    -4   111     0    -4    -1     0     0     0     0     4     0    -1    -1    -1    -1     8
    1     4    -4   111     0    -4    -1     0     0     0     0     5     0    -1    -1    -1    -1     9
    1     4    -4   111     0    -4    -1     0     0     0     0     6     0    -1    -1    -1    -1    10
    1     4    -4   111     0    -4    -1     0     0     0     0     7     0     8     0    -1    -1    11
    1     4    -4   111     0    -4    -1     0     0     0     0     9     0    -1    -1    -1    -1    12
    1     4    -4   111     0    -4    -1     0     0     0     0    10     0    -1    -1    -1    -1    13
    1     4    -4   111     0    -4    -1     0     0     0     0    -1    -1    -1    -1    -1    -1    14
    1     4    -4   111     0    -4    -1     0     0     0     0    -1    -1    -1    -1    -1    -1    15
    1     4    -4   111     0    -4    -1     0     0     0     0    -1    -1    -1    -1    -1    -1    16
    1     4    -4   111     0    -4    -1     0     0     0     0    -1    -1    -1    -1    -1    -1    17
    1     4    -4   111     0    -4    -1     0     0     0     0    -1    -1    -1    -1    -1    -1    18
    1     4    -4   111     0    -4    -1     0     0     0     0    -1    -1    -1    -1    -1    -1    19
    1     4    -4   111     0    -4    -1     0     0     0     0    -1    -1    -1    -1    -1    -1    20
    1     4    -4   111     0    -4    -1     0     0     0     0    -1    -1    -1    -1    -1    -1    21
    1     4    -4   111     0    -4    -1     0     0     0     0    -1    -1    -1    -1    -1    -1    22
    1     4    -4   111     0    -4    -1     0     0     0     0    -1    -1    -1    -1    -1    -1    23
    1     4    -4   111     0    -4    -1     0     0     0     0    -1    -1    -1    -1    -1    -1    24
    1     4    -4   111     0    -4    -1     0     0     0     0    -1    -1    -1    -1    -1    -1    25
    1     4    -4   111     0    -4    -1     0     0     0     0    -1    -1    -1    -1    -1    -1    26
    1     4    -4   111     0    -4    -1     0     0     0     0    -1    -1    -1    -1    -1    -1    27
    1     4    -4   111     0    -4    -1     0     0     0     0    -1    -1    -1    -1    -1    -1    28
    1     4    -4   111     0    -4    -1     0     0     0     0    -1    -1    -1    -1    -1    -1    29
    1     4    -4   111     0    -4    -1     0     0     0     0    -1    -1    -1    -1    -1    -1    30
    1     4    -4   111     0    -4    -1     0     0     0     0    -1    -1    -1    -1    -1    -1    31
    1     4    -4   111     0    -4    -1     0     0     0     0    -1    -1    -1    -1    -1    -1    32



#-------------------------------------------------------- 
#               **** New Table 2  ***** 
#--------------------------------------------------------
 

    0     4    -4   111     0    -4    -1     0     0     0     0    -1    -1    -1    -1    -1    -1     0
    1     4    -4   111     0    -4    -1     0     0     0     0    -1    -1    -1    -1    -1    -1     1
    1     4    -4   111     0    -4    -1     0     0     0     0    -1    -1    -1    -1    -1    -1     2
    1     4    -4   111     0    -4    -1     0     0     0     0    -1    -1    -1    -1    -1    -1     3
    1     4    -4   111     0    -4    -1     0     0     0     0    11     0    -1    -1    -1    -1     4
    1     4    -4   111     0    -4    -1     0     0     0     0     0     0     1     0    -1    -1     5
    1     4    -4   111     0    -4    -1     0     0     0     0     2     0    -1    -1    -1    -1     6
    1     4    -4   111     0    -4    -1     0     0     0     0     3     0    -1    -1    -1    -1     7
    1     4    -4   111     0    -4    -1     0     0     0     0     4     0    -1    -1    -1    -1     8
    1     4    -4   111     0    -4    -1     0     0     0     0     5     0    -1    -1    -1    -1     9
    1     4    -4   111     0    -4    -1     0     0     0     0     6     0    -1    -1    -1    -1    10
    1     4    -4   111     0    -4    -1     0     0     0     0     7     0     8     0    -1    -1    11
    1     4    -4   111     0    -4    -1     0     0     0     0     9     0    -1    -1    -1    -1    12
    1     4    -4   111     0    -4    -1     0     0     0     0    10     0    -1    -1    -1    -1    13
    1     4    -4   111     0    -4    -1     0     0     0     0    -1    -1    -1    -1    -1    -1    14
    1     4    -4   111     0    -4    -1     0     0     0     0    -1    -1    -1    -1    -1    -1    15
    1     4    -4   111     0    -4    -1     0     0     0     0    -1    -1    -1    -1    -1    -1    16
    1     4    -4   111     0    -4    -1     0     0     0     0    -1    -1    -1    -1    -1    -1    17
    1     4    -4   111     0    -4    -1     0     0     0     0    -1    -1    -1    -1    -1    -1    18
    1     4    -4   111     0    -4    -1     0     0     0     0    -1    -1    -1    -1    -1    -1    19
    1     4    -4   111     0    -4    -1     0     0     0     0    -1    -1    -1    -1    -1    -1    20
    1     4    -4   111     0    -4    -1     0     0     0     0    -1    -1    -1    -1    -1    -1    21
    1     4    -4   111     0    -4    -1     0     0     0     0    -1    -1    -1    -1    -1    -1    22
    1     4    -4   111     0    -4    -1     0     0     0     0    -1    -1    -1    -1    -1    -1    23
    1     4    -4   111     0    -4    -1     0     0     0     0    -1    -1    -1    -1    -1    -1    24
    1     4    -4   111     0    -4    -1     0     0     0     0    -1    -1    -1    -1    -1    -1    25
    1     4    -4   111     0    -4    -1     0     0     0     0    -1    -1    -1    -1    -1    -1    26
    1     4    -4   111     0    -4    -1     0     0     0     0    -1    -1    -1    -1    -1    -1    27
    1     4    -4   111     0    -4    -1     0     0     0     0    -1    -1    -1    -1    -1    -1    28
    1     4    -4   111     0    -4    -1     0     0     0     0    -1    -1    -1    -1    -1    -1    29
    1     4    -4   111     0    -4    -1     0     0     0     0    -1    -1    -1    -1    -1    -1    30
    1     4    -4   111     0    -4    -1     0     0     0     0    -1    -1    -1    -1    -1    -1    31
    1     4    -4   111     0    -4    -1     0     0     0     0    -1    -1    -1    -1    -1    -1    32

# ************************************************************
#                     Bottom Table 3                          
# ============================================================
  0   0      33
   0    0
   0    0
   0    1
   0    2
   0    3
   0    4
   0    5
   0    6
   0    7
   0    8
   0    9
   0   10
   0   11
   0   12
   1    0
   1    1
   1    2
   1    3
   1    4
   1    5
   1    6
   1    7
   1    8
   1    9
   2    0
   3    0
   3    1
   3    2
   3    3
   3    4
   3    5
   3    6
   3    7
