"era","faction","faction_name","unit","dictionary","category","class","engine","artillery","mercenary_unit","custom_battle_limit"
"0","france","France","fra_12lb","fra_12lb","siege","missile","12pound","true","false","2"
"0","spain","Spain","fra_12lb","fra_12lb","siege","missile","12pound","true","false","2"
"0","sicily","Denmark","fra_12lb","fra_12lb","siege","missile","12pound","true","false","2"
"0","poland","Brazil","fra_12lb","fra_12lb","siege","missile","12pound","true","false","2"
"0","scotland","Mexico","fra_12lb","fra_12lb","siege","missile","12pound","true","false","2"
"0","aztecs","Argentina","fra_12lb","fra_12lb","siege","missile","12pound","true","false","2"
"0","england","Britain","col_12lb","col_12lb","siege","missile","12pound","true","true","2"
"0","france","France","col_12lb","col_12lb","siege","missile","12pound","true","true","2"
"0","portugal","Netherlands","col_12lb","col_12lb","siege","missile","12pound","true","true","2"
"0","france","France","fra_gatling","fra_gatling","siege","missile","mitrailleuse","true","false","2"
"0","russia","Russia","rus_12lb","rus_12lb","siege","missile","12pound","true","false","2"
"0","mongols","Greece","rus_12lb","rus_12lb","siege","missile","12pound","true","false","2"
"0","normans","Sweden-Norway","rus_12lb","rus_12lb","siege","missile","12pound","true","false","2"
"0","hungary","Austria-Hungary","rus_12lb","rus_12lb","siege","missile","12pound","true","false","2"
"0","hre","Prussia","rus_12lb","rus_12lb","siege","missile","12pound","true","false","2"
"0","hre","Prussia","rus_armstrong","rus_armstrong","siege","missile","armstrong","true","false","2"
"0","saxons","Japan","jap_12lb","jap_12lb","siege","missile","12pound","true","false","2"
"0","saxons","Japan","jap_armstrong","jap_armstrong","siege","missile","cannon","true","false","2"
"0","bulga","Indian Princely States","ind_armstrong","ind_armstrong","siege","missile","cannon","true","false","2"
"0","cuman","Turkestan","kok_armstrong","kok_armstrong","siege","missile","cannon","true","false","2"
"0","saxons","Japan","sho_12lb","sho_12lb","siege","missile","12pound","true","false","2"
"0","saxons","Japan","sho_gatling","sho_gatling","siege","missile","gatling","true","false","2"
"0","saxons","Japan","sho_armstrong","sho_armstrong","siege","missile","cannon","true","false","2"
"0","papal_states","Ethiopia","eth_field_gun","eth_field_gun","siege","missile","cannon","true","false","2"
"0","saxons","Japan","Japan Armstrong Han","Japan_Armstrong_Han","siege","missile","armstrong","true","false","2"
"0","milan","Confederates","csa_12lb","csa_12lb","siege","missile","12pound","true","false","2"
"0","teu","Boers","csa_12lb","csa_12lb","siege","missile","12pound","true","false","2"
"0","portugala","Union","usa_12lb","usa_12lb","siege","missile","12pound","true","false","2"
"0","denmark","Peru","usa_12lb","usa_12lb","siege","missile","12pound","true","false","2"
"0","portugala","Union","usa_armstrong","usa_armstrong","siege","missile","armstrong","true","false","2"
"0","england","Britain","eng_12lb","eng_12lb","siege","missile","12pound","true","false","2"
"0","venice","Italy","eng_12lb","eng_12lb","siege","missile","12pound","true","false","2"
"0","portugal","Netherlands","eng_12lb","eng_12lb","siege","missile","12pound","true","false","2"
"0","england","Britain","eng_gatling","eng_gatling","siege","missile","gatling","true","false","2"
"0","england","Britain","eng_armstrong","eng_armstrong","siege","missile","armstrong","true","false","2"
"0","byzantium","Qing","byz_armstrong","byz_armstrong","siege","missile","cannon","true","false","2"
"0","cru","Siam","siam_armstrong","siam_armstrong","siege","missile","cannon","true","false","2"
"0","turks","Ottoman","mus_12lb","mus_12lb","siege","missile","12pound","true","false","2"
"0","moors","Morocco","mus_armstrong","mus_armstrong","siege","missile","cannon","true","false","2"
"0","turks","Ottoman","mus_armstrong","mus_armstrong","siege","missile","cannon","true","false","2"
"0","golden","Oman","mus_armstrong","mus_armstrong","siege","missile","cannon","true","false","2"
"0","portugala","Union","uni_state_volunteers_early","uni_state_volunteers_early","infantry","missile","","false","false","3"
"0","portugala","Union","uni_colored_troops_early","uni_colored_troops_early","infantry","missile","","false","false","1"
"0","portugala","Union","uni_irish_brigade_early","uni_irish_brigade_early","infantry","missile","","false","false","1"
"0","portugala","Union","uni_zouaves_early","uni_zouaves_early","infantry","missile","","false","false","1"
"0","portugala","Union","uni_marines_early","uni_marines_early","infantry","missile","","false","false","1"
"0","portugala","Union","uni_sharpshooters_early","uni_sharpshooters_early","infantry","missile","","false","false","1"
"0","portugala","Union","uni_indian_scouts","uni_indian_scouts","infantry","missile","","false","false","1"
"0","portugala","Union","uni_volunteer_cavalry_early","uni_volunteer_cavalry_early","cavalry","missile","","false","false","1"
"0","portugala","Union","uni_dragoons_early","uni_dragoons_early","cavalry","missile","","false","false","1"
"0","portugala","Union","uni_indian_scout_cavalry","uni_indian_scout_cavalry","cavalry","light","","false","false","1"
"0","portugala","Union","uni_general_staff","uni_general_staff","cavalry","light","","false","false","1"
"0","milan","Confederates","csa_state_volunteers_early","csa_state_volunteers_early","infantry","missile","","false","false","3"
"0","milan","Confederates","csa_regulars_early","csa_regulars_early","infantry","missile","","false","false","2"
"0","milan","Confederates","csa_louisiana_tigers","csa_louisiana_tigers","infantry","missile","","false","false","2"
"0","milan","Confederates","csa_marines","csa_marines","infantry","missile","","false","false","1"
"0","milan","Confederates","csa_sharpshooters","csa_sharpshooters","infantry","missile","","false","false","1"
"0","milan","Confederates","csa_state_cavalry_early","csa_state_cavalry_early","cavalry","missile","","false","false","1"
"0","milan","Confederates","csa_virginia_cavalry","csa_virginia_cavalry","cavalry","missile","","false","false","1"
"0","milan","Confederates","csa_general_staff","csa_general_staff","cavalry","light","","false","false","1"
"0","teu","Boers","boer_mounted_kommando_early","boer_mounted_kommando_early","cavalry","missile","","false","false","1"
"0","scotland","Mexico","mex_carbineers_early","mex_carbineers_early","cavalry","missile","","false","false","1"
"0","scotland","Mexico","mex_hussars","mex_hussars","cavalry","light","","false","false","1"
"0","scotland","Mexico","mex_general_staff","mex_general_staff","cavalry","light","","false","false","1"
"0","scotland","Mexico","mex_natl_guard","mex_natl_guard","infantry","missile","","false","false","3"
"0","scotland","Mexico","mex_federal_early","mex_federal_early","infantry","missile","","false","false","2"
"0","scotland","Mexico","mex_cazadores_early","mex_cazadores_early","infantry","missile","","false","false","1"
"0","denmark","Peru","per_line_early","per_line_early","infantry","missile","","false","false","2"
"0","denmark","Peru","per_guard_early","per_guard_early","infantry","missile","","false","false","1"
"0","denmark","Peru","per_cazadores_early","per_cazadores_early","infantry","missile","","false","false","1"
"0","denmark","Peru","per_montoneros_early","per_montoneros_early","infantry","missile","","false","false","1"
"0","denmark","Peru","per_husares_junin","per_husares_junin","cavalry","light","","false","false","1"
"0","denmark","Peru","per_lanceros_torata","per_lanceros_torata","cavalry","light","","false","false","1"
"0","denmark","Peru","per_general_staff","per_general_staff","cavalry","light","","false","false","1"
"0","poland","Brazil","bra_line_early","bra_line_early","infantry","missile","","false","false","2"
"0","poland","Brazil","bra_volunteers_early","bra_volunteers_early","infantry","missile","","false","false","1"
"0","poland","Brazil","bra_guard_early","bra_guard_early","infantry","missile","","false","false","1"
"0","poland","Brazil","bra_cacadores_early","bra_cacadores_early","infantry","missile","","false","false","1"
"0","poland","Brazil","bra_zuavos_early","bra_zuavos_early","infantry","missile","","false","false","1"
"0","poland","Brazil","bra_cavalry_early","bra_cavalry_early","cavalry","missile","","false","false","1"
"0","poland","Brazil","bra_general_staff","bra_general_staff","cavalry","light","","false","false","1"
"0","aztecs","Argentina","arg_line_early","arg_line_early","infantry","missile","","false","false","2"
"0","aztecs","Argentina","arg_national_guard_early","arg_national_guard_early","infantry","missile","","false","false","2"
"0","aztecs","Argentina","arg_cazadores_early","arg_cazadores_early","infantry","missile","","false","false","1"
"0","aztecs","Argentina","arg_cavalry_early","arg_cavalry_early","cavalry","missile","","false","false","1"
"0","aztecs","Argentina","arg_lancers_early","arg_lancers_early","cavalry","light","","false","false","1"
"0","aztecs","Argentina","arg_frontier_gauchos","arg_frontier_gauchos","cavalry","light","","false","false","1"
"0","aztecs","Argentina","arg_general_staff","arg_general_staff","cavalry","light","","false","false","1"
"0","scotland","Mexico","merc_us_farmers","merc_us_farmers","infantry","missile","","false","true","2"
"0","england","Britain","uk_hussars_early","uk_hussars_early","cavalry","light","","false","false","1"
"0","england","Britain","uk_dragoon_early","uk_dragoon_early","cavalry","heavy","","false","false","1"
"0","england","Britain","uk_general","uk_general","cavalry","light","","false","false","1"
"0","england","Britain","uk_indian_lancers","uk_indian_lancers","cavalry","heavy","","false","false","1"
"0","england","Britain","uk_foot_early","uk_foot_early","infantry","missile","","false","false","1"
"0","england","Britain","uk_guard_early","uk_guard_early","infantry","missile","","false","false","1"
"0","england","Britain","uk_light_early","uk_light_early","infantry","missile","","false","false","1"
"0","england","Britain","uk_highlanders_early","uk_highlanders_early","infantry","missile","","false","false","1"
"0","england","Britain","uk_marines_early","uk_marines_early","infantry","missile","","false","false","1"
"0","england","Britain","uk_indian_foot_early","uk_indian_foot_early","infantry","missile","","false","false","1"
"0","england","Britain","uk_imperial_foot_early","uk_imperial_foot_early","infantry","missile","","false","false","1"
"0","spain","Spain","merc_port_inf_early","merc_port_inf_early","infantry","missile","","false","true","5"
"0","spain","Spain","merc_port_cav_early","merc_port_cav_early","cavalry","missile","","false","true","1"
"0","england","Britain","merc_bhutan_warrior","merc_bhutan_warrior","infantry","light","","false","true","1"
"0","bulga","Indian Princely States","ind_bhutan_warrior","ind_bhutan_warrior","infantry","light","","false","false","3"
"0","england","Britain","merc_burmese_inf","merc_burmese_inf","infantry","missile","","false","true","1"
"0","england","Britain","merc_indian_fanatic","merc_indian_fanatic","infantry","light","","false","true","1"
"0","england","Britain","merc_maori_spearmen","merc_maori_spearmen","infantry","light","","false","true","2"
"0","england","Britain","merc_maori_musketeers","merc_maori_musketeers","infantry","missile","","false","true","2"
"0","spain","Spain","spa_inf_early","spa_inf_early","infantry","missile","","false","false","2"
"0","spain","Spain","spa_caz_early","spa_caz_early","infantry","missile","","false","false","1"
"0","spain","Spain","spa_milicia_nacional_early","spa_milicia_nacional_early","infantry","missile","","false","false","1"
"0","spain","Spain","spa_col_inf_early","spa_col_inf_early","infantry","missile","","false","false","1"
"0","spain","Spain","spa_cav_early","spa_cav_early","cavalry","missile","","false","false","1"
"0","spain","Spain","spa_col_cav_mid","spa_col_cav_mid","cavalry","light","","false","false","1"
"0","spain","Spain","spa_cuirassiers_early","spa_cuirassiers_early","cavalry","heavy","","false","false","1"
"0","spain","Spain","civil_guard","civil_guard","cavalry","light","","false","false","1"
"0","spain","Spain","euro_hussars","euro_hussars","cavalry","light","","false","false","1"
"0","spain","Spain","austro_sailor_spain_early","austro_sailor_spain_early","infantry","missile","","false","false","1"
"0","france","France","fra_fusiliers_early","fra_fusiliers_early","infantry","missile","","false","false","1"
"0","france","France","fra_garde_mobile_early","fra_garde_mobile_early","infantry","missile","","false","false","1"
"0","france","France","fra_zouaves_early","fra_zouaves_early","infantry","missile","","false","false","1"
"0","france","France","fra_chasseurs_early","fra_chasseurs_early","infantry","missile","","false","false","1"
"0","france","France","fra_guard_grenadiers_early","fra_guard_grenadiers_early","infantry","missile","","false","false","1"
"0","france","France","fra_legion_early","fra_legion_early","infantry","missile","","false","false","1"
"0","france","France","fra_marins_early","fra_marins_early","infantry","missile","","false","false","1"
"0","france","France","fra_senegalais_early","fra_senegalais_early","infantry","missile","","false","false","1"
"0","france","France","fra_cuirassiers","fra_cuirassiers","cavalry","heavy","","false","false","1"
"0","france","France","fra_hussards","fra_hussards","cavalry","light","","false","false","1"
"0","france","France","fra_chasseurs_cheval","fra_chasseurs_cheval","cavalry","light","","false","false","1"
"0","france","France","fra_carabiniers_early","fra_carabiniers_early","cavalry","missile","","false","false","1"
"0","france","France","fra_spahis_early","fra_spahis_early","cavalry","missile","","false","false","1"
"0","france","France","fra_general_staff","fra_general_staff","cavalry","light","","false","false","1"
"0","hre","Prussia","pru_fusiliere_early","pru_fusiliere_early","infantry","missile","","false","false","3"
"0","hre","Prussia","pru_pioniere_early","pru_pioniere_early","infantry","missile","","false","false","1"
"0","hre","Prussia","pru_gardegrenadiere_early","pru_gardegrenadiere_early","infantry","missile","","false","false","1"
"0","hre","Prussia","pru_jaeger_early","pru_jaeger_early","infantry","missile","","false","false","2"
"0","hre","Prussia","pru_seesoldaten_early","pru_seesoldaten_early","infantry","missile","","false","false","1"
"0","hre","Prussia","pru_kuerassiere","pru_kuerassiere","cavalry","heavy","","false","false","1"
"0","hre","Prussia","pru_husaren","pru_husaren","cavalry","light","","false","false","1"
"0","hre","Prussia","pru_dragoner_early","pru_dragoner_early","cavalry","missile","","false","false","1"
"0","hre","Prussia","pru_general_staff","pru_general_staff","cavalry","light","","false","false","1"
"0","portugal","Netherlands","net_line_early","net_line_early","infantry","missile","","false","false","1"
"0","portugal","Netherlands","net_grenadiers_early","net_grenadiers_early","infantry","missile","","false","false","1"
"0","portugal","Netherlands","net_jagers_early","net_jagers_early","infantry","missile","","false","false","1"
"0","portugal","Netherlands","net_mariniers_early","net_mariniers_early","infantry","missile","","false","false","1"
"0","portugal","Netherlands","net_schutterij_early","net_schutterij_early","infantry","missile","","false","false","1"
"0","portugal","Netherlands","net_knil_early","net_knil_early","infantry","missile","","false","false","1"
"0","portugal","Netherlands","net_dragonders","net_dragonders","cavalry","heavy","","false","false","1"
"0","portugal","Netherlands","net_huzaren","net_huzaren","cavalry","light","","false","false","1"
"0","portugal","Netherlands","net_karabiniers_early","net_karabiniers_early","cavalry","missile","","false","false","1"
"0","portugal","Netherlands","net_general_staff","net_general_staff","cavalry","light","","false","false","1"
"0","sicily","Denmark","dan_fod_early","dan_fod_early","infantry","missile","","false","false","3"
"0","sicily","Denmark","dan_guard_early","dan_guard_early","infantry","missile","","false","false","1"
"0","sicily","Denmark","dan_light_early","dan_light_early","infantry","missile","","false","false","1"
"0","sicily","Denmark","dan_marines_early","dan_marines_early","infantry","missile","","false","false","1"
"0","sicily","Denmark","dan_cuirassier","dan_cuirassier","cavalry","heavy","","false","false","1"
"0","sicily","Denmark","dan_hussars","dan_hussars","cavalry","light","","false","false","1"
"0","sicily","Denmark","dan_dragoon_early","dan_dragoon_early","cavalry","missile","","false","false","1"
"0","sicily","Denmark","dan_general","dan_general","cavalry","light","","false","false","1"
"0","normans","Sweden-Norway","swe_line_early","swe_line_early","infantry","missile","","false","false","1"
"0","normans","Sweden-Norway","nor_line_early","nor_line_early","infantry","missile","","false","false","1"
"0","normans","Sweden-Norway","swe_bevaring_early","swe_bevaring_early","infantry","missile","","false","false","1"
"0","normans","Sweden-Norway","swe_jagare_early","swe_jagare_early","infantry","missile","","false","false","1"
"0","normans","Sweden-Norway","swe_guard_early","swe_guard_early","infantry","missile","","false","false","1"
"0","normans","Sweden-Norway","nor_guard_early","nor_guard_early","infantry","missile","","false","false","1"
"0","normans","Sweden-Norway","swe_hussars","swe_hussars","cavalry","light","","false","false","1"
"0","normans","Sweden-Norway","swe_dragoons_early","swe_dragoons_early","cavalry","missile","","false","false","1"
"0","normans","Sweden-Norway","swe_lifeguard_horse","swe_lifeguard_horse","cavalry","heavy","","false","false","1"
"0","normans","Sweden-Norway","swe_general_staff","swe_general_staff","cavalry","light","","false","false","1"
"0","egypt","Qajar","qaj_tofangchi","qaj_tofangchi","infantry","missile","","false","false","1"
"0","egypt","Qajar","qaj_sarbaz_early","qaj_sarbaz_early","infantry","missile","","false","false","2"
"0","egypt","Qajar","qaj_guard_early","qaj_guard_early","infantry","missile","","false","false","2"
"0","egypt","Qajar","qaj_tribal_cavalry","qaj_tribal_cavalry","cavalry","light","","false","false","1"
"0","egypt","Qajar","qaj_horse_guard","qaj_horse_guard","cavalry","light","","false","false","1"
"0","egypt","Qajar","qaj_general_staff","qaj_general_staff","cavalry","light","","false","false","1"
"0","mongols","Greece","gre_line_early","gre_line_early","infantry","missile","","false","false","2"
"0","mongols","Greece","gre_ethnofylaki_early","gre_ethnofylaki_early","infantry","missile","","false","false","1"
"0","mongols","Greece","gre_evzones_early","gre_evzones_early","infantry","missile","","false","false","1"
"0","mongols","Greece","gre_marines_early","gre_marines_early","infantry","missile","","false","false","1"
"0","mongols","Greece","gre_lancers","gre_lancers","cavalry","light","","false","false","1"
"0","mongols","Greece","gre_royal_escort","gre_royal_escort","cavalry","heavy","","false","false","1"
"0","mongols","Greece","gre_general_staff","gre_general_staff","cavalry","light","","false","false","1"
"0","venice","Italy","ita_line_early","ita_line_early","infantry","missile","","false","false","2"
"0","venice","Italy","ita_milizia_early","ita_milizia_early","infantry","missile","","false","false","1"
"0","venice","Italy","ita_granatieri_early","ita_granatieri_early","infantry","missile","","false","false","1"
"0","venice","Italy","ita_bersaglieri_early","ita_bersaglieri_early","infantry","missile","","false","false","1"
"0","venice","Italy","ita_marina_early","ita_marina_early","infantry","missile","","false","false","1"
"0","venice","Italy","ita_zappatori_early","ita_zappatori_early","infantry","missile","","false","false","1"
"0","venice","Italy","ita_garibaldini_early","ita_garibaldini_early","infantry","missile","","false","false","1"
"0","venice","Italy","ita_cavalleggeri","ita_cavalleggeri","cavalry","light","","false","false","1"
"0","venice","Italy","ita_lancieri","ita_lancieri","cavalry","light","","false","false","1"
"0","venice","Italy","ita_general_staff","ita_general_staff","cavalry","light","","false","false","1"
"0","venice","Italy","ita_carabinieri_early","ita_carabinieri_early","cavalry","missile","","false","false","1"
"0","russia","Russia","rus_pekhota_early","rus_pekhota_early","infantry","missile","","false","false","1"
"0","russia","Russia","rus_opolchenie_early","rus_opolchenie_early","infantry","missile","","false","false","1"
"0","russia","Russia","rus_leib_guard_early","rus_leib_guard_early","infantry","missile","","false","false","1"
"0","russia","Russia","rus_grenadery_early","rus_grenadery_early","infantry","missile","","false","false","1"
"0","russia","Russia","rus_strelki_early","rus_strelki_early","infantry","missile","","false","false","1"
"0","russia","Russia","rus_marines_early","rus_marines_early","infantry","missile","","false","false","1"
"0","russia","Russia","rus_sapery_early","rus_sapery_early","infantry","missile","","false","false","1"
"0","russia","Russia","rus_siberian_early","rus_siberian_early","infantry","missile","","false","false","1"
"0","russia","Russia","rus_draguny_early","rus_draguny_early","cavalry","missile","","false","false","1"
"0","russia","Russia","rus_kazaki_early","rus_kazaki_early","cavalry","missile","","false","false","1"
"0","russia","Russia","rus_gusary","rus_gusary","cavalry","light","","false","false","1"
"0","russia","Russia","rus_ulany","rus_ulany","cavalry","light","","false","false","1"
"0","russia","Russia","rus_guard_cuirassiers","rus_guard_cuirassiers","cavalry","heavy","","false","false","1"
"0","russia","Russia","rus_general_staff","rus_general_staff","cavalry","light","","false","false","1"
"0","russia","Russia","merc_mongol_bows","merc_mongol_bows","infantry","missile","","false","true","1"
"0","byzantium","Qing","merc_mongol_bows","merc_mongol_bows","infantry","missile","","false","true","1"
"0","hungary","Austria-Hungary","aus_line_early","aus_line_early","infantry","missile","","false","false","3"
"0","hungary","Austria-Hungary","aus_kaiserjaeger_early","aus_kaiserjaeger_early","infantry","missile","","false","false","2"
"0","hungary","Austria-Hungary","aus_grenz_early","aus_grenz_early","infantry","missile","","false","false","2"
"0","hungary","Austria-Hungary","aus_matrosen_early","aus_matrosen_early","infantry","missile","","false","false","1"
"0","hungary","Austria-Hungary","aus_kuerassiere","aus_kuerassiere","cavalry","heavy","","false","false","1"
"0","hungary","Austria-Hungary","aus_dragoner_early","aus_dragoner_early","cavalry","missile","","false","false","1"
"0","hungary","Austria-Hungary","aus_husaren","aus_husaren","cavalry","light","","false","false","1"
"0","hungary","Austria-Hungary","aus_ulanen","aus_ulanen","cavalry","light","","false","false","1"
"0","hungary","Austria-Hungary","aus_general_staff","aus_general_staff","cavalry","light","","false","false","1"
"0","russia","Russia","merc_pol_hussars","merc_pol_hussars","cavalry","missile","","false","true","1"
"0","hre","Prussia","merc_pol_hussars","merc_pol_hussars","cavalry","missile","","false","true","1"
"0","russia","Russia","merc_polish_inf","merc_polish_inf","infantry","missile","","false","true","2"
"0","hre","Prussia","merc_polish_inf","merc_polish_inf","infantry","missile","","false","true","2"
"0","russia","Russia","merc_georgian_inf","merc_georgian_inf","infantry","missile","","false","true","2"
"0","russia","Russia","merc_serb_inf","merc_serb_inf","infantry","missile","","false","true","2"
"0","russia","Russia","georgian_inf_russia","georgian_inf_russia","infantry","missile","","false","false","1"
"0","moors","Morocco","mor_askar_early","mor_askar_early","infantry","missile","","false","false","2"
"0","moors","Morocco","mor_makhzen_early","mor_makhzen_early","infantry","missile","","false","false","1"
"0","moors","Morocco","mor_abid_early","mor_abid_early","infantry","missile","","false","false","1"
"0","moors","Morocco","mor_rif_early","mor_rif_early","infantry","missile","","false","false","1"
"0","moors","Morocco","mor_makhzen_cav_early","mor_makhzen_cav_early","cavalry","missile","","false","false","1"
"0","moors","Morocco","mor_tribal_levy","mor_tribal_levy","infantry","spearmen","","false","false","1"
"0","moors","Morocco","mor_guich_cavalry","mor_guich_cavalry","cavalry","light","","false","false","1"
"0","moors","Morocco","mor_hajjana","mor_hajjana","cavalry","missile","","false","false","1"
"0","moors","Morocco","mor_general_staff","mor_general_staff","cavalry","light","","false","false","1"
"0","teu","Boers","csa_lancer_te","csa_lancer_te","cavalry","light","","false","false","1"
"0","teu","Boers","boer_wagon","boer_wagon","cavalry","missile","","false","false","1"
"0","teu","Boers","boer_kommando_early","boer_kommando_early","infantry","missile","","false","false","5"
"0","teu","Boers","merc_zulu_rifles","merc_zulu_rifles","infantry","missile","","false","true","3"
"0","lith","Zulu","zulu_royals","zulu_royals","infantry","light","","false","false","1"
"0","lith","Zulu","zulu_spearmen","zulu_spearmen","infantry","light","","false","false","1"
"0","lith","Zulu","zulu_guard","zulu_guard","infantry","light","","false","false","3"
"0","lith","Zulu","zulu_elite","zulu_elite","infantry","light","","false","false","1"
"0","turks","Ottoman","ott_nizamiye_early","ott_nizamiye_early","infantry","missile","","false","false","2"
"0","turks","Ottoman","ott_redif_early","ott_redif_early","infantry","missile","","false","false","2"
"0","turks","Ottoman","ott_avci_early","ott_avci_early","infantry","missile","","false","false","1"
"0","turks","Ottoman","ott_hassa_early","ott_hassa_early","infantry","missile","","false","false","1"
"0","turks","Ottoman","ott_bahriye_early","ott_bahriye_early","infantry","missile","","false","false","1"
"0","turks","Ottoman","ott_mustahfiz_early","ott_mustahfiz_early","infantry","missile","","false","false","1"
"0","turks","Ottoman","ott_suvari_early","ott_suvari_early","cavalry","missile","","false","false","1"
"0","turks","Ottoman","ott_hassa_suvarisi","ott_hassa_suvarisi","cavalry","light","","false","false","1"
"0","turks","Ottoman","ott_mizrakli_suvari","ott_mizrakli_suvari","cavalry","light","","false","false","1"
"0","turks","Ottoman","ott_general_staff","ott_general_staff","cavalry","light","","false","false","1"
"0","papal_states","Ethiopia","fra_blacks_az","fra_blacks_az","infantry","missile","","false","true","2"
"0","golden","Oman","oma_baluchi_musketeers","oma_baluchi_musketeers","infantry","missile","","false","false","1"
"0","golden","Oman","oma_regular_early","oma_regular_early","infantry","missile","","false","false","3"
"0","golden","Oman","oma_palace_guard_early","oma_palace_guard_early","infantry","missile","","false","false","1"
"0","golden","Oman","oma_bedouin_camelry","oma_bedouin_camelry","cavalry","missile","","false","false","1"
"0","golden","Oman","oma_horse_guard_early","oma_horse_guard_early","cavalry","light","","false","false","1"
"0","golden","Oman","oma_command_retinue","oma_command_retinue","cavalry","light","","false","false","1"
"0","timurids","Afghanistan","afg_lashkar_qawmi","afg_lashkar_qawmi","infantry","missile","","false","false","1"
"0","timurids","Afghanistan","afg_tajik_hillmen","afg_tajik_hillmen","infantry","missile","","false","false","1"
"0","timurids","Afghanistan","afg_pashtun_wall_gunners","afg_pashtun_wall_gunners","infantry","missile","","false","false","1"
"0","timurids","Afghanistan","afg_regular_early","afg_regular_early","infantry","missile","","false","false","2"
"0","timurids","Afghanistan","afg_tribal_cavalry","afg_tribal_cavalry","cavalry","light","","false","false","1"
"0","timurids","Afghanistan","afg_pashtun_camelry","afg_pashtun_camelry","cavalry","light","","false","false","1"
"0","timurids","Afghanistan","afg_general_staff","afg_general_staff","cavalry","light","","false","false","1"
"0","egypt","Qajar","afghan_militia","afghan_militia","infantry","missile","","false","false","1"
"0","cuman","Turkestan","kok_royal_cav","kok_royal_cav","cavalry","missile","","false","false","2"
"0","cuman","Turkestan","kok_spears","kok_spears","infantry","spearmen","","false","false","1"
"0","cuman","Turkestan","uyghur_camel_cav","uyghur_camel_cav","cavalry","missile","","false","false","1"
"0","cuman","Turkestan","buk_guard","buk_guard","infantry","missile","","false","false","2"
"0","cuman","Turkestan","ghulja_inf","ghulja_inf","infantry","missile","","false","false","1"
"0","cuman","Turkestan","kok_cav","kok_cav","cavalry","light","","false","false","3"
"0","cuman","Turkestan","kok_rcav","kok_rcav","cavalry","light","","false","false","1"
"0","cuman","Turkestan","turkmen_inf","turkmen_inf","infantry","missile","","false","false","1"
"0","cuman","Turkestan","camel_wagon","camel_wagon","cavalry","missile","","false","false","1"
"0","bulga","Indian Princely States","indian_bow_cav","indian_bow_cav","cavalry","missile","","false","false","1"
"0","bulga","Indian Princely States","Sikh_heavy_cavalry","Sikh_heavy_cavalry","cavalry","heavy","","false","false","1"
"0","bulga","Indian Princely States","indian_spears","indian_spears","infantry","spearmen","","false","false","1"
"0","bulga","Indian Princely States","indian_heavy_banduqchis","indian_heavy_banduqchis","infantry","missile","","false","false","1"
"0","bulga","Indian Princely States","indian_new_musk","indian_new_musk","infantry","missile","","false","false","1"
"0","bulga","Indian Princely States","india_sepoy","india_sepoy","infantry","missile","","false","false","1"
"0","bulga","Indian Princely States","sikh_gen","sikh_gen","cavalry","light","","false","false","1"
"0","bulga","Indian Princely States","indian_fanatic","indian_fanatic","infantry","light","","false","false","1"
"0","bulga","Indian Princely States","indian_ele","indian_ele","cavalry","heavy","","false","false","1"
"0","bulga","Indian Princely States","india_militia","india_militia","infantry","missile","","false","false","1"
"0","cru","Siam","siam_ele_gunner","siam_ele_gunner","cavalry","heavy","","false","false","1"
"0","cru","Siam","siam_sword_cav","siam_sword_cav","cavalry","light","","false","false","1"
"0","cru","Siam","siam_agent","siam_agent","infantry","missile","","false","false","1"
"0","france","France","viet_inf","viet_inf","infantry","missile","","false","true","1"
"0","cru","Siam","siam_inf","siam_inf","infantry","missile","","false","false","2"
"0","cru","Siam","Siam_bodyguard","Siam_bodyguard","cavalry","light","","false","false","1"
"0","cru","Siam","Siam_Archers","Siam_Archers","infantry","missile","","false","false","1"
"0","cru","Siam","burmese_inf","burmese_inf","infantry","missile","","false","false","1"
"0","portugal","Netherlands","merc_aceh_noble","merc_aceh_noble","infantry","missile","","false","true","1"
"0","portugal","Netherlands","merc_aceh_reg","merc_aceh_reg","infantry","missile","","false","true","1"
"0","portugal","Netherlands","merc_aceh_gold","merc_aceh_gold","infantry","spearmen","","false","true","1"
"0","portugal","Netherlands","merc_aceh_warband","merc_aceh_warband","infantry","light","","false","true","1"
"0","byzantium","Qing","qing_baqi_gunmen","qing_baqi_gunmen","infantry","missile","","false","false","2"
"0","byzantium","Qing","qing_green_banner_gunmen","qing_green_banner_gunmen","infantry","missile","","false","false","1"
"0","byzantium","Qing","qing_green_banner_spears","qing_green_banner_spears","infantry","spearmen","","false","false","1"
"0","byzantium","Qing","qing_green_banner_archers","qing_green_banner_archers","infantry","missile","","false","false","1"
"0","byzantium","Qing","oirat_royal","oirat_royal","cavalry","light","","false","false","1"
"0","byzantium","Qing","qing_cavalry_general","qing_cavalry_general","cavalry","light","","false","false","1"
"0","byzantium","Qing","qing_village_braves","qing_village_braves","infantry","light","","false","false","2"
"0","byzantium","Qing","qing_xiang_huai_early","qing_xiang_huai_early","infantry","missile","","false","false","1"
"0","byzantium","Qing","qing_eight_banner_cavalry","qing_eight_banner_cavalry","cavalry","missile","","false","false","1"
"0","byzantium","Qing","mongol_hevcav","mongol_hevcav","cavalry","light","","false","true","4"
"0","russia","Russia","mongol_hevcav","mongol_hevcav","cavalry","light","","false","true","4"
"0","byzantium","Qing","korean_archers","korean_archers","infantry","missile","","false","true","1"
"0","saxons","Japan","korean_archers","korean_archers","infantry","missile","","false","true","1"
"0","byzantium","Qing","merc_tib_temple_guard","merc_tib_temple_guard","cavalry","light","","false","true","1"
"0","byzantium","Qing","merc_tib_noble_cav","merc_tib_noble_cav","cavalry","missile","","false","true","1"
"0","byzantium","Qing","taipingguners","taipingguners","infantry","missile","","false","true","3"
"0","byzantium","Qing","taiping_inf","taiping_inf","infantry","light","","false","true","3"
"0","byzantium","Qing","taiping_light","taiping_light","infantry","light","","false","true","2"
"0","byzantium","Qing","taiping_w","taiping_w","infantry","light","","false","true","1"
"0","byzantium","Qing","tib_militia","tib_militia","infantry","light","","false","true","2"
"0","byzantium","Qing","merc_tib_inf","merc_tib_inf","infantry","missile","","false","true","2"
"0","byzantium","Qing","tib_horse_archer","tib_horse_archer","cavalry","missile","","false","true","1"
"0","byzantium","Qing","tib_roy_inf","tib_roy_inf","infantry","missile","","false","true","1"
"0","byzantium","Qing","tib_tribal_archer","tib_tribal_archer","infantry","missile","","false","true","1"
"0","byzantium","Qing","tib_temple_guard","tib_temple_guard","infantry","light","","false","true","1"
"0","byzantium","Qing","tib_heavy_spear","tib_heavy_spear","infantry","spearmen","","false","true","1"
"0","byzantium","Qing","merc_kok_royal_cav","merc_kok_royal_cav","cavalry","light","","false","true","2"
"0","timurids","Afghanistan","merc_kok_royal_cav","merc_kok_royal_cav","cavalry","light","","false","true","2"
"0","russia","Russia","merc_kok_royal_cav","merc_kok_royal_cav","cavalry","light","","false","true","2"
"0","byzantium","Qing","merc_kashgar_inf","merc_kashgar_inf","infantry","missile","","false","true","2"
"0","byzantium","Qing","mercs_tib_monks","mercs_tib_monks","infantry","light","","false","true","1"
"0","byzantium","Qing","qing_green_banner_horse","qing_green_banner_horse","cavalry","heavy","","false","true","4"
"0","byzantium","Qing","Korean Gimagungsu","Korean_Gimagungsu","cavalry","missile","","false","true","1"
"0","saxons","Japan","Korean Gimagungsu","Korean_Gimagungsu","cavalry","missile","","false","true","1"
"0","byzantium","Qing","Korean Musketeers","Korean_Musketeers","infantry","missile","","false","true","2"
"0","saxons","Japan","Korean Musketeers","Korean_Musketeers","infantry","missile","","false","true","2"
"0","byzantium","Qing","Korean Pikemen","Korean_Pikemen","infantry","spearmen","","false","true","1"
"0","saxons","Japan","Korean Pikemen","Korean_Pikemen","infantry","spearmen","","false","true","1"
"0","papal_states","Ethiopia","eth_rifled_musketeers","eth_rifled_musketeers","infantry","missile","","false","false","2"
"0","papal_states","Ethiopia","merc_viet_early_inf","merc_viet_early_inf","infantry","light","","false","false","1"
"0","papal_states","Ethiopia","ethiopian_warband","ethiopian_warband","infantry","light","","false","false","2"
"0","papal_states","Ethiopia","aby_cav_1g","aby_cav_1g","cavalry","missile","","false","false","1"
"0","papal_states","Ethiopia","aby_grd_2g","aby_grd_2g","cavalry","light","","false","false","1"
"0","papal_states","Ethiopia","aby_inf_2g","aby_inf_2g","infantry","missile","","false","false","1"
"0","papal_states","Ethiopia","aby_roy_1g","aby_roy_1g","cavalry","missile","","false","false","1"
"0","papal_states","Ethiopia","Ethiopia Sudanese Warriors","Ethiopia_Sudanese_Warriors","infantry","light","","false","true","3"
"0","saxons","Japan","Japan Kachi","Japan_Kachi","infantry","spearmen","","false","false","1"
"0","saxons","Japan","Japan Yumitai","Japan_Yumitai","infantry","missile","","false","false","1"
"0","saxons","Japan","Japan Teppotai","Japan_Teppotai","infantry","missile","","false","false","1"
"0","saxons","Japan","Japan Seishi","Japan_Seishi","cavalry","heavy","","false","false","1"
"0","saxons","Japan","Japan Shotai","Japan_Shotai","infantry","missile","","false","false","1"
"0","saxons","Japan","Japan Satsuma Hoheitai","Japan_Satsuma_Hoheitai","infantry","missile","","false","false","1"
"0","saxons","Japan","Japan Hokokutai","Japan_Hokokutai","infantry","missile","","false","false","1"
"0","saxons","Japan","Japan Yamagunitai","Japan_Yamagunitai","infantry","missile","","false","false","1"
"0","saxons","Japan","Japan Kiheitai","Japan_Kiheitai","infantry","missile","","false","false","1"
"0","saxons","Japan","Japan Saga Hoheitai","Japan_Saga_Hoheitai","infantry","missile","","false","false","1"
"0","saxons","Japan","Japan Jinshotai","Japan_Jinshotai","infantry","missile","","false","false","1"
"0","saxons","Japan","Japan Revolver Kihei Han","Japan_Revolver_Kihei_Han","cavalry","light","","false","false","1"
"0","saxons","Japan","Japan Bodyguard Ezo","Japan_Bodyguard_Ezo","cavalry","light","","false","false","1"
"0","saxons","Japan","Japan Sampeitai","Japan_Sampeitai","infantry","missile","","false","false","1"
"0","saxons","Japan","Japan Suzakutai","Japan_Suzakutai","infantry","missile","","false","false","1"
"0","saxons","Japan","Japan Nagaoka Hoheitai","Japan_Nagaoka_Hoheitai","infantry","missile","","false","false","1"
"0","saxons","Japan","Japan Gakuheitai","Japan_Gakuheitai","infantry","missile","","false","false","1"
"0","saxons","Japan","Japan Denshutai","Japan_Denshutai","infantry","missile","","false","false","1"
"0","saxons","Japan","Japan Karasugumi","Japan_Karasugumi","infantry","missile","","false","false","1"
"0","saxons","Japan","Japan Raijintai","Japan_Raijintai","infantry","missile","","false","false","1"
"0","saxons","Japan","Japan Shinsengumi","Japan_Shinsengumi","infantry","missile","","false","false","1"
"0","saxons","Japan","Japan Revolver Kihei","Japan_Revolver_Kihei","cavalry","light","","false","false","1"
"0","saxons","Japan","Japan Denshutai Kihei","Japan_Denshutai_Kihei","cavalry","missile","","false","false","1"
"0","saxons","Japan","sho_mod_cav","sho_mod_cav","cavalry","light","","false","false","1"
"0","saxons","Japan","Japan Ainu Archers","Japan_Ainu_Archers","infantry","missile","","false","true","1"
"0","saxons","Japan","Japan Ainu Teppo","Japan_Ainu_Teppo","infantry","missile","","false","true","1"
"0","saxons","Japan","Japan Bodyguard Retainers","Japan_Bodyguard_Retainers","cavalry","light","","false","false","1"
"0","saxons","Japan","Japan Byakkotai","Japan_Byakkotai","infantry","missile","","false","false","1"
"0","saxons","Japan","Japan Enomoto Takeaki","Japan_Enomoto_Takeaki","cavalry","light","","false","false","1"
"0","saxons","Japan","Japan Heimin Mob","Japan_Heimin_Mob","infantry","spearmen","","false","true","3"
"0","saxons","Japan","Japan Heimin Partisans","Japan_Heimin_Partisans","infantry","missile","","false","true","1"
"0","saxons","Japan","Japan Hijikata Toshizo","Japan_Hijikata_Toshizo","cavalry","light","","false","false","1"
"0","saxons","Japan","Japan Ishin Shishi","Japan_Ishin_Shishi","infantry","heavy","","false","false","1"
"0","saxons","Japan","Japan Itagaki Taisuke","Japan_Itagaki_Taisuke","cavalry","light","","false","false","1"
"0","saxons","Japan","Japan Jules Brunet","Japan_Jules_Brunet","cavalry","light","","false","false","1"
"0","saxons","Japan","Japan Kaga Hoheitai","Japan_Kaga_Hoheitai","infantry","missile","","false","false","1"
"0","saxons","Japan","Japan Kaiso Shinsengumi","Japan_Kaiso_Shinsengumi","infantry","missile","","false","false","1"
"0","saxons","Japan","Japan Kenyotai","Japan_Kenyotai","infantry","heavy","","false","false","1"
"0","saxons","Japan","Japan Kijutai","Japan_Kijutai","infantry","missile","","false","false","1"
"0","saxons","Japan","Japan Kondo Isami","Japan_Kondo_Isami","cavalry","light","","false","false","1"
"0","saxons","Japan","Japan Matsudaira Katamori","Japan_Matsudaira_Katamori","cavalry","light","","false","false","1"
"0","saxons","Japan","Japan Matsushiro Hoheitai","Japan_Matsushiro_Hoheitai","infantry","missile","","false","false","1"
"0","saxons","Japan","Japan Ronin","Japan_Ronin","infantry","light","","false","true","1"
"0","saxons","Japan","Japan Saigo Takamori 1860","Japan_Saigo_Takamori_1860","cavalry","light","","false","false","1"
"0","saxons","Japan","Japan Sakamoto Ryoma","Japan_Sakamoto_Ryoma","cavalry","light","","false","false","1"
"0","saxons","Japan","Japan Shogitai","Japan_Shogitai","infantry","heavy","","false","false","1"
"0","saxons","Japan","Japan Takeda Ayasaburo","Japan_Takeda_Ayasaburo","cavalry","light","","false","false","1"
"0","saxons","Japan","Japan Teppotai Merc","Japan_Teppotai_Merc","infantry","missile","","false","true","1"
"0","saxons","Japan","Japan Tokugawa Yoshinobu","Japan_Tokugawa_Yoshinobu","cavalry","light","","false","false","1"
"0","saxons","Japan","Japan Yukantai","Japan_Yukantai","infantry","missile","","false","false","1"
"1","spain","Spain","fra_12lb","fra_12lb","siege","missile","12pound","true","false","2"
"1","sicily","Denmark","fra_12lb","fra_12lb","siege","missile","12pound","true","false","2"
"1","poland","Brazil","fra_12lb","fra_12lb","siege","missile","12pound","true","false","2"
"1","scotland","Mexico","fra_12lb","fra_12lb","siege","missile","12pound","true","false","2"
"1","aztecs","Argentina","fra_12lb","fra_12lb","siege","missile","12pound","true","false","2"
"1","england","Britain","col_12lb","col_12lb","siege","missile","12pound","true","true","2"
"1","france","France","col_12lb","col_12lb","siege","missile","12pound","true","true","2"
"1","portugal","Netherlands","col_12lb","col_12lb","siege","missile","12pound","true","true","2"
"1","france","France","fra_gatling","fra_gatling","siege","missile","mitrailleuse","true","false","2"
"1","spain","Spain","fra_gatling","fra_gatling","siege","missile","mitrailleuse","true","false","2"
"1","sicily","Denmark","fra_gatling","fra_gatling","siege","missile","mitrailleuse","true","false","2"
"1","poland","Brazil","fra_gatling","fra_gatling","siege","missile","mitrailleuse","true","false","2"
"1","scotland","Mexico","fra_gatling","fra_gatling","siege","missile","mitrailleuse","true","false","2"
"1","aztecs","Argentina","fra_gatling","fra_gatling","siege","missile","mitrailleuse","true","false","2"
"1","france","France","fra_armstrong","fra_armstrong","siege","missile","armstrong","true","false","2"
"1","spain","Spain","fra_armstrong","fra_armstrong","siege","missile","armstrong","true","false","2"
"1","sicily","Denmark","fra_armstrong","fra_armstrong","siege","missile","armstrong","true","false","2"
"1","poland","Brazil","fra_armstrong","fra_armstrong","siege","missile","armstrong","true","false","2"
"1","scotland","Mexico","fra_armstrong","fra_armstrong","siege","missile","armstrong","true","false","2"
"1","aztecs","Argentina","fra_armstrong","fra_armstrong","siege","missile","armstrong","true","false","2"
"1","russia","Russia","rus_12lb","rus_12lb","siege","missile","12pound","true","false","2"
"1","mongols","Greece","rus_12lb","rus_12lb","siege","missile","12pound","true","false","2"
"1","normans","Sweden-Norway","rus_12lb","rus_12lb","siege","missile","12pound","true","false","2"
"1","hungary","Austria-Hungary","rus_12lb","rus_12lb","siege","missile","12pound","true","false","2"
"1","russia","Russia","rus_gatling","rus_gatling","siege","missile","gatling","true","false","2"
"1","mongols","Greece","rus_gatling","rus_gatling","siege","missile","gatling","true","false","2"
"1","normans","Sweden-Norway","rus_gatling","rus_gatling","siege","missile","gatling","true","false","2"
"1","hungary","Austria-Hungary","rus_gatling","rus_gatling","siege","missile","gatling","true","false","2"
"1","hre","Prussia","rus_gatling","rus_gatling","siege","missile","gatling","true","false","2"
"1","hre","Prussia","rus_150mm","rus_150mm","siege","missile","feldkanone","true","false","2"
"1","hre","Prussia","rus_armstrong","rus_armstrong","siege","missile","armstrong","true","false","2"
"1","russia","Russia","rus_armstrong","rus_armstrong","siege","missile","armstrong","true","false","2"
"1","mongols","Greece","rus_armstrong","rus_armstrong","siege","missile","armstrong","true","false","2"
"1","normans","Sweden-Norway","rus_armstrong","rus_armstrong","siege","missile","armstrong","true","false","2"
"1","hungary","Austria-Hungary","rus_armstrong","rus_armstrong","siege","missile","armstrong","true","false","2"
"1","saxons","Japan","jap_12lb","jap_12lb","siege","missile","12pound","true","false","2"
"1","saxons","Japan","jap_gatling","jap_gatling","siege","missile","gatling","true","false","2"
"1","saxons","Japan","jap_armstrong","jap_armstrong","siege","missile","cannon","true","false","2"
"1","bulga","Indian Princely States","ind_armstrong","ind_armstrong","siege","missile","cannon","true","false","2"
"1","cuman","Turkestan","kok_armstrong","kok_armstrong","siege","missile","cannon","true","false","2"
"1","saxons","Japan","sho_12lb","sho_12lb","siege","missile","12pound","true","false","2"
"1","papal_states","Ethiopia","eth_rifled_gun","eth_rifled_gun","siege","missile","12pound","true","false","2"
"1","saxons","Japan","sho_gatling","sho_gatling","siege","missile","gatling","true","false","2"
"1","saxons","Japan","sho_armstrong","sho_armstrong","siege","missile","cannon","true","false","2"
"1","papal_states","Ethiopia","eth_field_gun","eth_field_gun","siege","missile","cannon","true","false","2"
"1","saxons","Japan","Japan Armstrong","Japan_Armstrong","siege","missile","armstrong","true","false","2"
"1","saxons","Japan","Japan Armstrong Han","Japan_Armstrong_Han","siege","missile","armstrong","true","false","2"
"1","milan","Confederates","csa_12lb","csa_12lb","siege","missile","12pound","true","false","2"
"1","teu","Boers","csa_12lb","csa_12lb","siege","missile","12pound","true","false","2"
"1","milan","Confederates","csa_gatling","csa_gatling","siege","missile","gatling","true","false","2"
"1","teu","Boers","csa_gatling","csa_gatling","siege","missile","gatling","true","false","2"
"1","milan","Confederates","csa_armstrong","csa_armstrong","siege","missile","armstrong","true","false","2"
"1","teu","Boers","csa_armstrong","csa_armstrong","siege","missile","armstrong","true","false","2"
"1","portugala","Union","usa_12lb","usa_12lb","siege","missile","12pound","true","false","2"
"1","denmark","Peru","usa_12lb","usa_12lb","siege","missile","12pound","true","false","2"
"1","portugala","Union","usa_gatling","usa_gatling","siege","missile","gatling","true","false","2"
"1","denmark","Peru","usa_gatling","usa_gatling","siege","missile","gatling","true","false","2"
"1","portugala","Union","usa_armstrong","usa_armstrong","siege","missile","armstrong","true","false","2"
"1","denmark","Peru","usa_armstrong","usa_armstrong","siege","missile","armstrong","true","false","2"
"1","england","Britain","eng_maxim","eng_maxim","siege","missile","maxim","true","false","2"
"1","england","Britain","eng_12lb","eng_12lb","siege","missile","12pound","true","false","2"
"1","venice","Italy","eng_12lb","eng_12lb","siege","missile","12pound","true","false","2"
"1","portugal","Netherlands","eng_12lb","eng_12lb","siege","missile","12pound","true","false","2"
"1","venice","Italy","eng_gatling","eng_gatling","siege","missile","gatling","true","false","2"
"1","portugal","Netherlands","eng_gatling","eng_gatling","siege","missile","gatling","true","false","2"
"1","england","Britain","eng_armstrong","eng_armstrong","siege","missile","armstrong","true","false","2"
"1","venice","Italy","eng_armstrong","eng_armstrong","siege","missile","armstrong","true","false","2"
"1","portugal","Netherlands","eng_armstrong","eng_armstrong","siege","missile","armstrong","true","false","2"
"1","byzantium","Qing","byz_12lb","byz_12lb","siege","missile","12pound","true","false","2"
"1","cru","Siam","siam_12lb","siam_12lb","siege","missile","12pound","true","false","2"
"1","byzantium","Qing","byz_gatling","byz_gatling","siege","missile","gatling","true","false","2"
"1","byzantium","Qing","byz_armstrong","byz_armstrong","siege","missile","cannon","true","false","2"
"1","cru","Siam","siam_armstrong","siam_armstrong","siege","missile","cannon","true","false","2"
"1","turks","Ottoman","mus_12lb","mus_12lb","siege","missile","12pound","true","false","2"
"1","turks","Ottoman","mus_gatling","mus_gatling","siege","missile","gatling","true","false","2"
"1","moors","Morocco","mus_armstrong","mus_armstrong","siege","missile","cannon","true","false","2"
"1","turks","Ottoman","mus_armstrong","mus_armstrong","siege","missile","cannon","true","false","2"
"1","golden","Oman","mus_armstrong","mus_armstrong","siege","missile","cannon","true","false","2"
"1","portugala","Union","uni_regulars_mid","uni_regulars_mid","infantry","missile","","false","false","2"
"1","portugala","Union","uni_national_guard_mid","uni_national_guard_mid","infantry","missile","","false","false","2"
"1","portugala","Union","uni_marines_mid","uni_marines_mid","infantry","missile","","false","false","1"
"1","portugala","Union","uni_indian_scouts","uni_indian_scouts","infantry","missile","","false","false","1"
"1","portugala","Union","uni_dragoons_mid","uni_dragoons_mid","cavalry","missile","","false","false","1"
"1","portugala","Union","uni_indian_scout_cavalry","uni_indian_scout_cavalry","cavalry","light","","false","false","1"
"1","portugala","Union","uni_general_staff","uni_general_staff","cavalry","light","","false","false","1"
"1","milan","Confederates","csa_state_guard_mid","csa_state_guard_mid","infantry","missile","","false","false","4"
"1","milan","Confederates","csa_regulars_mid","csa_regulars_mid","infantry","missile","","false","false","2"
"1","milan","Confederates","csa_state_cavalry_mid","csa_state_cavalry_mid","cavalry","missile","","false","false","1"
"1","milan","Confederates","csa_general_staff","csa_general_staff","cavalry","light","","false","false","1"
"1","teu","Boers","boer_mounted_kommando_mid","boer_mounted_kommando_mid","cavalry","missile","","false","false","1"
"1","scotland","Mexico","mex_carbineers_mid","mex_carbineers_mid","cavalry","missile","","false","false","1"
"1","scotland","Mexico","mex_hussars","mex_hussars","cavalry","light","","false","false","1"
"1","scotland","Mexico","mex_state_guard_mid","mex_state_guard_mid","infantry","missile","","false","false","2"
"1","scotland","Mexico","mex_general_staff","mex_general_staff","cavalry","light","","false","false","1"
"1","scotland","Mexico","mex_federal_mid","mex_federal_mid","infantry","missile","","false","false","3"
"1","scotland","Mexico","mex_cazadores_mid","mex_cazadores_mid","infantry","missile","","false","false","1"
"1","denmark","Peru","per_line_mid","per_line_mid","infantry","missile","","false","false","1"
"1","denmark","Peru","per_guard_mid","per_guard_mid","infantry","missile","","false","false","1"
"1","denmark","Peru","per_cazadores_mid","per_cazadores_mid","infantry","missile","","false","false","1"
"1","denmark","Peru","per_montoneros_mid","per_montoneros_mid","infantry","missile","","false","false","1"
"1","denmark","Peru","per_marines_mid","per_marines_mid","infantry","missile","","false","false","1"
"1","denmark","Peru","per_husares_junin","per_husares_junin","cavalry","light","","false","false","1"
"1","denmark","Peru","per_lanceros_torata","per_lanceros_torata","cavalry","light","","false","false","1"
"1","denmark","Peru","per_general_staff","per_general_staff","cavalry","light","","false","false","1"
"1","poland","Brazil","bra_line_mid","bra_line_mid","infantry","missile","","false","false","2"
"1","poland","Brazil","bra_guard_mid","bra_guard_mid","infantry","missile","","false","false","1"
"1","poland","Brazil","bra_cacadores_mid","bra_cacadores_mid","infantry","missile","","false","false","1"
"1","poland","Brazil","bra_engineers_mid","bra_engineers_mid","infantry","missile","","false","false","1"
"1","poland","Brazil","bra_marines_mid","bra_marines_mid","infantry","missile","","false","false","1"
"1","poland","Brazil","bra_dragoons_mid","bra_dragoons_mid","cavalry","missile","","false","false","1"
"1","poland","Brazil","bra_general_staff","bra_general_staff","cavalry","light","","false","false","1"
"1","aztecs","Argentina","arg_line_mid","arg_line_mid","infantry","missile","","false","false","2"
"1","aztecs","Argentina","arg_national_guard_mid","arg_national_guard_mid","infantry","missile","","false","false","2"
"1","aztecs","Argentina","arg_cazadores_mid","arg_cazadores_mid","infantry","missile","","false","false","1"
"1","aztecs","Argentina","arg_cavalry_mid","arg_cavalry_mid","cavalry","missile","","false","false","1"
"1","aztecs","Argentina","arg_lancers_mid","arg_lancers_mid","cavalry","light","","false","false","1"
"1","aztecs","Argentina","arg_frontier_gauchos","arg_frontier_gauchos","cavalry","light","","false","false","1"
"1","aztecs","Argentina","arg_general_staff","arg_general_staff","cavalry","light","","false","false","1"
"1","scotland","Mexico","merc_us_farmers","merc_us_farmers","infantry","missile","","false","true","2"
"1","england","Britain","uk_hussars_mid","uk_hussars_mid","cavalry","light","","false","false","1"
"1","england","Britain","uk_dragoon_mid","uk_dragoon_mid","cavalry","heavy","","false","false","1"
"1","england","Britain","uk_general","uk_general","cavalry","light","","false","false","1"
"1","england","Britain","uk_indian_lancers","uk_indian_lancers","cavalry","heavy","","false","false","1"
"1","england","Britain","uk_foot_mid","uk_foot_mid","infantry","missile","","false","false","1"
"1","england","Britain","uk_guard_mid","uk_guard_mid","infantry","missile","","false","false","1"
"1","england","Britain","uk_light_mid","uk_light_mid","infantry","missile","","false","false","1"
"1","england","Britain","uk_highlanders_mid","uk_highlanders_mid","infantry","missile","","false","false","1"
"1","england","Britain","uk_marines_mid","uk_marines_mid","infantry","missile","","false","false","1"
"1","england","Britain","uk_indian_foot_mid","uk_indian_foot_mid","infantry","missile","","false","false","1"
"1","england","Britain","uk_imperial_foot_mid","uk_imperial_foot_mid","infantry","missile","","false","false","1"
"1","spain","Spain","merc_port_inf_mid","merc_port_inf_mid","infantry","missile","","false","true","5"
"1","spain","Spain","merc_port_cav_mid","merc_port_cav_mid","cavalry","missile","","false","true","1"
"1","england","Britain","merc_bhutan_warrior","merc_bhutan_warrior","infantry","light","","false","true","1"
"1","bulga","Indian Princely States","ind_bhutan_warrior","ind_bhutan_warrior","infantry","light","","false","false","3"
"1","england","Britain","merc_burmese_inf","merc_burmese_inf","infantry","missile","","false","true","1"
"1","england","Britain","merc_maori_spearmen","merc_maori_spearmen","infantry","light","","false","true","2"
"1","england","Britain","merc_maori_musketeers","merc_maori_musketeers","infantry","missile","","false","true","2"
"1","england","Britain","merc_arab_sailors","merc_arab_sailors","infantry","missile","","false","true","2"
"1","england","Britain","merc_fra_blacks","merc_fra_blacks","infantry","missile","","false","true","1"
"1","venice","Italy","merc_fra_blacks","merc_fra_blacks","infantry","missile","","false","true","1"
"1","england","Britain","merc_eng_for_cav","merc_eng_for_cav","cavalry","missile","","false","true","1"
"1","spain","Spain","spa_inf_mid","spa_inf_mid","infantry","missile","","false","false","2"
"1","spain","Spain","spa_caz_mid","spa_caz_mid","infantry","missile","","false","false","1"
"1","spain","Spain","spa_milicia_nacional_mid","spa_milicia_nacional_mid","infantry","missile","","false","false","1"
"1","spain","Spain","spa_col_inf_mid","spa_col_inf_mid","infantry","missile","","false","false","1"
"1","spain","Spain","spa_cav_mid","spa_cav_mid","cavalry","missile","","false","false","1"
"1","spain","Spain","spa_col_cav_mid","spa_col_cav_mid","cavalry","light","","false","false","1"
"1","spain","Spain","spa_cuirassiers_early","spa_cuirassiers_early","cavalry","heavy","","false","false","1"
"1","spain","Spain","civil_guard","civil_guard","cavalry","light","","false","false","1"
"1","spain","Spain","euro_hussars","euro_hussars","cavalry","light","","false","false","1"
"1","spain","Spain","austro_sailor_spain_mid","austro_sailor_spain_mid","infantry","missile","","false","false","1"
"1","france","France","fra_fusiliers_mid","fra_fusiliers_mid","infantry","missile","","false","false","1"
"1","france","France","fra_garde_nationale_mid","fra_garde_nationale_mid","infantry","missile","","false","false","1"
"1","france","France","fra_zouaves_mid","fra_zouaves_mid","infantry","missile","","false","false","1"
"1","france","France","fra_chasseurs_mid","fra_chasseurs_mid","infantry","missile","","false","false","1"
"1","france","France","fra_guard_grenadiers_mid","fra_guard_grenadiers_mid","infantry","missile","","false","false","1"
"1","france","France","fra_legion_mid","fra_legion_mid","infantry","missile","","false","false","1"
"1","france","France","fra_marins_mid","fra_marins_mid","infantry","missile","","false","false","1"
"1","france","France","fra_senegalais_mid","fra_senegalais_mid","infantry","missile","","false","false","1"
"1","france","France","fra_cuirassiers","fra_cuirassiers","cavalry","heavy","","false","false","1"
"1","france","France","fra_hussards","fra_hussards","cavalry","light","","false","false","1"
"1","france","France","fra_chasseurs_cheval","fra_chasseurs_cheval","cavalry","light","","false","false","1"
"1","france","France","fra_carabiniers_mid","fra_carabiniers_mid","cavalry","missile","","false","false","1"
"1","france","France","fra_spahis_mid","fra_spahis_mid","cavalry","missile","","false","false","1"
"1","france","France","fra_general_staff","fra_general_staff","cavalry","light","","false","false","1"
"1","hre","Prussia","pru_fusiliere_mid","pru_fusiliere_mid","infantry","missile","","false","false","1"
"1","hre","Prussia","pru_pioniere_mid","pru_pioniere_mid","infantry","missile","","false","false","1"
"1","hre","Prussia","pru_gardegrenadiere_mid","pru_gardegrenadiere_mid","infantry","missile","","false","false","1"
"1","hre","Prussia","pru_jaeger_mid","pru_jaeger_mid","infantry","missile","","false","false","1"
"1","hre","Prussia","pru_seesoldaten_mid","pru_seesoldaten_mid","infantry","missile","","false","false","1"
"1","hre","Prussia","pru_wuerttemberg_mid","pru_wuerttemberg_mid","infantry","missile","","false","false","1"
"1","hre","Prussia","pru_bavarian_fusiliere_mid","pru_bavarian_fusiliere_mid","infantry","missile","","false","false","1"
"1","hre","Prussia","pru_bavarian_landwehr_mid","pru_bavarian_landwehr_mid","infantry","missile","","false","false","1"
"1","hre","Prussia","pru_kuerassiere","pru_kuerassiere","cavalry","heavy","","false","false","1"
"1","hre","Prussia","pru_husaren","pru_husaren","cavalry","light","","false","false","1"
"1","hre","Prussia","pru_dragoner_mid","pru_dragoner_mid","cavalry","missile","","false","false","1"
"1","hre","Prussia","pru_general_staff","pru_general_staff","cavalry","light","","false","false","1"
"1","portugal","Netherlands","net_line_mid","net_line_mid","infantry","missile","","false","false","1"
"1","portugal","Netherlands","net_grenadiers_mid","net_grenadiers_mid","infantry","missile","","false","false","1"
"1","portugal","Netherlands","net_jagers_mid","net_jagers_mid","infantry","missile","","false","false","1"
"1","portugal","Netherlands","net_mariniers_mid","net_mariniers_mid","infantry","missile","","false","false","1"
"1","portugal","Netherlands","net_schutterij_mid","net_schutterij_mid","infantry","missile","","false","false","1"
"1","portugal","Netherlands","net_knil_mid","net_knil_mid","infantry","missile","","false","false","1"
"1","portugal","Netherlands","net_dragonders","net_dragonders","cavalry","heavy","","false","false","1"
"1","portugal","Netherlands","net_huzaren","net_huzaren","cavalry","light","","false","false","1"
"1","portugal","Netherlands","net_karabiniers_mid","net_karabiniers_mid","cavalry","missile","","false","false","1"
"1","portugal","Netherlands","net_general_staff","net_general_staff","cavalry","light","","false","false","1"
"1","sicily","Denmark","dan_fod_mid","dan_fod_mid","infantry","missile","","false","false","3"
"1","sicily","Denmark","dan_guard_mid","dan_guard_mid","infantry","missile","","false","false","1"
"1","sicily","Denmark","dan_light_mid","dan_light_mid","infantry","missile","","false","false","1"
"1","sicily","Denmark","dan_marines_mid","dan_marines_mid","infantry","missile","","false","false","1"
"1","sicily","Denmark","dan_cuirassier","dan_cuirassier","cavalry","heavy","","false","false","1"
"1","sicily","Denmark","dan_hussars","dan_hussars","cavalry","light","","false","false","1"
"1","sicily","Denmark","dan_dragoon_mid","dan_dragoon_mid","cavalry","missile","","false","false","1"
"1","sicily","Denmark","dan_general","dan_general","cavalry","light","","false","false","1"
"1","normans","Sweden-Norway","swe_line_mid","swe_line_mid","infantry","missile","","false","false","1"
"1","normans","Sweden-Norway","nor_line_mid","nor_line_mid","infantry","missile","","false","false","1"
"1","normans","Sweden-Norway","swe_bevaring_mid","swe_bevaring_mid","infantry","missile","","false","false","1"
"1","normans","Sweden-Norway","swe_jagare_mid","swe_jagare_mid","infantry","missile","","false","false","1"
"1","normans","Sweden-Norway","swe_guard_mid","swe_guard_mid","infantry","missile","","false","false","1"
"1","normans","Sweden-Norway","nor_guard_mid","nor_guard_mid","infantry","missile","","false","false","1"
"1","normans","Sweden-Norway","swe_hussars","swe_hussars","cavalry","light","","false","false","1"
"1","normans","Sweden-Norway","swe_dragoons_mid","swe_dragoons_mid","cavalry","missile","","false","false","1"
"1","normans","Sweden-Norway","swe_lifeguard_horse","swe_lifeguard_horse","cavalry","heavy","","false","false","1"
"1","normans","Sweden-Norway","swe_general_staff","swe_general_staff","cavalry","light","","false","false","1"
"1","egypt","Qajar","qaj_tofangchi","qaj_tofangchi","infantry","missile","","false","false","1"
"1","egypt","Qajar","qaj_sarbaz_mid","qaj_sarbaz_mid","infantry","missile","","false","false","1"
"1","egypt","Qajar","qaj_guard_mid","qaj_guard_mid","infantry","missile","","false","false","1"
"1","egypt","Qajar","qaj_sharpshooters","qaj_sharpshooters","infantry","missile","","false","false","1"
"1","egypt","Qajar","qaj_austrian_corps","qaj_austrian_corps","infantry","missile","","false","false","1"
"1","egypt","Qajar","qaj_tribal_cavalry","qaj_tribal_cavalry","cavalry","light","","false","false","1"
"1","egypt","Qajar","qaj_cossack_brigade","qaj_cossack_brigade","cavalry","light","","false","false","1"
"1","egypt","Qajar","qaj_horse_guard","qaj_horse_guard","cavalry","light","","false","false","1"
"1","egypt","Qajar","qaj_general_staff","qaj_general_staff","cavalry","light","","false","false","1"
"1","mongols","Greece","gre_line_mid","gre_line_mid","infantry","missile","","false","false","2"
"1","mongols","Greece","gre_efedroi_mid","gre_efedroi_mid","infantry","missile","","false","false","1"
"1","mongols","Greece","gre_evzones_mid","gre_evzones_mid","infantry","missile","","false","false","1"
"1","mongols","Greece","gre_marines_mid","gre_marines_mid","infantry","missile","","false","false","1"
"1","mongols","Greece","gre_lancers","gre_lancers","cavalry","light","","false","false","1"
"1","mongols","Greece","gre_royal_escort","gre_royal_escort","cavalry","heavy","","false","false","1"
"1","mongols","Greece","gre_carbineers_mid","gre_carbineers_mid","cavalry","missile","","false","false","1"
"1","mongols","Greece","gre_general_staff","gre_general_staff","cavalry","light","","false","false","1"
"1","venice","Italy","ita_line_mid","ita_line_mid","infantry","missile","","false","false","2"
"1","venice","Italy","ita_milizia_mid","ita_milizia_mid","infantry","missile","","false","false","1"
"1","venice","Italy","ita_granatieri_mid","ita_granatieri_mid","infantry","missile","","false","false","1"
"1","venice","Italy","ita_bersaglieri_mid","ita_bersaglieri_mid","infantry","missile","","false","false","1"
"1","venice","Italy","ita_alpini_mid","ita_alpini_mid","infantry","missile","","false","false","1"
"1","venice","Italy","ita_marina_mid","ita_marina_mid","infantry","missile","","false","false","1"
"1","venice","Italy","ita_zappatori_mid","ita_zappatori_mid","infantry","missile","","false","false","1"
"1","venice","Italy","ita_cavalleggeri","ita_cavalleggeri","cavalry","light","","false","false","1"
"1","venice","Italy","ita_lancieri","ita_lancieri","cavalry","light","","false","false","1"
"1","venice","Italy","ita_general_staff","ita_general_staff","cavalry","light","","false","false","1"
"1","venice","Italy","ita_carabinieri_mid","ita_carabinieri_mid","cavalry","missile","","false","false","1"
"1","russia","Russia","rus_pekhota_mid","rus_pekhota_mid","infantry","missile","","false","false","1"
"1","russia","Russia","rus_opolchenie_mid","rus_opolchenie_mid","infantry","missile","","false","false","1"
"1","russia","Russia","rus_leib_guard_mid","rus_leib_guard_mid","infantry","missile","","false","false","1"
"1","russia","Russia","rus_grenadery_mid","rus_grenadery_mid","infantry","missile","","false","false","1"
"1","russia","Russia","rus_strelki_mid","rus_strelki_mid","infantry","missile","","false","false","1"
"1","russia","Russia","rus_marines_mid","rus_marines_mid","infantry","missile","","false","false","1"
"1","russia","Russia","rus_sapery_mid","rus_sapery_mid","infantry","missile","","false","false","1"
"1","russia","Russia","rus_siberian_mid","rus_siberian_mid","infantry","missile","","false","false","1"
"1","russia","Russia","rus_draguny_mid","rus_draguny_mid","cavalry","missile","","false","false","1"
"1","russia","Russia","rus_kazaki_mid","rus_kazaki_mid","cavalry","missile","","false","false","1"
"1","russia","Russia","rus_gusary","rus_gusary","cavalry","light","","false","false","1"
"1","russia","Russia","rus_ulany","rus_ulany","cavalry","light","","false","false","1"
"1","russia","Russia","rus_guard_cuirassiers","rus_guard_cuirassiers","cavalry","heavy","","false","false","1"
"1","russia","Russia","rus_general_staff","rus_general_staff","cavalry","light","","false","false","1"
"1","russia","Russia","merc_mongol_bows","merc_mongol_bows","infantry","missile","","false","true","1"
"1","byzantium","Qing","merc_mongol_bows","merc_mongol_bows","infantry","missile","","false","true","1"
"1","hungary","Austria-Hungary","aus_line_mid","aus_line_mid","infantry","missile","","false","false","3"
"1","hungary","Austria-Hungary","aus_kaiserjaeger_mid","aus_kaiserjaeger_mid","infantry","missile","","false","false","1"
"1","hungary","Austria-Hungary","aus_landwehr_mid","aus_landwehr_mid","infantry","missile","","false","false","1"
"1","hungary","Austria-Hungary","aus_honved_mid","aus_honved_mid","infantry","missile","","false","false","1"
"1","hungary","Austria-Hungary","aus_bosniak_mid","aus_bosniak_mid","infantry","missile","","false","false","1"
"1","hungary","Austria-Hungary","aus_matrosen_mid","aus_matrosen_mid","infantry","missile","","false","false","1"
"1","hungary","Austria-Hungary","aus_dragoner_mid","aus_dragoner_mid","cavalry","missile","","false","false","1"
"1","hungary","Austria-Hungary","aus_husaren","aus_husaren","cavalry","light","","false","false","1"
"1","hungary","Austria-Hungary","aus_ulanen","aus_ulanen","cavalry","light","","false","false","1"
"1","hungary","Austria-Hungary","aus_general_staff","aus_general_staff","cavalry","light","","false","false","1"
"1","russia","Russia","merc_pol_hussars","merc_pol_hussars","cavalry","missile","","false","true","1"
"1","hre","Prussia","merc_pol_hussars","merc_pol_hussars","cavalry","missile","","false","true","1"
"1","russia","Russia","merc_polish_inf","merc_polish_inf","infantry","missile","","false","true","2"
"1","hre","Prussia","merc_polish_inf","merc_polish_inf","infantry","missile","","false","true","2"
"1","russia","Russia","merc_georgian_inf","merc_georgian_inf","infantry","missile","","false","true","2"
"1","russia","Russia","merc_serb_inf","merc_serb_inf","infantry","missile","","false","true","2"
"1","russia","Russia","georgian_inf_russia","georgian_inf_russia","infantry","missile","","false","false","1"
"1","moors","Morocco","mor_askar_mid","mor_askar_mid","infantry","missile","","false","false","2"
"1","moors","Morocco","mor_makhzen_mid","mor_makhzen_mid","infantry","missile","","false","false","1"
"1","moors","Morocco","mor_abid_mid","mor_abid_mid","infantry","missile","","false","false","1"
"1","moors","Morocco","mor_rif_mid","mor_rif_mid","infantry","missile","","false","false","1"
"1","moors","Morocco","mor_makhzen_cav_mid","mor_makhzen_cav_mid","cavalry","missile","","false","false","1"
"1","moors","Morocco","mor_tribal_levy","mor_tribal_levy","infantry","spearmen","","false","false","1"
"1","moors","Morocco","mor_guich_cavalry","mor_guich_cavalry","cavalry","light","","false","false","1"
"1","moors","Morocco","mor_hajjana","mor_hajjana","cavalry","missile","","false","false","1"
"1","moors","Morocco","mor_general_staff","mor_general_staff","cavalry","light","","false","false","1"
"1","teu","Boers","boer_kommando_mid","boer_kommando_mid","infantry","missile","","false","false","5"
"1","teu","Boers","csa_lancer_te","csa_lancer_te","cavalry","light","","false","false","1"
"1","teu","Boers","boer_wagon","boer_wagon","cavalry","missile","","false","false","1"
"1","teu","Boers","merc_zulu_rifles","merc_zulu_rifles","infantry","missile","","false","true","3"
"1","lith","Zulu","zulu_royals","zulu_royals","infantry","light","","false","false","1"
"1","lith","Zulu","zulu_spearmen","zulu_spearmen","infantry","light","","false","false","1"
"1","lith","Zulu","zulu_guard","zulu_guard","infantry","light","","false","false","3"
"1","lith","Zulu","zulu_elite","zulu_elite","infantry","light","","false","false","1"
"1","turks","Ottoman","ott_nizamiye_mid","ott_nizamiye_mid","infantry","missile","","false","false","2"
"1","turks","Ottoman","ott_redif_mid","ott_redif_mid","infantry","missile","","false","false","2"
"1","turks","Ottoman","ott_avci_mid","ott_avci_mid","infantry","missile","","false","false","1"
"1","turks","Ottoman","ott_hassa_mid","ott_hassa_mid","infantry","missile","","false","false","1"
"1","turks","Ottoman","ott_bahriye_mid","ott_bahriye_mid","infantry","missile","","false","false","1"
"1","turks","Ottoman","ott_mustahfiz_mid","ott_mustahfiz_mid","infantry","missile","","false","false","1"
"1","turks","Ottoman","ott_suvari_mid","ott_suvari_mid","cavalry","missile","","false","false","1"
"1","turks","Ottoman","ott_hassa_suvarisi","ott_hassa_suvarisi","cavalry","light","","false","false","1"
"1","turks","Ottoman","ott_mizrakli_suvari","ott_mizrakli_suvari","cavalry","light","","false","false","1"
"1","turks","Ottoman","ott_general_staff","ott_general_staff","cavalry","light","","false","false","1"
"1","papal_states","Ethiopia","mahdist_inf","mahdist_inf","infantry","light","","false","true","3"
"1","papal_states","Ethiopia","fra_blacks_az","fra_blacks_az","infantry","missile","","false","true","2"
"1","papal_states","Ethiopia","mahdist_camel_cav","mahdist_camel_cav","cavalry","missile","","false","true","1"
"1","papal_states","Ethiopia","mahdist_cav","mahdist_cav","cavalry","light","","false","true","1"
"1","golden","Oman","oma_baluchi_musketeers","oma_baluchi_musketeers","infantry","missile","","false","false","1"
"1","golden","Oman","oma_regular_mid","oma_regular_mid","infantry","missile","","false","false","2"
"1","golden","Oman","oma_palace_guard_mid","oma_palace_guard_mid","infantry","missile","","false","false","1"
"1","golden","Oman","oma_zanzibar_mid","oma_zanzibar_mid","infantry","missile","","false","false","1"
"1","golden","Oman","oma_bedouin_camelry","oma_bedouin_camelry","cavalry","missile","","false","false","1"
"1","golden","Oman","oma_horse_guard_mid","oma_horse_guard_mid","cavalry","light","","false","false","1"
"1","golden","Oman","oma_command_retinue","oma_command_retinue","cavalry","light","","false","false","1"
"1","timurids","Afghanistan","afg_lashkar_qawmi","afg_lashkar_qawmi","infantry","missile","","false","false","1"
"1","timurids","Afghanistan","afg_tajik_hillmen","afg_tajik_hillmen","infantry","missile","","false","false","1"
"1","timurids","Afghanistan","afg_pashtun_wall_gunners","afg_pashtun_wall_gunners","infantry","missile","","false","false","1"
"1","timurids","Afghanistan","afg_regular_mid","afg_regular_mid","infantry","missile","","false","false","1"
"1","timurids","Afghanistan","afg_ghilzai_nobles","afg_ghilzai_nobles","infantry","missile","","false","false","1"
"1","timurids","Afghanistan","afg_tribal_cavalry","afg_tribal_cavalry","cavalry","light","","false","false","1"
"1","timurids","Afghanistan","afg_regular_cavalry","afg_regular_cavalry","cavalry","light","","false","false","1"
"1","timurids","Afghanistan","afg_pashtun_camelry","afg_pashtun_camelry","cavalry","light","","false","false","1"
"1","timurids","Afghanistan","afg_general_staff","afg_general_staff","cavalry","light","","false","false","1"
"1","egypt","Qajar","afghan_militia","afghan_militia","infantry","missile","","false","false","1"
"1","cuman","Turkestan","kok_royal_cav","kok_royal_cav","cavalry","missile","","false","false","2"
"1","cuman","Turkestan","uyghur_camel_cav","uyghur_camel_cav","cavalry","missile","","false","false","1"
"1","cuman","Turkestan","ghulja_inf","ghulja_inf","infantry","missile","","false","false","1"
"1","cuman","Turkestan","kok_cav","kok_cav","cavalry","light","","false","false","3"
"1","cuman","Turkestan","kok_rcav","kok_rcav","cavalry","light","","false","false","1"
"1","cuman","Turkestan","turkmen_inf","turkmen_inf","infantry","missile","","false","false","1"
"1","cuman","Turkestan","kashgar_inf","kashgar_inf","infantry","missile","","false","false","3"
"1","cuman","Turkestan","camel_wagon","camel_wagon","cavalry","missile","","false","false","1"
"1","bulga","Indian Princely States","indian_bow_cav","indian_bow_cav","cavalry","missile","","false","false","1"
"1","bulga","Indian Princely States","indian_spear_cav","indian_spear_cav","cavalry","light","","false","false","1"
"1","bulga","Indian Princely States","indian_heavy_banduqchis","indian_heavy_banduqchis","infantry","missile","","false","false","1"
"1","bulga","Indian Princely States","indian_new_musk","indian_new_musk","infantry","missile","","false","false","1"
"1","bulga","Indian Princely States","sikh_gen","sikh_gen","cavalry","light","","false","false","1"
"1","bulga","Indian Princely States","sikh_warriors","sikh_warriors","infantry","missile","","false","false","1"
"1","bulga","Indian Princely States","indian_fanatic","indian_fanatic","infantry","light","","false","false","1"
"1","bulga","Indian Princely States","indian_ele","indian_ele","cavalry","heavy","","false","false","1"
"1","bulga","Indian Princely States","india_militia","india_militia","infantry","missile","","false","false","1"
"1","cru","Siam","siam_ele_gunner","siam_ele_gunner","cavalry","heavy","","false","false","1"
"1","cru","Siam","siam_sea","siam_sea","infantry","missile","","false","false","1"
"1","cru","Siam","siam_sword_cav","siam_sword_cav","cavalry","light","","false","false","1"
"1","cru","Siam","siam_inf","siam_inf","infantry","missile","","false","false","2"
"1","cru","Siam","Siam_bodyguard","Siam_bodyguard","cavalry","light","","false","false","1"
"1","cru","Siam","Siam_Archers","Siam_Archers","infantry","missile","","false","false","1"
"1","cru","Siam","burmese_inf","burmese_inf","infantry","missile","","false","false","1"
"1","portugal","Netherlands","merc_aceh_marines","merc_aceh_marines","infantry","missile","","false","true","1"
"1","portugal","Netherlands","merc_aceh_noble","merc_aceh_noble","infantry","missile","","false","true","1"
"1","portugal","Netherlands","merc_aceh_reg","merc_aceh_reg","infantry","missile","","false","true","1"
"1","portugal","Netherlands","merc_aceh_gold","merc_aceh_gold","infantry","spearmen","","false","true","1"
"1","portugal","Netherlands","merc_aceh_warband","merc_aceh_warband","infantry","light","","false","true","1"
"1","portugal","Netherlands","merc_aceh_inf","merc_aceh_inf","infantry","missile","","false","true","1"
"1","byzantium","Qing","qing_baqi_gunmen","qing_baqi_gunmen","infantry","missile","","false","false","2"
"1","byzantium","Qing","qing_xiang_huai_mid","qing_xiang_huai_mid","infantry","missile","","false","false","1"
"1","byzantium","Qing","oirat_royal","oirat_royal","cavalry","light","","false","false","1"
"1","byzantium","Qing","qing_cavalry_general","qing_cavalry_general","cavalry","light","","false","false","1"
"1","byzantium","Qing","qing_green_banner_regulars","qing_green_banner_regulars","infantry","missile","","false","false","3"
"1","byzantium","Qing","qing_village_braves","qing_village_braves","infantry","light","","false","false","2"
"1","byzantium","Qing","qing_eight_banner_cavalry","qing_eight_banner_cavalry","cavalry","missile","","false","false","1"
"1","byzantium","Qing","mongol_hevcav","mongol_hevcav","cavalry","light","","false","true","4"
"1","russia","Russia","mongol_hevcav","mongol_hevcav","cavalry","light","","false","true","4"
"1","byzantium","Qing","korean_archers","korean_archers","infantry","missile","","false","true","1"
"1","saxons","Japan","korean_archers","korean_archers","infantry","missile","","false","true","1"
"1","byzantium","Qing","merc_tib_noble_cav","merc_tib_noble_cav","cavalry","missile","","false","true","1"
"1","byzantium","Qing","tib_militia","tib_militia","infantry","light","","false","true","2"
"1","byzantium","Qing","merc_tib_inf","merc_tib_inf","infantry","missile","","false","true","2"
"1","byzantium","Qing","tib_horse_archer","tib_horse_archer","cavalry","missile","","false","true","1"
"1","byzantium","Qing","tib_roy_inf","tib_roy_inf","infantry","missile","","false","true","1"
"1","byzantium","Qing","tib_tribal_archer","tib_tribal_archer","infantry","missile","","false","true","1"
"1","byzantium","Qing","tib_temple_guard","tib_temple_guard","infantry","light","","false","true","1"
"1","byzantium","Qing","tib_heavy_spear","tib_heavy_spear","infantry","spearmen","","false","true","1"
"1","byzantium","Qing","merc_kok_royal_cav","merc_kok_royal_cav","cavalry","light","","false","true","2"
"1","timurids","Afghanistan","merc_kok_royal_cav","merc_kok_royal_cav","cavalry","light","","false","true","2"
"1","russia","Russia","merc_kok_royal_cav","merc_kok_royal_cav","cavalry","light","","false","true","2"
"1","byzantium","Qing","merc_kashgar_inf","merc_kashgar_inf","infantry","missile","","false","true","2"
"1","byzantium","Qing","mercs_tib_monks","mercs_tib_monks","infantry","light","","false","true","1"
"1","byzantium","Qing","qing_green_banner_horse","qing_green_banner_horse","cavalry","heavy","","false","true","4"
"1","byzantium","Qing","Korean Gimagungsu","Korean_Gimagungsu","cavalry","missile","","false","true","1"
"1","saxons","Japan","Korean Gimagungsu","Korean_Gimagungsu","cavalry","missile","","false","true","1"
"1","byzantium","Qing","Korean Musketeers","Korean_Musketeers","infantry","missile","","false","true","2"
"1","saxons","Japan","Korean Musketeers","Korean_Musketeers","infantry","missile","","false","true","2"
"1","byzantium","Qing","Korean Pikemen","Korean_Pikemen","infantry","spearmen","","false","true","1"
"1","saxons","Japan","Korean Pikemen","Korean_Pikemen","infantry","spearmen","","false","true","1"
"1","papal_states","Ethiopia","fra_blacks_ab","fra_blacks_ab","infantry","missile","","false","false","1"
"1","papal_states","Ethiopia","eth_rifled_musketeers","eth_rifled_musketeers","infantry","missile","","false","false","2"
"1","papal_states","Ethiopia","merc_viet_early_inf","merc_viet_early_inf","infantry","light","","false","false","1"
"1","papal_states","Ethiopia","ethiopian_warband","ethiopian_warband","infantry","light","","false","false","2"
"1","papal_states","Ethiopia","aby_cav_1g","aby_cav_1g","cavalry","missile","","false","false","1"
"1","papal_states","Ethiopia","aby_grd_2g","aby_grd_2g","cavalry","light","","false","false","1"
"1","papal_states","Ethiopia","aby_inf_2g","aby_inf_2g","infantry","missile","","false","false","1"
"1","papal_states","Ethiopia","aby_roy_1g","aby_roy_1g","cavalry","missile","","false","false","1"
"1","papal_states","Ethiopia","Ethiopia Sudanese Musketeers","Ethiopia_Sudanese_Musketeers","infantry","missile","","false","true","2"
"1","papal_states","Ethiopia","Ethiopia Sudanese Warriors","Ethiopia_Sudanese_Warriors","infantry","light","","false","true","3"
"1","saxons","Japan","Japan Kachi","Japan_Kachi","infantry","spearmen","","false","false","1"
"1","saxons","Japan","Japan Yumitai","Japan_Yumitai","infantry","missile","","false","false","1"
"1","saxons","Japan","Japan Teppotai","Japan_Teppotai","infantry","missile","","false","false","1"
"1","saxons","Japan","Japan Seishi","Japan_Seishi","cavalry","heavy","","false","false","1"
"1","saxons","Japan","Japan Bodyguard Ezo","Japan_Bodyguard_Ezo","cavalry","light","","false","false","1"
"1","saxons","Japan","Japan Sampeitai","Japan_Sampeitai","infantry","missile","","false","false","1"
"1","saxons","Japan","Japan Shohotai","Japan_Shohotai","infantry","missile","","false","false","1"
"1","saxons","Japan","Japan Gakuheitai","Japan_Gakuheitai","infantry","missile","","false","false","1"
"1","saxons","Japan","Japan Denshutai","Japan_Denshutai","infantry","missile","","false","false","1"
"1","saxons","Japan","Japan Shinsengumi","Japan_Shinsengumi","infantry","missile","","false","false","1"
"1","saxons","Japan","Japan Denshutai Kihei","Japan_Denshutai_Kihei","cavalry","missile","","false","false","1"
"1","saxons","Japan","sho_mod_cav","sho_mod_cav","cavalry","light","","false","false","1"
"1","saxons","Japan","Japan Ainu Archers","Japan_Ainu_Archers","infantry","missile","","false","true","1"
"1","saxons","Japan","Japan Ainu Geberu","Japan_Ainu_Geberu","infantry","missile","","false","true","1"
"1","saxons","Japan","Japan Battotai","Japan_Battotai","infantry","light","","false","false","1"
"1","saxons","Japan","Japan Byakkotai","Japan_Byakkotai","infantry","missile","","false","false","1"
"1","saxons","Japan","Japan Denshutai 1870","Japan_Denshutai_1870","infantry","missile","","false","false","1"
"1","saxons","Japan","Japan Enomoto Takeaki","Japan_Enomoto_Takeaki","cavalry","light","","false","false","1"
"1","saxons","Japan","Japan Goshimpei 1870","Japan_Goshimpei_1870","infantry","missile","","false","false","1"
"1","saxons","Japan","Japan Goshimpei Hohei 1870","Japan_Goshimpei_Hohei_1870","infantry","missile","","false","false","1"
"1","saxons","Japan","Japan Goshimpei Kihei 1870","Japan_Goshimpei_Kihei_1870","cavalry","missile","","false","false","1"
"1","saxons","Japan","Japan Heimin Mob","Japan_Heimin_Mob","infantry","spearmen","","false","true","3"
"1","saxons","Japan","Japan Heimin Partisans Geberu","Japan_Heimin_Partisans_Geberu","infantry","missile","","false","true","1"
"1","saxons","Japan","Japan Hoppo Keibitai 1870","Japan_Hoppo_Keibitai_1870","infantry","missile","","false","false","1"
"1","saxons","Japan","Japan Ishin Shishi","Japan_Ishin_Shishi","infantry","heavy","","false","false","1"
"1","saxons","Japan","Japan Jules Brunet","Japan_Jules_Brunet","cavalry","light","","false","false","1"
"1","saxons","Japan","Japan Kaiso Shinsengumi","Japan_Kaiso_Shinsengumi","infantry","missile","","false","false","1"
"1","saxons","Japan","Japan Keishitai 1870","Japan_Keishitai_1870","infantry","missile","","false","false","1"
"1","saxons","Japan","Japan Kenyotai","Japan_Kenyotai","infantry","heavy","","false","false","1"
"1","saxons","Japan","Japan Rikuguntai 1870","Japan_Rikuguntai_1870","infantry","missile","","false","false","1"
"1","saxons","Japan","Japan Rikusentai 1870","Japan_Rikusentai_1870","infantry","missile","","false","false","1"
"1","saxons","Japan","Japan Ronin","Japan_Ronin","infantry","light","","false","true","1"
"1","saxons","Japan","Japan Ryukihei 1870","Japan_Ryukihei_1870","cavalry","missile","","false","false","1"
"1","saxons","Japan","Japan Ryukihei Shogun 1870","Japan_Ryukihei_Shogun_1870","cavalry","missile","","false","false","1"
"1","saxons","Japan","Japan Shinsenryodan","Japan_Shinsenryodan","infantry","missile","","false","false","1"
"1","saxons","Japan","Japan Shogitai","Japan_Shogitai","infantry","heavy","","false","false","1"
"1","saxons","Japan","Japan Shizoku","Japan_Shizoku","infantry","missile","","false","true","1"
"1","saxons","Japan","Japan Suzakutai 1870","Japan_Suzakutai_1870","infantry","missile","","false","false","1"
"1","saxons","Japan","Japan Takeda Ayasaburo","Japan_Takeda_Ayasaburo","cavalry","light","","false","false","1"
"1","saxons","Japan","Japan Tondenhei 1870","Japan_Tondenhei_1870","infantry","missile","","false","false","1"
"2","france","France","fra_maxim","fra_maxim","siege","missile","maxim","true","false","2"
"2","spain","Spain","fra_maxim","fra_maxim","siege","missile","maxim","true","false","2"
"2","sicily","Denmark","fra_maxim","fra_maxim","siege","missile","maxim","true","false","2"
"2","poland","Brazil","fra_maxim","fra_maxim","siege","missile","maxim","true","false","2"
"2","scotland","Mexico","fra_maxim","fra_maxim","siege","missile","maxim","true","false","2"
"2","aztecs","Argentina","fra_maxim","fra_maxim","siege","missile","maxim","true","false","2"
"2","england","Britain","col_12lb","col_12lb","siege","missile","12pound","true","true","2"
"2","france","France","col_12lb","col_12lb","siege","missile","12pound","true","true","2"
"2","portugal","Netherlands","col_12lb","col_12lb","siege","missile","12pound","true","true","2"
"2","france","France","fra_5lb","fra_5lb","siege","missile","mmortar","true","false","2"
"2","spain","Spain","fra_5lb","fra_5lb","siege","missile","mmortar","true","false","2"
"2","sicily","Denmark","fra_5lb","fra_5lb","siege","missile","mmortar","true","false","2"
"2","poland","Brazil","fra_5lb","fra_5lb","siege","missile","mmortar","true","false","2"
"2","scotland","Mexico","fra_5lb","fra_5lb","siege","missile","mmortar","true","false","2"
"2","aztecs","Argentina","fra_5lb","fra_5lb","siege","missile","mmortar","true","false","2"
"2","france","France","fra_150mm","fra_150mm","siege","missile","feldkanone","true","false","2"
"2","spain","Spain","fra_150mm","fra_150mm","siege","missile","feldkanone","true","false","2"
"2","sicily","Denmark","fra_150mm","fra_150mm","siege","missile","feldkanone","true","false","2"
"2","poland","Brazil","fra_150mm","fra_150mm","siege","missile","feldkanone","true","false","2"
"2","scotland","Mexico","fra_150mm","fra_150mm","siege","missile","feldkanone","true","false","2"
"2","aztecs","Argentina","fra_150mm","fra_150mm","siege","missile","feldkanone","true","false","2"
"2","spain","Spain","fra_armstrong","fra_armstrong","siege","missile","armstrong","true","false","2"
"2","sicily","Denmark","fra_armstrong","fra_armstrong","siege","missile","armstrong","true","false","2"
"2","poland","Brazil","fra_armstrong","fra_armstrong","siege","missile","armstrong","true","false","2"
"2","scotland","Mexico","fra_armstrong","fra_armstrong","siege","missile","armstrong","true","false","2"
"2","aztecs","Argentina","fra_armstrong","fra_armstrong","siege","missile","armstrong","true","false","2"
"2","russia","Russia","rus_maxim","rus_maxim","siege","missile","maxim","true","false","2"
"2","mongols","Greece","rus_maxim","rus_maxim","siege","missile","maxim","true","false","2"
"2","normans","Sweden-Norway","rus_maxim","rus_maxim","siege","missile","maxim","true","false","2"
"2","hungary","Austria-Hungary","rus_maxim","rus_maxim","siege","missile","maxim","true","false","2"
"2","hre","Prussia","rus_maxim","rus_maxim","siege","missile","maxim","true","false","2"
"2","hre","Prussia","rus_pompom","rus_pompom","siege","missile","pompom","true","false","2"
"2","russia","Russia","rus_5lb","rus_5lb","siege","missile","mmortar","true","false","2"
"2","mongols","Greece","rus_5lb","rus_5lb","siege","missile","mmortar","true","false","2"
"2","normans","Sweden-Norway","rus_5lb","rus_5lb","siege","missile","mmortar","true","false","2"
"2","hungary","Austria-Hungary","rus_5lb","rus_5lb","siege","missile","mmortar","true","false","2"
"2","hre","Prussia","rus_5lb","rus_5lb","siege","missile","mmortar","true","false","2"
"2","russia","Russia","rus_150mm","rus_150mm","siege","missile","feldkanone","true","false","2"
"2","mongols","Greece","rus_150mm","rus_150mm","siege","missile","feldkanone","true","false","2"
"2","normans","Sweden-Norway","rus_150mm","rus_150mm","siege","missile","feldkanone","true","false","2"
"2","hungary","Austria-Hungary","rus_150mm","rus_150mm","siege","missile","feldkanone","true","false","2"
"2","hre","Prussia","rus_150mm","rus_150mm","siege","missile","feldkanone","true","false","2"
"2","russia","Russia","rus_armstrong","rus_armstrong","siege","missile","armstrong","true","false","2"
"2","mongols","Greece","rus_armstrong","rus_armstrong","siege","missile","armstrong","true","false","2"
"2","normans","Sweden-Norway","rus_armstrong","rus_armstrong","siege","missile","armstrong","true","false","2"
"2","hungary","Austria-Hungary","rus_armstrong","rus_armstrong","siege","missile","armstrong","true","false","2"
"2","saxons","Japan","jap_maxim","jap_maxim","siege","missile","maxim","true","false","2"
"2","saxons","Japan","jap_12lb","jap_12lb","siege","missile","12pound","true","false","2"
"2","saxons","Japan","jap_5lb","jap_5lb","siege","missile","mmortar","true","false","2"
"2","saxons","Japan","jap_150mm","jap_150mm","siege","missile","feldkanone","true","false","2"
"2","bulga","Indian Princely States","ind_maxim","ind_maxim","siege","missile","maxim","true","false","2"
"2","bulga","Indian Princely States","ind_12lb","ind_12lb","siege","missile","12pound","true","false","2"
"2","bulga","Indian Princely States","ind_5lb","ind_5lb","siege","missile","mmortar","true","false","2"
"2","cuman","Turkestan","kok_maxim","kok_maxim","siege","missile","maxim","true","false","2"
"2","cuman","Turkestan","kok_12lb","kok_12lb","siege","missile","12pound","true","false","2"
"2","cuman","Turkestan","kok_5lb","kok_5lb","siege","missile","mmortar","true","false","2"
"2","saxons","Japan","sho_maxim","sho_maxim","siege","missile","maxim","true","false","2"
"2","papal_states","Ethiopia","eth_maxim","eth_maxim","siege","missile","maxim","true","false","2"
"2","papal_states","Ethiopia","eth_rifled_gun","eth_rifled_gun","siege","missile","12pound","true","false","2"
"2","saxons","Japan","sho_5lb","sho_5lb","siege","missile","mmortar","true","false","2"
"2","saxons","Japan","sho_150mm","sho_150mm","siege","missile","feldkanone","true","false","2"
"2","saxons","Japan","Japan Armstrong","Japan_Armstrong","siege","missile","armstrong","true","false","2"
"2","saxons","Japan","Japan Armstrong Han","Japan_Armstrong_Han","siege","missile","armstrong","true","false","2"
"2","milan","Confederates","csa_maxim","csa_maxim","siege","missile","maxim","true","false","2"
"2","teu","Boers","csa_maxim","csa_maxim","siege","missile","maxim","true","false","2"
"2","teu","Boers","csa_pompom","csa_pompom","siege","missile","pompom","true","false","2"
"2","milan","Confederates","csa_5lb","csa_5lb","siege","missile","mmortar","true","false","2"
"2","teu","Boers","csa_5lb","csa_5lb","siege","missile","mmortar","true","false","2"
"2","milan","Confederates","csa_150mm","csa_150mm","siege","missile","feldkanone","true","false","2"
"2","teu","Boers","csa_150mm","csa_150mm","siege","missile","feldkanone","true","false","2"
"2","milan","Confederates","csa_armstrong","csa_armstrong","siege","missile","armstrong","true","false","2"
"2","teu","Boers","csa_armstrong","csa_armstrong","siege","missile","armstrong","true","false","2"
"2","portugala","Union","usa_maxim","usa_maxim","siege","missile","maxim","true","false","2"
"2","denmark","Peru","usa_maxim","usa_maxim","siege","missile","maxim","true","false","2"
"2","portugala","Union","usa_pompom","usa_pompom","siege","missile","pompom","true","false","2"
"2","portugala","Union","usa_5lb","usa_5lb","siege","missile","mmortar","true","false","2"
"2","denmark","Peru","usa_5lb","usa_5lb","siege","missile","mmortar","true","false","2"
"2","portugala","Union","usa_150mm","usa_150mm","siege","missile","feldkanone","true","false","2"
"2","denmark","Peru","usa_150mm","usa_150mm","siege","missile","feldkanone","true","false","2"
"2","portugala","Union","usa_armstrong","usa_armstrong","siege","missile","armstrong","true","false","2"
"2","denmark","Peru","usa_armstrong","usa_armstrong","siege","missile","armstrong","true","false","2"
"2","england","Britain","eng_maxim","eng_maxim","siege","missile","maxim","true","false","2"
"2","venice","Italy","eng_maxim","eng_maxim","siege","missile","maxim","true","false","2"
"2","portugal","Netherlands","eng_maxim","eng_maxim","siege","missile","maxim","true","false","2"
"2","england","Britain","eng_pompom","eng_pompom","siege","missile","pompom","true","false","2"
"2","england","Britain","eng_5lb","eng_5lb","siege","missile","mmortar","true","false","2"
"2","venice","Italy","eng_5lb","eng_5lb","siege","missile","mmortar","true","false","2"
"2","portugal","Netherlands","eng_5lb","eng_5lb","siege","missile","mmortar","true","false","2"
"2","england","Britain","eng_150mm","eng_150mm","siege","missile","feldkanone","true","false","2"
"2","venice","Italy","eng_150mm","eng_150mm","siege","missile","feldkanone","true","false","2"
"2","portugal","Netherlands","eng_150mm","eng_150mm","siege","missile","feldkanone","true","false","2"
"2","venice","Italy","eng_armstrong","eng_armstrong","siege","missile","armstrong","true","false","2"
"2","portugal","Netherlands","eng_armstrong","eng_armstrong","siege","missile","armstrong","true","false","2"
"2","byzantium","Qing","byz_maxim","byz_maxim","siege","missile","maxim","true","false","2"
"2","cru","Siam","siam_maxim","siam_maxim","siege","missile","maxim","true","false","2"
"2","byzantium","Qing","byz_12lb","byz_12lb","siege","missile","12pound","true","false","2"
"2","cru","Siam","siam_12lb","siam_12lb","siege","missile","12pound","true","false","2"
"2","byzantium","Qing","byz_5lb","byz_5lb","siege","missile","mmortar","true","false","2"
"2","cru","Siam","siam_5lb","siam_5lb","siege","missile","mmortar","true","false","2"
"2","byzantium","Qing","byz_150mm","byz_150mm","siege","missile","feldkanone","true","false","2"
"2","turks","Ottoman","mus_maxim","mus_maxim","siege","missile","maxim","true","false","2"
"2","moors","Morocco","mus_12lb","mus_12lb","siege","missile","12pound","true","false","2"
"2","turks","Ottoman","mus_12lb","mus_12lb","siege","missile","12pound","true","false","2"
"2","golden","Oman","mus_12lb","mus_12lb","siege","missile","12pound","true","false","2"
"2","turks","Ottoman","mus_5lb","mus_5lb","siege","missile","mmortar","true","false","2"
"2","moors","Morocco","mus_gatling","mus_gatling","siege","missile","gatling","true","false","2"
"2","golden","Oman","mus_gatling","mus_gatling","siege","missile","gatling","true","false","2"
"2","turks","Ottoman","mus_150mm","mus_150mm","siege","missile","feldkanone","true","false","2"
"2","portugala","Union","uni_regulars_high","uni_regulars_high","infantry","missile","","false","false","2"
"2","portugala","Union","uni_national_guard_high","uni_national_guard_high","infantry","missile","","false","false","3"
"2","portugala","Union","uni_marines_high","uni_marines_high","infantry","missile","","false","false","1"
"2","portugala","Union","uni_dragoons_high","uni_dragoons_high","cavalry","missile","","false","false","1"
"2","portugala","Union","uni_general_staff","uni_general_staff","cavalry","light","","false","false","1"
"2","milan","Confederates","csa_state_guard_high","csa_state_guard_high","infantry","missile","","false","false","4"
"2","milan","Confederates","csa_regulars_high","csa_regulars_high","infantry","missile","","false","false","2"
"2","milan","Confederates","csa_state_cavalry_high","csa_state_cavalry_high","cavalry","missile","","false","false","1"
"2","milan","Confederates","csa_general_staff","csa_general_staff","cavalry","light","","false","false","1"
"2","teu","Boers","boer_mounted_kommando_high","boer_mounted_kommando_high","cavalry","missile","","false","false","1"
"2","scotland","Mexico","mex_army","mex_army","infantry","missile","","false","false","3"
"2","scotland","Mexico","mex_carbineers_high","mex_carbineers_high","cavalry","missile","","false","false","1"
"2","scotland","Mexico","mex_hussars","mex_hussars","cavalry","light","","false","false","1"
"2","scotland","Mexico","mex_state_guard_mid","mex_state_guard_mid","infantry","missile","","false","false","2"
"2","scotland","Mexico","mex_general_staff","mex_general_staff","cavalry","light","","false","false","1"
"2","scotland","Mexico","mex_provincial_levies","mex_provincial_levies","infantry","missile","","false","false","1"
"2","denmark","Peru","per_line_high","per_line_high","infantry","missile","","false","false","2"
"2","denmark","Peru","per_guard_high","per_guard_high","infantry","missile","","false","false","1"
"2","denmark","Peru","per_cazadores_high","per_cazadores_high","infantry","missile","","false","false","1"
"2","denmark","Peru","per_marines_high","per_marines_high","infantry","missile","","false","false","1"
"2","denmark","Peru","per_husares_junin","per_husares_junin","cavalry","light","","false","false","1"
"2","denmark","Peru","per_carabineros_torata","per_carabineros_torata","cavalry","missile","","false","false","1"
"2","denmark","Peru","per_general_staff","per_general_staff","cavalry","light","","false","false","1"
"2","poland","Brazil","bra_line_high","bra_line_high","infantry","missile","","false","false","3"
"2","poland","Brazil","bra_guard_high","bra_guard_high","infantry","missile","","false","false","1"
"2","poland","Brazil","bra_atiradores_high","bra_atiradores_high","infantry","missile","","false","false","1"
"2","poland","Brazil","bra_engineers_high","bra_engineers_high","infantry","missile","","false","false","1"
"2","poland","Brazil","bra_dragoons_high","bra_dragoons_high","cavalry","missile","","false","false","1"
"2","poland","Brazil","bra_general_staff","bra_general_staff","cavalry","light","","false","false","1"
"2","aztecs","Argentina","arg_line_high","arg_line_high","infantry","missile","","false","false","2"
"2","aztecs","Argentina","arg_national_guard_high","arg_national_guard_high","infantry","missile","","false","false","2"
"2","aztecs","Argentina","arg_tiradores_high","arg_tiradores_high","infantry","missile","","false","false","1"
"2","aztecs","Argentina","arg_cavalry_high","arg_cavalry_high","cavalry","missile","","false","false","1"
"2","aztecs","Argentina","arg_general_staff","arg_general_staff","cavalry","light","","false","false","1"
"2","scotland","Mexico","merc_us_farmers","merc_us_farmers","infantry","missile","","false","true","2"
"2","england","Britain","uk_hussars_high","uk_hussars_high","cavalry","light","","false","false","1"
"2","england","Britain","uk_dragoon_high","uk_dragoon_high","cavalry","heavy","","false","false","1"
"2","england","Britain","uk_camel_corps_high","uk_camel_corps_high","cavalry","missile","","false","false","1"
"2","england","Britain","uk_general","uk_general","cavalry","light","","false","false","1"
"2","england","Britain","uk_indian_lancers","uk_indian_lancers","cavalry","heavy","","false","false","1"
"2","england","Britain","uk_foot_high","uk_foot_high","infantry","missile","","false","false","1"
"2","england","Britain","uk_guard_high","uk_guard_high","infantry","missile","","false","false","1"
"2","england","Britain","uk_light_high","uk_light_high","infantry","missile","","false","false","1"
"2","england","Britain","uk_highlanders_high","uk_highlanders_high","infantry","missile","","false","false","1"
"2","england","Britain","uk_indian_foot_high","uk_indian_foot_high","infantry","missile","","false","false","1"
"2","england","Britain","uk_imperial_foot_high","uk_imperial_foot_high","infantry","missile","","false","false","1"
"2","england","Britain","uk_gurkhas_high","uk_gurkhas_high","infantry","missile","","false","false","1"
"2","spain","Spain","merc_port_inf_high","merc_port_inf_high","infantry","missile","","false","true","5"
"2","spain","Spain","merc_port_cav_high","merc_port_cav_high","cavalry","missile","","false","true","1"
"2","england","Britain","merc_bhutan_warrior","merc_bhutan_warrior","infantry","light","","false","true","1"
"2","bulga","Indian Princely States","ind_bhutan_warrior","ind_bhutan_warrior","infantry","light","","false","false","3"
"2","england","Britain","merc_papa_bows","merc_papa_bows","infantry","missile","","false","true","1"
"2","hre","Prussia","merc_papa_bows","merc_papa_bows","infantry","missile","","false","true","1"
"2","england","Britain","merc_burmese_inf","merc_burmese_inf","infantry","missile","","false","true","1"
"2","england","Britain","merc_maori_spearmen","merc_maori_spearmen","infantry","light","","false","true","2"
"2","england","Britain","merc_maori_musketeers","merc_maori_musketeers","infantry","missile","","false","true","2"
"2","england","Britain","merc_arab_sailors","merc_arab_sailors","infantry","missile","","false","true","2"
"2","england","Britain","merc_fra_blacks","merc_fra_blacks","infantry","missile","","false","true","1"
"2","venice","Italy","merc_fra_blacks","merc_fra_blacks","infantry","missile","","false","true","1"
"2","england","Britain","merc_eng_for_cav","merc_eng_for_cav","cavalry","missile","","false","true","1"
"2","spain","Spain","spa_inf_high","spa_inf_high","infantry","missile","","false","false","1"
"2","spain","Spain","spa_caz_high","spa_caz_high","infantry","missile","","false","false","1"
"2","spain","Spain","spa_milicia_nacional_high","spa_milicia_nacional_high","infantry","missile","","false","false","1"
"2","spain","Spain","spa_col_inf_high","spa_col_inf_high","infantry","missile","","false","false","1"
"2","spain","Spain","cuban_inf_high","cuban_inf_high","infantry","missile","","false","false","1"
"2","spain","Spain","spa_cav_high","spa_cav_high","cavalry","missile","","false","false","1"
"2","spain","Spain","spa_col_cav_mid","spa_col_cav_mid","cavalry","light","","false","false","1"
"2","spain","Spain","spa_cuirassiers_early","spa_cuirassiers_early","cavalry","heavy","","false","false","1"
"2","spain","Spain","civil_guard","civil_guard","cavalry","light","","false","false","1"
"2","spain","Spain","euro_hussars","euro_hussars","cavalry","light","","false","false","1"
"2","spain","Spain","austro_sailor_spain_high","austro_sailor_spain_high","infantry","missile","","false","false","1"
"2","france","France","fra_fusiliers_high","fra_fusiliers_high","infantry","missile","","false","false","1"
"2","france","France","fra_zouaves_high","fra_zouaves_high","infantry","missile","","false","false","1"
"2","france","France","fra_chasseurs_high","fra_chasseurs_high","infantry","missile","","false","false","1"
"2","france","France","fra_legion_high","fra_legion_high","infantry","missile","","false","false","1"
"2","france","France","fra_marins_high","fra_marins_high","infantry","missile","","false","false","1"
"2","france","France","fra_senegalais_high","fra_senegalais_high","infantry","missile","","false","false","1"
"2","france","France","fra_indochinois_high","fra_indochinois_high","infantry","missile","","false","false","1"
"2","france","France","fra_guard","fra_guard","infantry","missile","","false","false","1"
"2","france","France","fra_cuirassiers","fra_cuirassiers","cavalry","heavy","","false","false","1"
"2","france","France","fra_hussards","fra_hussards","cavalry","light","","false","false","1"
"2","france","France","fra_chasseurs_cheval","fra_chasseurs_cheval","cavalry","light","","false","false","1"
"2","france","France","fra_carabiniers_high","fra_carabiniers_high","cavalry","missile","","false","false","1"
"2","france","France","fra_spahis_high","fra_spahis_high","cavalry","missile","","false","false","1"
"2","france","France","fra_general_staff","fra_general_staff","cavalry","light","","false","false","1"
"2","hre","Prussia","pru_fusiliere_high","pru_fusiliere_high","infantry","missile","","false","false","1"
"2","hre","Prussia","pru_pioniere_high","pru_pioniere_high","infantry","missile","","false","false","1"
"2","hre","Prussia","pru_gardegrenadiere_high","pru_gardegrenadiere_high","infantry","missile","","false","false","1"
"2","hre","Prussia","pru_jaeger_high","pru_jaeger_high","infantry","missile","","false","false","1"
"2","hre","Prussia","pru_seesoldaten_high","pru_seesoldaten_high","infantry","missile","","false","false","1"
"2","hre","Prussia","pru_sturmpioniere_high","pru_sturmpioniere_high","infantry","missile","","false","false","1"
"2","hre","Prussia","pru_schutztruppe_high","pru_schutztruppe_high","infantry","missile","","false","false","1"
"2","hre","Prussia","pru_sturmtruppen_high","pru_sturmtruppen_high","infantry","missile","","false","false","1"
"2","hre","Prussia","pru_kuerassiere","pru_kuerassiere","cavalry","heavy","","false","false","1"
"2","hre","Prussia","pru_husaren","pru_husaren","cavalry","light","","false","false","1"
"2","hre","Prussia","pru_dragoner_high","pru_dragoner_high","cavalry","missile","","false","false","1"
"2","hre","Prussia","pru_kolonialreiter_high","pru_kolonialreiter_high","cavalry","missile","","false","false","1"
"2","hre","Prussia","pru_general_staff","pru_general_staff","cavalry","light","","false","false","1"
"2","portugal","Netherlands","net_line_high","net_line_high","infantry","missile","","false","false","1"
"2","portugal","Netherlands","net_grenadiers_high","net_grenadiers_high","infantry","missile","","false","false","1"
"2","portugal","Netherlands","net_jagers_high","net_jagers_high","infantry","missile","","false","false","1"
"2","portugal","Netherlands","net_mariniers_high","net_mariniers_high","infantry","missile","","false","false","1"
"2","portugal","Netherlands","net_schutterij_high","net_schutterij_high","infantry","missile","","false","false","1"
"2","portugal","Netherlands","net_knil_high","net_knil_high","infantry","missile","","false","false","1"
"2","portugal","Netherlands","net_dragonders","net_dragonders","cavalry","heavy","","false","false","1"
"2","portugal","Netherlands","net_huzaren","net_huzaren","cavalry","light","","false","false","1"
"2","portugal","Netherlands","net_karabiniers_high","net_karabiniers_high","cavalry","missile","","false","false","1"
"2","portugal","Netherlands","net_general_staff","net_general_staff","cavalry","light","","false","false","1"
"2","sicily","Denmark","dan_fod_high","dan_fod_high","infantry","missile","","false","false","3"
"2","sicily","Denmark","dan_guard_high","dan_guard_high","infantry","missile","","false","false","1"
"2","sicily","Denmark","dan_light_high","dan_light_high","infantry","missile","","false","false","1"
"2","sicily","Denmark","dan_marines_high","dan_marines_high","infantry","missile","","false","false","1"
"2","sicily","Denmark","dan_cuirassier","dan_cuirassier","cavalry","heavy","","false","false","1"
"2","sicily","Denmark","dan_hussars","dan_hussars","cavalry","light","","false","false","1"
"2","sicily","Denmark","dan_dragoon_high","dan_dragoon_high","cavalry","missile","","false","false","1"
"2","sicily","Denmark","dan_general","dan_general","cavalry","light","","false","false","1"
"2","normans","Sweden-Norway","swe_line_high","swe_line_high","infantry","missile","","false","false","1"
"2","normans","Sweden-Norway","nor_line_high","nor_line_high","infantry","missile","","false","false","1"
"2","normans","Sweden-Norway","swe_bevaring_high","swe_bevaring_high","infantry","missile","","false","false","1"
"2","normans","Sweden-Norway","swe_jagare_high","swe_jagare_high","infantry","missile","","false","false","1"
"2","normans","Sweden-Norway","swe_guard_high","swe_guard_high","infantry","missile","","false","false","1"
"2","normans","Sweden-Norway","nor_guard_high","nor_guard_high","infantry","missile","","false","false","1"
"2","normans","Sweden-Norway","swe_hussars","swe_hussars","cavalry","light","","false","false","1"
"2","normans","Sweden-Norway","swe_dragoons_high","swe_dragoons_high","cavalry","missile","","false","false","1"
"2","normans","Sweden-Norway","swe_lifeguard_horse","swe_lifeguard_horse","cavalry","heavy","","false","false","1"
"2","normans","Sweden-Norway","swe_general_staff","swe_general_staff","cavalry","light","","false","false","1"
"2","egypt","Qajar","qaj_tofangchi","qaj_tofangchi","infantry","missile","","false","false","1"
"2","egypt","Qajar","qaj_sarbaz_high","qaj_sarbaz_high","infantry","missile","","false","false","2"
"2","egypt","Qajar","qaj_guard_high","qaj_guard_high","infantry","missile","","false","false","1"
"2","egypt","Qajar","qaj_sharpshooters","qaj_sharpshooters","infantry","missile","","false","false","1"
"2","egypt","Qajar","qaj_austrian_corps","qaj_austrian_corps","infantry","missile","","false","false","1"
"2","egypt","Qajar","qaj_tribal_cavalry","qaj_tribal_cavalry","cavalry","light","","false","false","1"
"2","egypt","Qajar","qaj_cossack_brigade","qaj_cossack_brigade","cavalry","light","","false","false","1"
"2","egypt","Qajar","qaj_horse_guard","qaj_horse_guard","cavalry","light","","false","false","1"
"2","egypt","Qajar","qaj_general_staff","qaj_general_staff","cavalry","light","","false","false","1"
"2","mongols","Greece","gre_line_high","gre_line_high","infantry","missile","","false","false","1"
"2","mongols","Greece","gre_efedroi_high","gre_efedroi_high","infantry","missile","","false","false","1"
"2","mongols","Greece","gre_evzones_high","gre_evzones_high","infantry","missile","","false","false","1"
"2","mongols","Greece","gre_marines_high","gre_marines_high","infantry","missile","","false","false","1"
"2","mongols","Greece","gre_lancers","gre_lancers","cavalry","light","","false","false","1"
"2","mongols","Greece","gre_royal_escort","gre_royal_escort","cavalry","heavy","","false","false","1"
"2","mongols","Greece","gre_carbineers_high","gre_carbineers_high","cavalry","missile","","false","false","1"
"2","mongols","Greece","gre_general_staff","gre_general_staff","cavalry","light","","false","false","1"
"2","mongols","Greece","gre_sappers_high","gre_sappers_high","infantry","missile","","false","false","1"
"2","venice","Italy","ita_line_high","ita_line_high","infantry","missile","","false","false","1"
"2","venice","Italy","ita_milizia_high","ita_milizia_high","infantry","missile","","false","false","1"
"2","venice","Italy","ita_granatieri_high","ita_granatieri_high","infantry","missile","","false","false","1"
"2","venice","Italy","ita_bersaglieri_high","ita_bersaglieri_high","infantry","missile","","false","false","1"
"2","venice","Italy","ita_alpini_high","ita_alpini_high","infantry","missile","","false","false","1"
"2","venice","Italy","ita_marina_high","ita_marina_high","infantry","missile","","false","false","1"
"2","venice","Italy","ita_zappatori_high","ita_zappatori_high","infantry","missile","","false","false","1"
"2","venice","Italy","ita_arditi_high","ita_arditi_high","infantry","missile","","false","false","1"
"2","venice","Italy","ita_cavalleggeri","ita_cavalleggeri","cavalry","light","","false","false","1"
"2","venice","Italy","ita_lancieri","ita_lancieri","cavalry","light","","false","false","1"
"2","venice","Italy","ita_general_staff","ita_general_staff","cavalry","light","","false","false","1"
"2","venice","Italy","ita_carabinieri_high","ita_carabinieri_high","cavalry","missile","","false","false","1"
"2","russia","Russia","rus_pekhota_high","rus_pekhota_high","infantry","missile","","false","false","1"
"2","russia","Russia","rus_opolchenie_high","rus_opolchenie_high","infantry","missile","","false","false","1"
"2","russia","Russia","rus_leib_guard_high","rus_leib_guard_high","infantry","missile","","false","false","1"
"2","russia","Russia","rus_grenadery_high","rus_grenadery_high","infantry","missile","","false","false","1"
"2","russia","Russia","rus_strelki_high","rus_strelki_high","infantry","missile","","false","false","1"
"2","russia","Russia","rus_marines_high","rus_marines_high","infantry","missile","","false","false","1"
"2","russia","Russia","rus_sapery_high","rus_sapery_high","infantry","missile","","false","false","1"
"2","russia","Russia","rus_siberian_high","rus_siberian_high","infantry","missile","","false","false","1"
"2","russia","Russia","rus_draguny_high","rus_draguny_high","cavalry","missile","","false","false","1"
"2","russia","Russia","rus_kazaki_high","rus_kazaki_high","cavalry","missile","","false","false","1"
"2","russia","Russia","rus_gusary","rus_gusary","cavalry","light","","false","false","1"
"2","russia","Russia","rus_ulany","rus_ulany","cavalry","light","","false","false","1"
"2","russia","Russia","rus_guard_cuirassiers","rus_guard_cuirassiers","cavalry","heavy","","false","false","1"
"2","russia","Russia","rus_general_staff","rus_general_staff","cavalry","light","","false","false","1"
"2","russia","Russia","merc_mongol_bows","merc_mongol_bows","infantry","missile","","false","true","1"
"2","byzantium","Qing","merc_mongol_bows","merc_mongol_bows","infantry","missile","","false","true","1"
"2","hungary","Austria-Hungary","aus_line_high","aus_line_high","infantry","missile","","false","false","3"
"2","hungary","Austria-Hungary","aus_kaiserjaeger_high","aus_kaiserjaeger_high","infantry","missile","","false","false","1"
"2","hungary","Austria-Hungary","aus_landwehr_high","aus_landwehr_high","infantry","missile","","false","false","1"
"2","hungary","Austria-Hungary","aus_honved_high","aus_honved_high","infantry","missile","","false","false","1"
"2","hungary","Austria-Hungary","aus_bosniak_high","aus_bosniak_high","infantry","missile","","false","false","1"
"2","hungary","Austria-Hungary","aus_matrosen_high","aus_matrosen_high","infantry","missile","","false","false","1"
"2","hungary","Austria-Hungary","aus_dragoner_high","aus_dragoner_high","cavalry","missile","","false","false","1"
"2","hungary","Austria-Hungary","aus_husaren","aus_husaren","cavalry","light","","false","false","1"
"2","hungary","Austria-Hungary","aus_ulanen","aus_ulanen","cavalry","light","","false","false","1"
"2","hungary","Austria-Hungary","aus_general_staff","aus_general_staff","cavalry","light","","false","false","1"
"2","russia","Russia","merc_pol_hussars","merc_pol_hussars","cavalry","missile","","false","true","1"
"2","hre","Prussia","merc_pol_hussars","merc_pol_hussars","cavalry","missile","","false","true","1"
"2","russia","Russia","merc_polish_inf","merc_polish_inf","infantry","missile","","false","true","2"
"2","hre","Prussia","merc_polish_inf","merc_polish_inf","infantry","missile","","false","true","2"
"2","russia","Russia","merc_georgian_inf","merc_georgian_inf","infantry","missile","","false","true","2"
"2","russia","Russia","merc_serb_inf","merc_serb_inf","infantry","missile","","false","true","2"
"2","russia","Russia","georgian_inf_russia","georgian_inf_russia","infantry","missile","","false","false","1"
"2","moors","Morocco","mor_askar_high","mor_askar_high","infantry","missile","","false","false","3"
"2","moors","Morocco","mor_makhzen_high","mor_makhzen_high","infantry","missile","","false","false","1"
"2","moors","Morocco","mor_rif_high","mor_rif_high","infantry","missile","","false","false","1"
"2","moors","Morocco","mor_makhzen_cav_high","mor_makhzen_cav_high","cavalry","missile","","false","false","1"
"2","moors","Morocco","mor_tribal_levy","mor_tribal_levy","infantry","spearmen","","false","false","1"
"2","moors","Morocco","mor_guich_cavalry","mor_guich_cavalry","cavalry","light","","false","false","1"
"2","moors","Morocco","mor_hajjana","mor_hajjana","cavalry","missile","","false","false","1"
"2","moors","Morocco","mor_general_staff","mor_general_staff","cavalry","light","","false","false","1"
"2","teu","Boers","boer_kommando_high","boer_kommando_high","infantry","missile","","false","false","4"
"2","teu","Boers","csa_lancer_te","csa_lancer_te","cavalry","light","","false","false","1"
"2","teu","Boers","boer_wagon","boer_wagon","cavalry","missile","","false","false","1"
"2","teu","Boers","boer_guard","boer_guard","infantry","missile","","false","false","1"
"2","teu","Boers","merc_zulu_rifles","merc_zulu_rifles","infantry","missile","","false","true","3"
"2","lith","Zulu","zulu_royals","zulu_royals","infantry","light","","false","false","1"
"2","lith","Zulu","zulu_spearmen","zulu_spearmen","infantry","light","","false","false","1"
"2","lith","Zulu","zulu_guard","zulu_guard","infantry","light","","false","false","3"
"2","lith","Zulu","zulu_elite","zulu_elite","infantry","light","","false","false","1"
"2","lith","Zulu","zulu_rifles","zulu_rifles","infantry","missile","","false","false","1"
"2","turks","Ottoman","ott_nizamiye_high","ott_nizamiye_high","infantry","missile","","false","false","2"
"2","turks","Ottoman","ott_redif_high","ott_redif_high","infantry","missile","","false","false","2"
"2","turks","Ottoman","ott_avci_high","ott_avci_high","infantry","missile","","false","false","1"
"2","turks","Ottoman","ott_hassa_high","ott_hassa_high","infantry","missile","","false","false","2"
"2","turks","Ottoman","ott_bahriye_high","ott_bahriye_high","infantry","missile","","false","false","1"
"2","turks","Ottoman","ott_suvari_high","ott_suvari_high","cavalry","missile","","false","false","1"
"2","turks","Ottoman","ott_hassa_suvarisi","ott_hassa_suvarisi","cavalry","light","","false","false","1"
"2","turks","Ottoman","ott_mizrakli_suvari","ott_mizrakli_suvari","cavalry","light","","false","false","1"
"2","turks","Ottoman","ott_ertugrul_suvari","ott_ertugrul_suvari","cavalry","missile","","false","false","1"
"2","turks","Ottoman","ott_general_staff","ott_general_staff","cavalry","light","","false","false","1"
"2","papal_states","Ethiopia","mahdist_inf","mahdist_inf","infantry","light","","false","true","3"
"2","papal_states","Ethiopia","fra_blacks_az","fra_blacks_az","infantry","missile","","false","true","2"
"2","papal_states","Ethiopia","mahdist_camel_cav","mahdist_camel_cav","cavalry","missile","","false","true","1"
"2","papal_states","Ethiopia","mahdist_cav","mahdist_cav","cavalry","light","","false","true","1"
"2","golden","Oman","oma_baluchi_musketeers","oma_baluchi_musketeers","infantry","missile","","false","false","1"
"2","golden","Oman","oma_regular_high","oma_regular_high","infantry","missile","","false","false","2"
"2","golden","Oman","oma_palace_guard_high","oma_palace_guard_high","infantry","missile","","false","false","1"
"2","golden","Oman","oma_zanzibar_high","oma_zanzibar_high","infantry","missile","","false","false","1"
"2","golden","Oman","oma_bedouin_camelry","oma_bedouin_camelry","cavalry","missile","","false","false","1"
"2","golden","Oman","oma_horse_guard_high","oma_horse_guard_high","cavalry","light","","false","false","1"
"2","golden","Oman","oma_command_retinue","oma_command_retinue","cavalry","light","","false","false","1"
"2","timurids","Afghanistan","afg_lashkar_qawmi","afg_lashkar_qawmi","infantry","missile","","false","false","1"
"2","timurids","Afghanistan","afg_regular_high","afg_regular_high","infantry","missile","","false","false","1"
"2","timurids","Afghanistan","afg_ghilzai_nobles","afg_ghilzai_nobles","infantry","missile","","false","false","1"
"2","timurids","Afghanistan","afg_sharpshooters_high","afg_sharpshooters_high","infantry","missile","","false","false","1"
"2","timurids","Afghanistan","afg_kabul_guard_high","afg_kabul_guard_high","infantry","missile","","false","false","1"
"2","timurids","Afghanistan","afg_tribal_cavalry","afg_tribal_cavalry","cavalry","light","","false","false","1"
"2","timurids","Afghanistan","afg_regular_cavalry","afg_regular_cavalry","cavalry","light","","false","false","1"
"2","timurids","Afghanistan","afg_pashtun_camelry","afg_pashtun_camelry","cavalry","light","","false","false","1"
"2","timurids","Afghanistan","afg_general_staff","afg_general_staff","cavalry","light","","false","false","1"
"2","cuman","Turkestan","kok_royal_cav","kok_royal_cav","cavalry","missile","","false","false","2"
"2","cuman","Turkestan","uyghur_camel_cav","uyghur_camel_cav","cavalry","missile","","false","false","1"
"2","cuman","Turkestan","kok_cav","kok_cav","cavalry","light","","false","false","3"
"2","cuman","Turkestan","kok_rcav","kok_rcav","cavalry","light","","false","false","1"
"2","cuman","Turkestan","kok_inf","kok_inf","infantry","missile","","false","false","5"
"2","cuman","Turkestan","camel_wagon","camel_wagon","cavalry","missile","","false","false","1"
"2","bulga","Indian Princely States","indian_spear_cav","indian_spear_cav","cavalry","light","","false","false","1"
"2","bulga","Indian Princely States","indian_heavy_banduqchis","indian_heavy_banduqchis","infantry","missile","","false","false","1"
"2","bulga","Indian Princely States","indian_new_musk","indian_new_musk","infantry","missile","","false","false","1"
"2","bulga","Indian Princely States","sikh_gen","sikh_gen","cavalry","light","","false","false","1"
"2","bulga","Indian Princely States","sikh_warriors","sikh_warriors","infantry","missile","","false","false","1"
"2","bulga","Indian Princely States","indian_ele","indian_ele","cavalry","heavy","","false","false","1"
"2","bulga","Indian Princely States","india_militia","india_militia","infantry","missile","","false","false","1"
"2","cru","Siam","siam_ele_gunner","siam_ele_gunner","cavalry","heavy","","false","false","1"
"2","cru","Siam","fra_vietna","fra_vietna","infantry","missile","","false","false","1"
"2","cru","Siam","siam_sea","siam_sea","infantry","missile","","false","false","1"
"2","cru","Siam","siam_late_inf","siam_late_inf","infantry","missile","","false","false","3"
"2","cru","Siam","siam_late_cav","siam_late_cav","cavalry","missile","","false","false","1"
"2","cru","Siam","Siam_bodyguard","Siam_bodyguard","cavalry","light","","false","false","1"
"2","portugal","Netherlands","merc_aceh_marines","merc_aceh_marines","infantry","missile","","false","true","1"
"2","portugal","Netherlands","merc_aceh_noble","merc_aceh_noble","infantry","missile","","false","true","1"
"2","portugal","Netherlands","merc_aceh_reg","merc_aceh_reg","infantry","missile","","false","true","1"
"2","portugal","Netherlands","merc_aceh_gold","merc_aceh_gold","infantry","spearmen","","false","true","1"
"2","portugal","Netherlands","merc_aceh_warband","merc_aceh_warband","infantry","light","","false","true","1"
"2","portugal","Netherlands","merc_aceh_inf","merc_aceh_inf","infantry","missile","","false","true","1"
"2","byzantium","Qing","qing_baqi_gunmen","qing_baqi_gunmen","infantry","missile","","false","false","2"
"2","byzantium","Qing","oirat_royal","oirat_royal","cavalry","light","","false","false","1"
"2","byzantium","Qing","qing_cavalry_general","qing_cavalry_general","cavalry","light","","false","false","1"
"2","byzantium","Qing","qing_new_army","qing_new_army","infantry","missile","","false","false","1"
"2","byzantium","Qing","qing_village_braves","qing_village_braves","infantry","light","","false","false","2"
"2","byzantium","Qing","qing_green_banner_late","qing_green_banner_late","infantry","missile","","false","false","2"
"2","byzantium","Qing","qing_beiyang_infantry","qing_beiyang_infantry","infantry","missile","","false","false","1"
"2","byzantium","Qing","qing_eight_banner_cavalry","qing_eight_banner_cavalry","cavalry","missile","","false","false","1"
"2","byzantium","Qing","mongol_hevcav","mongol_hevcav","cavalry","light","","false","true","4"
"2","russia","Russia","mongol_hevcav","mongol_hevcav","cavalry","light","","false","true","4"
"2","byzantium","Qing","korean_archers","korean_archers","infantry","missile","","false","true","1"
"2","saxons","Japan","korean_archers","korean_archers","infantry","missile","","false","true","1"
"2","byzantium","Qing","merc_tib_noble_cav","merc_tib_noble_cav","cavalry","missile","","false","true","1"
"2","byzantium","Qing","tib_militia","tib_militia","infantry","light","","false","true","2"
"2","byzantium","Qing","merc_tib_inf","merc_tib_inf","infantry","missile","","false","true","2"
"2","byzantium","Qing","tib_horse_archer","tib_horse_archer","cavalry","missile","","false","true","1"
"2","byzantium","Qing","tib_roy_inf","tib_roy_inf","infantry","missile","","false","true","1"
"2","byzantium","Qing","tib_tribal_archer","tib_tribal_archer","infantry","missile","","false","true","1"
"2","byzantium","Qing","tib_temple_guard","tib_temple_guard","infantry","light","","false","true","1"
"2","byzantium","Qing","tib_heavy_spear","tib_heavy_spear","infantry","spearmen","","false","true","1"
"2","byzantium","Qing","merc_kok_royal_cav","merc_kok_royal_cav","cavalry","light","","false","true","2"
"2","timurids","Afghanistan","merc_kok_royal_cav","merc_kok_royal_cav","cavalry","light","","false","true","2"
"2","russia","Russia","merc_kok_royal_cav","merc_kok_royal_cav","cavalry","light","","false","true","2"
"2","byzantium","Qing","merc_kashgar_inf","merc_kashgar_inf","infantry","missile","","false","true","2"
"2","byzantium","Qing","mercs_tib_monks","mercs_tib_monks","infantry","light","","false","true","1"
"2","byzantium","Qing","qing_green_banner_horse","qing_green_banner_horse","cavalry","heavy","","false","true","4"
"2","byzantium","Qing","Korean Byeolgigun","Korean_Byeolgigun","infantry","missile","","false","true","1"
"2","saxons","Japan","Korean Byeolgigun","Korean_Byeolgigun","infantry","missile","","false","true","1"
"2","papal_states","Ethiopia","fra_blacks_ab","fra_blacks_ab","infantry","missile","","false","false","1"
"2","papal_states","Ethiopia","eth_rifled_musketeers","eth_rifled_musketeers","infantry","missile","","false","false","2"
"2","papal_states","Ethiopia","merc_viet_early_inf","merc_viet_early_inf","infantry","light","","false","false","1"
"2","papal_states","Ethiopia","ethiopian_warband","ethiopian_warband","infantry","light","","false","false","2"
"2","papal_states","Ethiopia","aby_cav_1g","aby_cav_1g","cavalry","missile","","false","false","1"
"2","papal_states","Ethiopia","aby_crb_3g","aby_crb_3g","cavalry","missile","","false","false","1"
"2","papal_states","Ethiopia","aby_grd_2g","aby_grd_2g","cavalry","light","","false","false","1"
"2","papal_states","Ethiopia","aby_inf_2g","aby_inf_2g","infantry","missile","","false","false","1"
"2","papal_states","Ethiopia","aby_nob_2g","aby_nob_2g","infantry","missile","","false","false","1"
"2","papal_states","Ethiopia","Ethiopia Sudanese Musketeers","Ethiopia_Sudanese_Musketeers","infantry","missile","","false","true","2"
"2","papal_states","Ethiopia","Ethiopia Sudanese Warriors","Ethiopia_Sudanese_Warriors","infantry","light","","false","true","3"
"2","saxons","Japan","Japan Bodyguard IJA","Japan_Bodyguard_IJA","cavalry","light","","false","false","1"
"2","saxons","Japan","Japan Bodyguard Ezo","Japan_Bodyguard_Ezo","cavalry","light","","false","false","1"
"2","saxons","Japan","sho_mod_cav","sho_mod_cav","cavalry","light","","false","false","1"
"2","saxons","Japan","Japan Ainu Archers","Japan_Ainu_Archers","infantry","missile","","false","true","1"
"2","saxons","Japan","Japan Ainu Minieru","Japan_Ainu_Minieru","infantry","missile","","false","true","1"
"2","saxons","Japan","Japan Battotai","Japan_Battotai","infantry","light","","false","false","1"
"2","saxons","Japan","Japan Denshutai 1880","Japan_Denshutai_1880","infantry","missile","","false","false","1"
"2","saxons","Japan","Japan Enomoto Takeaki","Japan_Enomoto_Takeaki","cavalry","light","","false","false","1"
"2","saxons","Japan","Japan Ezo Rikuguntai 1880","Japan_Ezo_Rikuguntai_1880","infantry","missile","","false","false","1"
"2","saxons","Japan","Japan Ezo Rikuguntai 1890","Japan_Ezo_Rikuguntai_1890","infantry","missile","","false","false","1"
"2","saxons","Japan","Japan Ezo Rikuguntai 1900","Japan_Ezo_Rikuguntai_1900","infantry","missile","","false","false","1"
"2","saxons","Japan","Japan Ezo Rikuguntai 1905","Japan_Ezo_Rikuguntai_1905","infantry","missile","","false","false","1"
"2","saxons","Japan","Japan Goshimpei 1880","Japan_Goshimpei_1880","infantry","missile","","false","false","1"
"2","saxons","Japan","Japan Goshimpei 1890","Japan_Goshimpei_1890","infantry","missile","","false","false","1"
"2","saxons","Japan","Japan Goshimpei 1900","Japan_Goshimpei_1900","infantry","missile","","false","false","1"
"2","saxons","Japan","Japan Goshimpei 1905","Japan_Goshimpei_1905","infantry","missile","","false","false","1"
"2","saxons","Japan","Japan Goshimpei Hohei 1880","Japan_Goshimpei_Hohei_1880","infantry","missile","","false","false","1"
"2","saxons","Japan","Japan Goshimpei Kihei 1880","Japan_Goshimpei_Kihei_1880","cavalry","missile","","false","false","1"
"2","saxons","Japan","Japan Goshimpei Kihei 1890","Japan_Goshimpei_Kihei_1890","cavalry","missile","","false","false","1"
"2","saxons","Japan","Japan Goshimpei Kihei 1900","Japan_Goshimpei_Kihei_1900","cavalry","missile","","false","false","1"
"2","saxons","Japan","Japan Goshimpei Kihei 1905","Japan_Goshimpei_Kihei_1905","cavalry","missile","","false","false","1"
"2","saxons","Japan","Japan Heimin Mob","Japan_Heimin_Mob","infantry","spearmen","","false","true","3"
"2","saxons","Japan","Japan Heimin Partisans Minieru","Japan_Heimin_Partisans_Minieru","infantry","missile","","false","true","1"
"2","saxons","Japan","Japan Hokuchin Butai 1890","Japan_Hokuchin_Butai_1890","infantry","missile","","false","false","1"
"2","saxons","Japan","Japan Hokuchin Butai 1900","Japan_Hokuchin_Butai_1900","infantry","missile","","false","false","1"
"2","saxons","Japan","Japan Hokuchin Butai 1905","Japan_Hokuchin_Butai_1905","infantry","missile","","false","false","1"
"2","saxons","Japan","Japan Hoppo Keibitai 1880","Japan_Hoppo_Keibitai_1880","infantry","missile","","false","false","1"
"2","saxons","Japan","Japan Jules Brunet","Japan_Jules_Brunet","cavalry","light","","false","false","1"
"2","saxons","Japan","Japan Kaiso Shinsengumi","Japan_Kaiso_Shinsengumi","infantry","missile","","false","false","1"
"2","saxons","Japan","Japan Keishitai 1870","Japan_Keishitai_1870","infantry","missile","","false","false","1"
"2","saxons","Japan","Japan Koheitai 1900","Japan_Koheitai_1900","infantry","heavy","","false","false","1"
"2","saxons","Japan","Japan Koheitai 1905","Japan_Koheitai_1905","infantry","heavy","","false","false","1"
"2","saxons","Japan","Japan Rikuguntai 1880","Japan_Rikuguntai_1880","infantry","missile","","false","false","1"
"2","saxons","Japan","Japan Rikuguntai 1890","Japan_Rikuguntai_1890","infantry","missile","","false","false","1"
"2","saxons","Japan","Japan Rikuguntai 1900","Japan_Rikuguntai_1900","infantry","missile","","false","false","1"
"2","saxons","Japan","Japan Rikuguntai 1905","Japan_Rikuguntai_1905","infantry","missile","","false","false","1"
"2","saxons","Japan","Japan Rikusentai 1880","Japan_Rikusentai_1880","infantry","missile","","false","false","1"
"2","saxons","Japan","Japan Rikusentai 1890","Japan_Rikusentai_1890","infantry","missile","","false","false","1"
"2","saxons","Japan","Japan Rikusentai 1900","Japan_Rikusentai_1900","infantry","missile","","false","false","1"
"2","saxons","Japan","Japan Ryukihei 1880","Japan_Ryukihei_1880","cavalry","missile","","false","false","1"
"2","saxons","Japan","Japan Ryukihei 1890","Japan_Ryukihei_1890","cavalry","missile","","false","false","1"
"2","saxons","Japan","Japan Ryukihei 1900","Japan_Ryukihei_1900","cavalry","missile","","false","false","1"
"2","saxons","Japan","Japan Ryukihei 1905","Japan_Ryukihei_1905","cavalry","missile","","false","false","1"
"2","saxons","Japan","Japan Ryukihei Shogun 1870","Japan_Ryukihei_Shogun_1870","cavalry","missile","","false","false","1"
"2","saxons","Japan","Japan Shizoku","Japan_Shizoku","infantry","missile","","false","true","1"
"2","saxons","Japan","Japan Suzakutai 1870","Japan_Suzakutai_1870","infantry","missile","","false","false","1"
"2","saxons","Japan","Japan Takeda Ayasaburo","Japan_Takeda_Ayasaburo","cavalry","light","","false","false","1"
"2","saxons","Japan","Japan Tondenhei 1880","Japan_Tondenhei_1880","infantry","missile","","false","false","1"
"2","byzantium","Qing","korean_rifles_mercs","korean_rifles_mercs","infantry","missile","","false","true","1"
"2","saxons","Japan","korean_rifles_mercs","korean_rifles_mercs","infantry","missile","","false","true","1"
"2","byzantium","Qing","korean_cav_mercs","korean_cav_mercs","cavalry","missile","","false","true","1"
"2","saxons","Japan","korean_cav_mercs","korean_cav_mercs","cavalry","missile","","false","true","1"
